address	kind	name	type	comment
0045c980	function	vm_run	uint __fastcall (VmThread *thread)	Interpreter loop: fetch an opcode, call its handler, until one returns 0. Nonzero once the thread has finished
0045b8d0	function	vm_thread_start	VmThread * __fastcall (ushort *block, VmThread *thread, byte deferred, uint *frame, byte trigger)	Starts a thread on a block, allocating one when thread is null; runs it now unless deferred
0045b960	function	vm_thread_alloc	VmThread * __fastcall (void)	Returns a free thread, its stack pointer set
0045b990	function	vm_threads_reset	void __fastcall (void)	Frees every thread
0045ba30	function	vm_thread_run	void __fastcall (VmThread *thread)	Runs a thread until it yields or finishes, unless it is waiting for a later clock value
0045d140	function	vm_run_timers	void __fastcall (void)	Counts the timers down once per clock tick, starting the parts of those that fire
0045bea0	function	vm_command	uint __fastcall (VmThread *thread)	Opcode handler: runs the command of the catalogue its operand names on the arguments on top of the stack, which it pops; the result takes the first argument's place and is the thread's result
0045bf20	function	vm_command_b	uint __fastcall (VmThread *thread)	Opcode handler: pops the arguments of a command of the second catalogue, whose stub gives 1
0045ce30	function	vm_install_commands	void __fastcall (void)	Installs the command catalogues and counts them
00452a80	function	catalogue_count	int __fastcall (VmFunction *catalogue)	Counts entries up to the first with no implementation
0045d8b0	function	vm_tag_component	void __fastcall (byte component, uint *slot)	Tags a stack slot with a component (push_component)
0045d890	function	vm_tags_clear	void __fastcall (void)	Empties the component tags; runs after every command
0045d950	function	vm_argument_component	byte __fastcall (uint index)	The component push_component named for the command's argument index, or 0xFF
0045baa0	function	part_run	void __fastcall (MissionPart *part)	Runs a part's block at once, on a new thread
0045d460	function	for_each_ship	void __fastcall (void *entity, uint *args, VmShipCommand *callback)	Runs a command's callback for each ship of a ship, flight group or squad record
004f6350	data	vm_dispatch_table	VmHandler *[86]	Opcode handler table
004f0f50	data	command_catalogue	VmFunction[96]	Executor commands, then an entry with no implementation
004f3ad0	data	command_catalogue_b	VmFunction	Second command catalogue: one command, Test_AI_Function (Test AI Function, two parameters), with no implementation, so catalogue_count counts none, then the empty record that ends it. command_b reads a record by its number whatever the count
004f6348	data	vm_threads	VmThread *	
00537590	data	vm_thread_pool	VmThread[32]	
004f6344	data	vm_timers	VmTimer *	
00537470	data	vm_timer_table	VmTimer[16]	
00537468	data	vm_timer_count	ushort	
00538c9c	data	vm_clock	uint	Seconds of mission time, which timers and waiting threads count by
00457c10	function	vm_clock_start	void __fastcall (void)	Zeroes vm_clock and starts the timer that advances it once a second
00458910	function	vm_clock_tick		Timer callback: advances vm_clock, unless the script debugger holds it or the game is paused
004a70f0	function	timer_start		Starts a periodic multimedia timer: 1000 / ECX milliseconds, clamped to what the device supports
00537570	data	vm_stack_top	uint *	Running thread's stack pointer
005373f0	data	vm_block_end	byte *	Running block's end, where its constants start (push_constant)
00537408	data	vm_store_target	uint *	Slot the last select_ opcode chose, for assign and the compound stores
00537578	data	vm_thread	VmThread *	Running thread
00537574	data	vm_finished	byte	Set by a return at call depth 0: the running thread is done
00537415	data	vm_thread_count	byte	Threads running
00537584	data	vm_command_flag	uint	Bit 0 of the command's mission flags, inverted, set before each command
00525f94	data	command_table	VmFunction *	Installed command catalogue
00525f98	data	command_count	ushort	
005267d4	data	command_table_b	VmFunction *	
00525fae	data	command_count_b	ushort	
00538c94	data	part_table	VmFunction *	Runtime parts, 256 entries
00538c98	data	part_table_b	VmFunction *	Runtime parts for script_b
004f6340	data	vm_component_tags	ComponentTag *	The components push_component named since the last command
00537420	data	vm_component_tag_list	ComponentTag[9]	
00451d90	function	mission_bind_sections	void * __fastcall (char *path)	Reads the mission file, binds each directory section to its pointer and count, resets the ships to their spawn places and makes the mission's tables
00452010	function	mission_ships_reset	void __fastcall (void)	Sets each mission ship's runtime position, yaw, pitch and roll to its spawn ones
00452100	function	mission_list_waypoints	void __fastcall (void)	Lists the waypoints (kind 0x3E5) in flight groups, a group at a time, in waypoints
00452db0	function	mission_resolve_objects	void __fastcall (void)	Fills object_records with the record each object table entry stands for
00452df0	function	mission_object_record	void * __fastcall (MissionObject *object)	The first ship, flight group or squad, by the entry's kind, whose object ID is the entry's
00452ec0	function	mission_list_group_ships	void __fastcall (void)	Lists each flight group's ships in flight_group_ships, setting the group's count and first place
00453050	function	mission_bind_tables	void __fastcall (void)	Makes the bound mission's tables: the part tables, the waypoints, the groups' ships, the object records and the trigger lists
0045a300	function	mission_file_read		Reads a mission file: the loose file where there is one, as it is, into a buffer of 0xFA000 bytes, or else the archive's member through hog_load
0045a3e0	function	file_read		Reads up to a count of bytes of a file into a buffer, ending them with 0x1A
0045a570	function	process_mission	void __fastcall (void)	Runs the mission's script for the frame: its timers and its threads
004ad6e0	function	file_exists	bool __fastcall (char *path)	Whether a file exists, through _access
004ef2f8	data	flight_group_ships	MissionShip **	Each flight group's ships, group after group
00525710	data	waypoints		The waypoints, a flight group and a ship each, grouped by flight group and ending with a pair of nulls
0052527e	data	waypoint_count	ushort	
00538c90	data	object_records	void **	The record each object table entry stands for, by object ID
00525f9a	data	mission_format_flags	byte	Set where any section has the first of the directory's four flags; nothing reads it
00525fa4	data	mission_format_flags_2	byte	The second flag, likewise
005267c6	data	mission_format_flags_3	byte	The third flag, likewise
005294e8	data	mission_format_flags_4	byte	The fourth flag, likewise
00529524	data	mission_image	void *	The bound mission's file, as mission_bind_sections read it
00587cdc	data	mission25_second_part	byte	Set once mission 25's first part is won: the next start plays mission251.dte
00452a20	function	mission_bind_section		Binds the next directory entry to a section's count and pointer, noting its format flags
0045cb40	function	mission_alloc_part_tables	void __fastcall (void)	Allocates the part tables, 256 entries each
0045cb80	function	mission_alloc_table		Frees and reallocates a table of count x size bytes
00452f50	function	mission_build_part_tables	void __fastcall (void)	Fills the runtime part tables from sections 8 and 17
00452fd0	function	mission_fill_part	void __fastcall (MissionPart *part, VmFunction *entry)	block = script + start * 2, arguments from the descriptor
00453020	function	part_in_table_b	uint __fastcall (MissionPart *part)	Whether a part descriptor lies outside section 8, in section 17
00525f3c	data	mission_operands_a		Section 1
005294f8	data	mission_globals	MissionGlobal *	Section 2
005267bc	data	mission_globals_count	ushort	
0052951c	data	mission_ships	MissionShip *	Section 3
00529504	data	mission_ships_count	ushort	
005267cc	data	mission_flight_groups	FlightGroup *	Section 4
005267c8	data	mission_flight_groups_count	ushort	
005294e0	data	mission_triggers	Trigger *	Section 5
00529506	data	mission_triggers_count	ushort	
00525f88	data	mission_script	byte *	Section 6, bytecode
005294f4	data	mission_script_halfwords	ushort	
005267c0	data	mission_objects	MissionObject *	Section 7, the object table, indexed by object ID
00525fac	data	mission_objects_count	ushort	
005267d0	data	mission_parts	MissionPart *	Section 8
00529518	data	mission_parts_count	ushort	
005294d8	data	mission_script_flags	byte *	Section 10, one flag per script byte
005294fc	data	mission_squads	Squad *	Section 12
005294f0	data	mission_squads_count	ushort	
00529500	data	mission_squad_members	SquadMember *	Section 13
00529520	data	mission_squad_members_count	ushort	
00525fb0	data	mission_curves	Curve *	Section 16: the mission's curves, 0x44 bytes each
005267c4	data	mission_curve_count	ushort	
005294ec	data	mission_parts_b	MissionPart *	Section 17
00529508	data	mission_parts_b_count	ushort	
00525fb4	data	mission_script_b	byte *	Section 18
00529510	data	mission_script_b_halfwords	ushort	
00525f9c	data	mission_command_flags	ushort *	Section 24, one per command
004529d0	function	mission_operand	void * __fastcall (ushort index, char bank)	Operand index of the table bank names: 0 section 1, 1 section 22, 2 section 26
00525278	data	mission_operands_b		Section 22, the second operand table
0052570c	data	mission_operands_c		Section 26, the third operand table
00525f18	data	mission_formations	Formation *	Section 14, the formations
005256b8	data	mission_formation_points	FormationPoint *	Section 15, the formations' points
0052527c	data	mission_formation_points_count	ushort	
00525f90	data	mission_command_flags_b	ushort *	Section 25, one per command_b entry
0045cbc0	function	mission_script_start	void __fastcall (void)	Installs conditions and commands, runs the start part, arms every trigger an object's slice holds
0045cea0	function	trigger_match	void __fastcall (ushort object, byte qualifier, Condition condition, uint *values, ushort count)	Fires the object's armed triggers whose condition, qualifier and operands match an event
0045d0d0	function	trigger_thread_running	bool __fastcall (Trigger *trigger)	Whether a thread the trigger started is still running, which keeps it from starting another
0045ce70	function	trigger_raise_event	void __fastcall (ushort object, byte qualifier, Condition condition, uint *values, ushort count)	Raises an event on an object, then resets condition_verdict
00453210	function	condition_raise		Asks the condition's handlers for a verdict, then raises the event on the flight group and the squads holding it
0045b7c0	function	event_post	void __fastcall (MissionShip *ship, byte qualifier, Condition condition, uint *values, byte count)	Queues an event on a ship, where one of the ship's own triggers would answer it (event_would_fire)
0045b690	function	event_post_group	void __fastcall (MissionShip *ship, Condition condition, byte count, uint *values, byte qualifier)	Queues an event on a ship, to be raised on its flight group and squads as well, where a trigger of the ship's, of its flight group's or of a squad's holding it would answer it
0045b840	function	events_flush	void __fastcall (void)	Raises every queued event, then empties the queue
0052abd8	data	event_queue		Events waiting for events_flush, 0x30 bytes each: QueuedEvent
005373e4	data	event_queue_count	uint	
0045a9b0	function	event_launched		Queues Launched for a live object's ship
0045a9e0	function	event_shot_at		Queues ShotAt: attacker, the victim's damage value twice, victim, and -1 for the weapon
0045aa60	function	event_destroyed		Queues Destroyed for a ship, or for one of its components, marking it destroyed
00404ee0	function	event_ship_reached		Raises ShipReached at once on a ship's object, with the ship given (trigger_raise_event)
0045ac60	function	mission_wings_build	void (void)	Lists each flight group whose byte at +0x08 names a wing, 0 to 2, in that wing's table, six slots each: its +0x09 ships from its first in the mission's ship list (+0x0C) take the slots from the first, each object getting the wing's number at +0x74C, and the slot after the last is set to -1
0045ac30	function	ship_object	GameObject * __fastcall (MissionShip *ship)	The live object of a mission ship
0045a970	function	object_ship	MissionShip * __fastcall (GameObject *object)	The mission ship of a live object, or null
0045ade0	function	object_component_index	uint __fastcall (GameObject *object, ModelNode *node)	A component's index among a live object's components, or 0xFF
00452cb0	function	ship_damage_value	int __fastcall (MissionShip *ship, byte component)	How much of its armour a ship has lost, in whole hundredths: its weakest quadrant's against six times its type's armour class, or a component's against what it starts with; 100 once any has run out
00452bb0	function	shot_at_group_begin		Zeroes the damage sums
00452bd0	function	shot_at_group_add		Adds a member's damage value to the sums
00452c00	function	shot_at_group_verdict		Replaces the event's damage values with the members' average; never vetoes
00452c40	function	destroyed_group_begin		Starts the verdict at true
00452c50	function	destroyed_group_add		Clears the verdict for a member, or its named component, not yet destroyed
00452ca0	function	destroyed_group_verdict		Returns the verdict
0045d800	function	cloak_group_add		Cloaked's and Decloaked's handler for each member: does nothing, so every event goes ahead. The one stub serves command_b too (0x0045BF20), which calls it in place of a command's implementation and so gives 1
0045d810	function	trigger_check_operand	bool __fastcall (EventValue *value, uint *operand, uint event_value, Trigger *trigger)	Checks one trigger operand against the event's value: any ship passes the players' ships, a number of the proximity conditions is an upper bound, else the two must be equal
004530a0	function	trigger_operand_value	uint __fastcall (uint kinds, uint operand)	What an operand stands for: a number as it is, 0xFFFFFFFE for any of the players' ships, else the record a reference names
004530d0	function	reference_resolve	void * __fastcall (uint reference)	The record a reference names
00453190	function	reference_tag	uint __fastcall (uint reference)	Bits 16 to 23 of a reference
00453100	function	reference_tag_kind	ushort __fastcall (ushort tag)	The object kind a reference tag selects; a fatal error for any other tag
00453150	function	object_record	void * __fastcall (uint kind, uint index)	A ship's, flight group's or squad's record by index
0045a440	function	fatal_error		Reports an emergency and exits the game
004531a0	function	trigger_index	uint __fastcall (Trigger *trigger)	Index of a trigger record
00453070	function	squad_index	uint __fastcall (Squad *squad)	Index of a squad record, or 0xFFFF
00452aa0	function	ship_flight_group	FlightGroup * __fastcall (MissionShip *ship)	The flight group a ship names, or null
0045cb20	function	ship_in_flight_group	uint __fastcall (MissionShip *ship, FlightGroup *group)	in_flight_group
00452ac0	function	object_in_squad	uint __fastcall (Squad *squad, ushort *object, uint tag)	in_squad: whether an object is in a squad, following nested squads
004f6698	data	condition_descriptors	ConditionDescriptor[35]	The condition catalogue
0052952c	data	condition_table	ConditionDescriptor *	Installed condition catalogue
00525f8c	data	condition_count	ushort	
00525f84	data	condition_verdict	byte	The condition handlers' verdict; 1 unless they vetoed the event, set again after each event and by mission_script_start
0053757c	data	trigger_current	Trigger *	Trigger the matcher is testing
00538ca0	data	event_values	ObjectEvents *	Each object's last events, which push_event_value reads
0045a4e0	function	init_mission	void (void)	Readies a mission: the event queue emptied, and mission_initialised set; asserts no mission is initialised
0045a530	function	destroy_mission	void (void)	Ends a mission: mission_initialised cleared; asserts one is initialised
005373e8	data	mission_initialised	short	Set by init_mission, cleared by destroy_mission
0045b4e0	function	event_would_fire	bool __fastcall (ushort object, byte qualifier, Condition condition, uint *values, ushort count)	Whether an event on an object would fire any of its triggers, as trigger_match finds them, whatever their threads; keeps the event for the object and gives its values to a free thread's locals
0045b330	function	event_queue_room	void (void)	With a thousand events queued, lists them and stops with Trigger List exceeded
0045aad0	function	event_scooped	void __fastcall (GameObject *object, int slot)	Posts ObjectScooped with the groups for an object's ship: the ship of the object in slot taken aboard
0045ab10	function	event_ripper_grabbed	void __fastcall (GameObject *object, int slot)	Posts RipperGrabbedObject with the groups for an object's ship: the ship of the object in slot
0045ab90	function	event_ripper_dropped	void __fastcall (GameObject *object, int slot)	Posts RipperDroppedObject with the groups for an object's ship: the ship of the object in slot
0045abd0	function	event_fixed_gate_jumped_in	void __fastcall (GameObject *object, int slot)	Posts FixedGateJumpedIn with the groups for an object's ship: the ship of the object in slot
0045b300	function	event_jumped_in	void __fastcall (GameObject *object)	Posts JumpedIn with the groups for an object's ship, as Jump In ends: the ship itself
0045ac10	function	event_post_ship_reached	void __fastcall (MissionShip *ship, MissionShip *reached)	Posts ShipReached on a ship for its own triggers: the ship that came within reach
00451180	function	event_camera_reached	void __fastcall (MissionShip *ship)	Posts CameraReached on a ship, where there is one
0045af60	function	mission_proximity_check	void (void)	Once the script's clock has ticked, after the timers: the watches of CloseProximity, Proximity and ShipReached look for ships close by
0045b170	function	mission_proximity_scan	bool __fastcall (MissionShip *ship, GameObject *object, float reach, Condition condition)	Posts a ship's CloseProximity or Proximity, or its ShipReached, for each other mission ship within the square root of reach; the ship and how far, in the ship's radii
0045ae10	function	mission_watch_lists	void (void)	Makes the watch lists of CloseProximity, Proximity and ShipReached from the trigger list, as mission_bind_tables ends
0045ae40	function	mission_watch_list	void __fastcall (void *list, Condition condition)	Makes one condition's watch list: each trigger of it, the object entry whose slice holds it, and a flag set; a trigger of the player's ship watches the other players' ships too
0045b2b0	function	watch_list_arm	void __fastcall (void *list, Trigger *trigger, byte armed)	Sets the flag of each watch of a trigger in one watch list
0045b2d0	function	watch_lists_arm	void __fastcall (Trigger *trigger, byte armed)	Sets the flag of each watch of a trigger in the three watch lists
00536dd8	data	watch_close		CloseProximity's watch list: 12 bytes a watch, the trigger, the object entry whose slice holds it and a flag; a null trigger ends it
00536758	data	watch_proximity		Proximity's watch list, as watch_close
0052a5d0	data	watch_reached		ShipReached's watch list, as watch_close
00453530	function	trigger_owner	void * __fastcall (Trigger *trigger)	The first object entry whose slice holds a trigger, or null
00453610	function	object_entry_id	uint __fastcall (void *entry)	The object ID of an entry of the object table
00453200	function	record_object_id	uint __fastcall (void *record)	The object ID a ship's, flight group's or squad's record starts with
004513a0	function	record_reference	uint __fastcall (void *record, byte tag)	The reference to a record of a tag: its index among the tag's records, 0xFFFF for null, the tag, and a top byte of 0xFF
004533d0	function	condition_squad_add	void __fastcall (Squad *squad, ConditionDescriptor *condition, MissionShip *ship, uint *values, ushort *count)	A squad's members for a condition's handler for each member, counting them: a ship as the component its membership names, each ship of a flight group whole, and a squad's own members in turn
0045d390	function	trigger_set_armed	void __fastcall (Trigger *trigger, byte armed)	Arms or disarms a trigger; arming gives it its count again from +0x1A
0045d910	function	vm_tag_matches	bool __fastcall (byte component)	Whether push_component named the component for any argument of the running command; with no tag naming it, whether it is 0xFF, the object itself
0045d300	function	cmd_SetTriggerState		Arms or disarms the triggers of a condition in an entity's slice, of a component named or of the entity itself, and their watches
0045d3a0	function	cmd_SetAnyTriggerState		Arms or disarms the one trigger of a condition an argument numbers in an entity's slice, its count left as it stands, and its watches
005294e6	data	shot_at_shield_total	ushort	ShotAt's handlers' total of a group's damage values, for the shield damage
0052950a	data	shot_at_hull_total	ushort	ShotAt's handlers' total of a group's damage values, for the hull damage; always shot_at_shield_total
00525f7c	data	destroyed_group_all	byte	Destroyed's handlers' verdict: whether every member counted so far is destroyed
00545860	data	collision_retrying	byte	Set while objects_collide tests a ship against a hull again after a first hit, which holds back the ShotAt of object_damage and object_armor_damage
005373f4	data	vm_last_jump	uint	vm_clock when player_jump last took a jump or a warp, which cmd_WhenPlayerLastJumped counts from; 0xFFFF from mission_script_start
00466500	function	stats_load_ships	void __fastcall (void)	Reads shipstats.bin into ship_flight_stats and ship_combat_stats
004788f0	function	stats_load_guns	void __fastcall (void)	Reads gunstats.bin to the end of the file into gun_stats, the first record into type 1
00494bc0	function	stats_load_missiles	void __fastcall (void)	Reads missilestats.bin into missile_flight_stats and missile_stats
0049cae0	function	stats_load_pilots	void __fastcall (void)	Fills pilot_stats with defaults, then applies pilotstats.bin
00415430	function	player_spectral_shields_set	void __fastcall (bool on)	Turns the player's spectral shields on or off, when the ship carries them (spectral_shields_state not -1): object flag 0x8000000 and spectral_shields_state. Turning them on tunes them, into the object's +0x670, to the gun type most dangerous near the player: it counts the guns of each hostile ship within range, weights each type's count by its first damage value, and takes the highest, leaving out types 13 and 14
004f9e70	data	ship_flight_stats	FlightModel[256]	
004fc670	data	ship_combat_stats	ShipCombat[256]	
00500ca4	data	gun_stats	GunStats[16]	Every gun type's figures. Type 0 is no gun, so stats_load_guns fills types 1 to 15 from gunstats.bin; the first five words of each record are the executable's own
00500fa0	data	turret_steps	void *[4]	Each turret kind step, which object_step_turrets runs for a gun by its kind: none for a fixed gun, turret_aimed_step, turret_spin_step and turret_missile_step
005636e8	data	turret_tracking	int	Set around turret_aimed_track aim test and cleared after it; nothing reads it
00500f64	data	gun_flash_ticks	int[15]	How long a muzzle's flash lasts, by gun type less one, which bullet_fire sets on the part it fires from
00508700	data	gun_sound_periods	int[16]	The steps a firing gun of each type goes between the sounds of its shots. The player's shots are all heard
005035e8	data	missile_flight_stats	FlightModel[11]	
005037a0	data	missile_stats	MissileStats[11]	Every missile type's figures: the executable's own words and what stats_load_missiles reads of missilestats.bin
0058a968	data	pilot_stats	PilotStats[194]	
00441aa0	function	loadout_load	void __fastcall (void *sr)	Loads the loadout as the briefing loads, but for mission 29: the tier raised to what the missions before reached, the ship and missile figures, ldsmp.fat, palette3, the ships' models with their green textures, the missiles' and gunships' with their red ones, their objects, the textures, the backdrop, fpanels.tga, the fonts, the disc, its glow, the panels and buttons placed, and the animations
00444f20	function	loadout_draw_stats	void __fastcall (TextureImage **texture, int ship, int face)	Makes the finfo texture where face is 5, else binfo: a ship's class at (2, 12) and access at (2, 32), the eight rows of loadout_stat_layout from y 57, 15 apart, labels upper-cased, and its specials upper-cased and wrapped at (2, 180), in handels.fnt through loadout_text_remap
00426600	function	loadout_ship_bars_init	void (void)	Starts the bar ranges from the first alliance and Coalition fighters of the ITAC lists, widens them over all 21 with loadout_ship_widen_ranges, then gives each fighter its bars with loadout_ship_bars
00426700	function	loadout_ship_widen_ranges	void __fastcall (void *fighter)	Takes an ITAC fighter's max speed, yaw rate (into the friendly or the other sides' range by its side), inertia, shield power, shield recharge and armour class into the bar ranges
00426790	function	loadout_ship_bars	void __fastcall (void *fighter)	Writes an ITAC fighter's bars, 3 to 10 segments each by range_scale, at +0x0E to +0x1A of its entry, and the low half of its afterburner fuel at +0x18
00426900	function	ease_in	float10 (int unused, float from, float to, float at)	From from to to by the square of at
00426920	function	ease_out	float10 (int unused, float from, float to, float at)	From from to to by the square root of at
00426950	function	ease_rise_fall	float10 (int falling, float from, float to, float at)	From from up to to and back over at from 0 to 1: by the square root of twice at over the first half and one less the square of twice the rest after; falling, the other way
0044b680	function	loadout_missile_bars_init	void (void)	Starts the missile ranges from type 0, widens them over the 11 types, then writes each type's locking seconds (lock_time * 0.01, truncated) and bars into the loadout_missiles record of its number, the eleventh past the table's end
0044b710	function	loadout_missile_widen_ranges	void __fastcall (int type)	Takes a missile type's speed, flight time times speed, and shield plus hull damage, but the Jackhammer's, into the missile ranges
0044b770	function	loadout_missile_bars	void __fastcall (int type)	Writes a missile type's speed and range bars (3 to 10) and damage bar (1 to 8) into the loadout_missiles record of its number: no locking time for the Screamer and the Solomon, a damage of 10 for the Jackhammer, none of the bars for type 10
004504c0	function	range_widen	void __fastcall (float *range, float value)	Widens a {min, max} pair to take in a value; a value below the least becomes the least without being compared with the most
004504f0	function	range_scale	int __fastcall (float *range, int low, int high, float exponent, float value)	Where a value stands from low to high: its share of the way from the least to the most, raised to exponent, times high - low, plus low, truncated; high where the least is the most
004ec020	data	loadout_stat_layout		A ship's eight rows, 8 bytes each: label string, kind byte (1 a number, 2 a bar of ten segments), suffix string or -1, and a byte telling missile_info_draw to show a figure of -1 as a dash
004e5470	data	loadout_alliance_ships		0x44 bytes per ship; ship index at +0x40
004e57a0	data	loadout_coalition_ships		
004ec278	data	loadout_ship_stats	int[8]	The first ship's figures, +0x1F8 of loadout_ships: its speed, acceleration, agility, shield power, shield recharge and armour bars and afterburner fuel, which loadout_load copies from its ITAC fighter, then its crew
00444d60	function	panel_title_draw	void __fastcall (TextureImage **texture, int ship, int face)	Makes the fpanels texture where face is 7, else bpanels: fpanels.tga's pixels, then SHIPS AND LOADOUT at (17, 4) and the ship's name upper-cased at (17, 28), in ld_handel.fnt through loadout_title_remap
00445b20	function	bar_segment_draw	void __fastcall (void *pane, int x0, int y0, int x1, int y1, char filled, int colour)	A bar's segment in palette entry 0xC9 with VFX_line_draw: filled, a line along each row from y0 to y1 - 1; else its outline, rows y0 and y1 taken; the colour argument is not read
004436b0	function	loadout_palette	void (void)	Gives the device palette3 and its colour cube, and makes VFX's global palette of palette3 in the screen's pixel format, colour bits only
00446160	function	loadout_image_convert	void __fastcall (TextureImage *image)	image_convert to the device's texture pixel format (sr + 0x1612), reached through the loadout's GenILib interface
004497f0	function	slots_set	void __stdcall (float unused)	Sets loadout_chosen_slot to (23, -23, -6) and the twelve loadout_arc_slots from (-98, -23, -1) round to (96, -23, -1); its argument is not read
0044b5e0	function	loadout_placements	void (void)	Puts the camera at (-2.8, -6.5, -16.85), turned by (-0.368, 0.067, 0.03), then each object loadout_placement_table names at its position, turned by its angles
00444760	function	loadout_ships_create	void (void)	Makes the objects of the ships the loadout offers: as many as the more of loadout_ships_by_tier and loadout_ships_by_rank say, the first in arc slot (12 - n) / 2
004ec080	data	loadout_ships		The loadout's 12 ships, 0x22C bytes each, a ship's index its type: name string, model (250 bytes), guns model at +0xFC (250 bytes), class byte at +0x1F6, access byte at +0x1F7, eight figures from +0x1F8, specials bits at +0x218, four guns of a string and a count at +0x21C ending at -1
004ec060	data	loadout_missile_layout		A missile's four rows, laid out as loadout_stat_layout's: Locking Time, Speed, Range, Damage
004edaa0	data	loadout_missiles		The loadout's 10 missiles, 0x110 bytes each: name string, model (250 bytes), description string at +0xFC, then its locking seconds and speed, range and damage bars from +0x100, which loadout_missile_bars_init writes
004eda90	data	loadout_special_names	short[8]	The strings that name a ship's specials, bit by bit: Reverse Thrust, Constant ECM, Tractor Beam, Nova Cannon, Spectral Shields, Blind Fire, Cloaking Device, Super Charge
004ee540	data	loadout_gun_descriptions	short[55]	The guns 0x238 to 0x242, five strings each: power, kind, range, fire rate, and energy drain or -1; guns_draw runs them together into a sentence
004ea2d8	data	loadout_ship_scales	float[12]	The scale the hologram shows each ship's model at
004ea308	data	loadout_text_remap	byte[16]	The palette3 entries the info panels' text takes for each coverage level: 0xFF, clear, for level 0, then greens up to 0xC9, the bars' colour
00523d64	data	loadout_title_remap	byte[16]	loadout_text_remap the other way round, which loadout_load makes, level 0 clear and level 15 black: the title's colours
004ea408	data	loadout_ships_by_tier	int[4]	How many ships each campaign tier offers: 4, 7, 10, 12
004ea418	data	loadout_ships_by_rank	int[9]	How many ships each pilot rank offers: 4 to 12
004ea448	data	loadout_missile_masks	uint[4]	The missiles each campaign tier adds, a bit per missile; loadout_load ORs each with those before it
004ea458	data	loadout_missile_limits	int[10]	The most of each missile a ship carries and has in flight at once: 999, but 3 Jackhammers
004ea480	data	loadout_missile_slots	int[40]	For each campaign tier, the arc slot each missile's icon takes on the missiles page, or -1 where the tier doesn't offer it
004ea520	data	loadout_placement_table		The scene's objects, 0x2C bytes each: a name of up to 20 bytes, a position at +0x14 and angles at +0x20, ending at an empty name
0051d38c	data	ship_speed_range	float[2]	The least and the most max speed of the ITAC's fighters, which the loadout's speed bars measure against
0051d3a4	data	ship_agility_range	float[2]	The least and the most yaw rate of the ITAC's fighters on the player's side
0051d42c	data	ship_other_agility_range	float[2]	The least and the most yaw rate of the ITAC's fighters on the other sides
0051d3b4	data	ship_acceleration_range	float[2]	The least and the most inertia of the ITAC's fighters
0051d440	data	ship_shield_power_range	float[2]	The least and the most shield power of the ITAC's fighters
0051d438	data	ship_shield_recharge_range	float[2]	The least and the most shield recharge of the ITAC's fighters
0051d3ac	data	ship_armor_range	float[2]	The least and the most armour class of the ITAC's fighters
0052375c	data	missile_speed_range	float[2]	The least and the most speed of the missile types
00524728	data	missile_range_range	float[2]	The least and the most flight time times speed of the missile types
00524738	data	missile_damage_range	float[2]	The least and the most shield plus hull damage of the missile types, the Jackhammer's left out
005240b0	data	loadout_arc_slots		The twelve slots round the disc's arc, 0x1C bytes each, a position at +4, which slots_set sets
005245f0	data	loadout_chosen_slot		The chosen ship's slot, a position at +4, which slots_set sets
00523964	data	loadout_title_font	void *	ld_handel.fnt, opened: the title's font
00523724	data	loadout_info_font	void *	handels.fnt, opened: the info panel's font
00524258	data	loadout_palette3	byte *	palette3.tga's palette, which the device and VFX take while the loadout runs
005246d0	data	loadout_colour_cube	void *	palette3.ccb, the colour cube the device takes with palette3
00523960	data	loadout_panels_pixels	uint *	fpanels.tga's pixels, top row first, which panel_title_draw copies into each title texture
00523ac0	data	loadout_vfx_window	void *	The VFX window the panel functions build over a texture's pixels
00523cec	data	loadout_vfx_pane	void *	The VFX pane over the whole of loadout_vfx_window
00594858	data	vfx_string_draw	void *	VFX_string_draw, looked up out of the VFX library
0044b870	function	missiles_available	void (void)	Shows the icon of each missile the campaign tier offers while fewer than its limit (loadout_missile_limits) are on the ship or in flight, and hides the others
00424460	function	cursor_create	void * __fastcall (void *texture)	GenILib's 3D cursor: its mesh textured, lit and opaque, a lit scene object named Cursor Mesh at z -20 and scale 3, made the interface's cursor, and an I3DOBJECT that is not clickable over it, added on layer 2 into the scene
004244e0	function	cursor_mesh_build	void * (void)	The 3D cursor's mesh: ten triangles over seven vertices, a small pointer from its tip at the origin to 2.4 down Y, texture coordinates all nought
00426a30	function	i3dobject_create	void * __fastcall (int kind, char *tooltip, char clickable)	An I3DOBJECT, 0x48 bytes: its kind, a copy of the tooltip where given (30 bytes), clickable or not, shown, standing for nothing yet
00426b30	function	i3dobject_hit_tree	bool __fastcall (void *node, int x, int y)	Whether the pointer lies on a projected triangle of any shown part of a GameObject's node tree
00426dd0	function	frect_holds	bool __fastcall (void *rect, int x, int y)	Whether a point lies within a FRECT, its edges included
00426e20	function	i3dobject_hit	bool __fastcall (void *object, int x, int y)	Whether the pointer lies on an I3DOBJECT: within its rectangle first, then on a triangle of its projected mesh or its tree's
00427080	function	point_in_triangle	bool __fastcall (int x, int y, float *a, float *b, float *c)	Whether a point lies within a triangle on the screen, edges included; a triangle of doubled area under 1e-4 holds nothing
004271c0	function	i3dobject_rect_update	void __fastcall (void *object)	Makes a tree object's screen rectangle again round every corner of its parts' drawn polygons
00427200	function	i3dobject_rect_grow	void __fastcall (void *object, void *node)	Grows a tree object's rectangle round a node's drawn polygons, and its children's
004274f0	function	i3dkeyinfo_create	void * (void)	An I3DKEYINFO, 0x2C bytes: place and angles nought, scale 1, no vertices or colours
00427570	function	i3dframe_create	void * __fastcall (void *anim)	An I3DFRAME, 0x34 bytes, of an animation: no eases and no key yet
004275d0	function	i3dframe_key	void __fastcall (void *frame, void *scene_object)	Gives a frame its key: the scene object's place, the angles in ESI, the scale in EBX, and a copy of its mesh's vertices
004276a0	function	i3dframe_step	void * __fastcall (void *frame, int now)	Moves a frame's object each eased property of the way from its key to the next frame's, by the time since the frame began over its length; calls the step and share callbacks; at its end, the next frame or i3dframe_end
004279b0	function	i3dframe_end	void * __fastcall (void *frame, int now)	A frame's end: the frame to go on to, where there is one; at the animation's last, played again, turned round, or ended with its end callback
00427a40	function	i3danim_create	void * __fastcall (int user)	An I3DANIM, 0x5C bytes, with no frames, reset to play forward
00427a90	function	i3danim_free	void __fastcall (void *anim)	Frees an animation and its frames
00427ac0	function	i3danim_reset	void __fastcall (void *anim, int direction)	Stops an animation to play the given way from its start: no frame playing, its share not reached, each frame's last scale that of the key it starts from
00427b10	function	i3danim_step	void __fastcall (void *anim)	Steps the frame playing, starting the next where it ends into one
00427b30	function	i3danim_add_frame	void __fastcall (void *anim, void *frame)	Adds a frame after an animation's last
00427b60	function	i3danim_start	void __fastcall (void *anim)	Plays an animation from its first frame forward or the one before its last going back, where no frame plays, the frame starting now
00427bb0	function	i3danim_stop	void __fastcall (void *anim)	Stops an animation where it is
00427bd0	function	iinterface_create	void * __fastcall (void *sr)	An IINTERFACE, 0x60 bytes, over sr: no objects or animations, the pointer at (320, 240), not busy
00427c30	function	iinterface_free	void __fastcall (void *iinterface)	Frees an interface
00427c40	function	iinterface_frame	void __fastcall (void *iinterface, void *mouse)	Steps every animation, then, unless the interface is busy, follows the pointer
00427c70	function	iinterface_add_object	void __fastcall (void *iinterface, void *object, int layer, char to_scene)	Adds an object at the end of the list; where asked and shown, puts it in the scene on the layer and names it after its scene object, or its tree's first part
00427d90	function	iinterface_remove_object	void __fastcall (void *iinterface, void *object)	Takes an object out of the list; it is no longer the one hovered or pressed
00427de0	function	iinterface_add_anim	void __fastcall (void *iinterface, void *anim)	Adds an animation at the end of the list
00427e10	function	iinterface_remove_anim	void __fastcall (void *iinterface, void *anim)	Takes an animation out of the list
00427e40	function	iinterface_object_at	void * __fastcall (void *iinterface, int index)	The object at a place in the list
00427e50	function	iinterface_object_index	int __fastcall (void *iinterface, void *object)	An object's place in the list, or -1
00427e70	function	iinterface_step_anims	void __fastcall (void *iinterface)	Steps every animation of the list
00427ea0	function	iinterface_pointer	void __fastcall (void *iinterface, void *mouse)	Follows the pointer: moves it by the mouse and keeps it on the screen, calls the press of the first clickable object under it and the release of the pressed one, makes the object under it the hovered one, and puts the 3D cursor 1.5 before the camera at its place, spinning once every 1200 ms
004281e0	function	iinterface_scene	void __fastcall (void *iinterface, char clickable)	Empties the scene but for its lights and puts each object shown in it, or with clickable each clickable one too
00428250	function	object_face_camera	void __fastcall (void *scene_object, void *camera)	Turns a scene object with the camera about its place
00428290	function	ifuncstack_push	void __fastcall (void *iinterface, void *function, void *argument)	Pushes a function and its argument, to be called once an animation ends
004282e0	function	ifuncstack_run	void __fastcall (void *iinterface)	Calls the function last pushed and takes it off the stack, if any
00428300	function	node_tree_scale_all	void __fastcall (void *node, float factor)	node_tree_scale with flags 3: the scene objects' scales and their places
00428320	function	node_tree_scale	void __fastcall (void *node, int flags, float factor)	Scales each part of a node tree by a factor, and its place from what it hangs from with it (node_scale)
00428390	function	node_scale	void __fastcall (void *node, int flags, float factor)	A child node's part scaled, and its children's
004c1ab0	function	sr_atan2_pair	float __stdcall (float y, float x)	sr_atan2 of its two arguments, passed on as they are; it pops its own arguments too
00442720	function	loadout_enter	void __fastcall (void *sr)	Once the movie into the hologram has played: near plane 1, far 1000, palette3 given to the device, page 1, the backdrop as the device's background, the five lights, the ships placed, loadout.ut spoken in mission 1, the CAMERA object, the ships scaled back from the arc's share, the first Button Appears and the intro started, the four portals made
00442cc0	function	loadout_leave	void (void)	Writes the chosen ship and its racks to player_loadouts and the racks to the campaign's saved loadout; frees the textures, fonts, objects, animations, lights, portals and models; gives the device its palette back; ends every sound and reads stdsmp.fat again
004433c0	function	loadout_frame	bool __fastcall (int now, void *mouse)	A frame of the loadout: mission 1's exit blinking, mission 23's ships but the Shroud put away, the scene made, the interface stepped, the cursor shown while not busy, the ships' rectangles made again once due, the red light faded, the chosen ship turned, the hover's sound, the portals put in the scene, O's screenshot; returns loadout_running
00443760	function	loadout_resume	void (void)	After the in-game options' BACK: palette3 again, and once the disc has spun in, the page's still part grabbed as the background again and the interface free
004439d0	function	loadout_reset	void (void)	Clears the loadout's globals and picks the chosen ship: the Shroud in mission 23, the Predator in mission 1, the campaign's saved one otherwise
00443bb0	function	loadout_scene	void __fastcall (char shown_trees)	Empties the scene but for its lights and puts the interface's objects shown in it, and every tree unless shown_trees
00443c20	function	loadout_panels_create	void (void)	The panels' textures drawn with the chosen ship; PnlShipInfo, PnlShipName and PnlPageTitle; the six buttons with their tooltips, press and releases, too small to see until they appear; the two scrollers facing away; the ship clipper and the panel clip object; the two Flip Shipinfo animations
00444310	function	loadout_disc_create	void (void)	The disc: a square of 20 in four quarters textured plate-nw to plate-se, unlit and added, named Disc and clickable; the placements; Spin Disc
00444720	function	loadout_glow_create	void (void)	Disc Glow, a 10 square of hologlow, and Glow Appears
00444830	function	loadout_intro	void (void)	The interface busy; each ship a thousandth of its size at the coarse level, the chosen one at its finest; Spin Disc, Glow Appears, every Ship zooms with disc and the panels' zooms started; the hum looping and the intro's sound
00444980	function	panel_create	void * __fastcall (char *name, void *front, float width, float height, float top, float left, float bottom, float right, void *back, char two_sided)	A textured square of the hologram: mesh_build_square, the texture over the given part of the image each edge half a texel on, the back's turned round, unlit and added; a scene object of the name and a clickable I3DOBJECT named Panel added into the scene
00445bd0	function	ship_object_create	void __thiscall (int ship, float x, float y, float z)	A ship's GameObject of its model, type -1, its parts added and linked, placed; every group lit and opaque, the parts' levels taken away, a Missiles texture swapped for gmissiles
00445fe0	function	node_tree_lit_blend	void __fastcall (void *node, char lit, char blend)	Every group of the drawn mesh of each part of a node tree made one pass, lit or not and blended as asked
00446070	function	node_tree_light_mask	void __fastcall (void *node, uint mask)	Every part's light mask set
00446180	function	capture_background	void * (void)	Renders the scene with nothing under the pointer, presents it and grabs the screen as an image of palette3, which becomes the device's background
004461e0	function	anim_spin_disc	void * __fastcall (void *disc)	Spin Disc: the disc spinning in over 2000 ms from the glow's place 2 nearer the camera, a turn behind about Z and a thousandth of its size; ships_place each step; its end 0x004466C0
00446310	function	anim_ship_zoom	void * __fastcall (int ship)	Ship zooms with disc: a ship growing a thousand times over 2000 ms, easing in
004463e0	function	anim_button_appears	void * __fastcall (void *button)	Button Appears: a button flying out of the glow over 500 ms, a turn about Y and growing from a thousandth; at a fifth of its way 0x00446670
00446510	function	anim_glow_appears	void * __fastcall (void *glow)	Glow Appears: the glow growing from a thousandth over 2000 ms, eased by the cosine
00446670	function	button_appears_next	void __fastcall (void *anim)	Button Appears at a fifth of its way: the next of the first four buttons' appearing started the same way
004466c0	function	spin_disc_end	void __fastcall (void *anim)	Spin Disc's end: spun away, sound 6 and loadout_running cleared; spun in, the ship page built, the still part grabbed as the background, the cursor made and the chosen ship's missiles fitted
00446ef0	function	select_ship_end	void __fastcall (void *anim)	Select Ship's end: the turn from now, the interface free, the attached missiles freed and the tier's default fitted, and a waiting guns view opened
00446f70	function	deselect_ship_end	void __fastcall (void *anim)	Deselect Ship's end: the interface free, and each ship's rectangle made again
004470f0	function	ships_hide_but_chosen	void (void)	Puts away every ship but the chosen
00447130	function	missiles_hide	void (void)	Puts away every missile's icon
00447160	function	ship_spin	void (void)	The chosen ship's turn at this frame's time: a turn every four seconds about Y, tilted -0.75 about X; given to it and its gunship while no selection flies it and the interface is free or the ship has turned back, or to Ship to Belly Up's first key
00447270	function	button_press	void __stdcall (int button, int x, int y, int index)	A button's press: sound 1 at 40, and the button 0.2 further from the camera
00447500	function	button_release	void __stdcall (int button, int x, int y, int index)	A button's release: the pressed button moved back
00447530	function	button_default_release	void __stdcall (int button, int x, int y, int index)	Use Default Loadout's release: the tier's first missile to every hardpoint
00447560	function	button_remove_all_release	void __stdcall (int button, int x, int y, int index)	Remove All Missiles' release: every rack emptied and the markers shown
004475d0	function	button_ships_release	void __stdcall (int button, int x, int y, int index)	Ship Selection's release: the guns view closed, else page 1
00447630	function	button_missiles_release	void __stdcall (int button, int x, int y, int index)	Missile Loadout's release: page 2
00447670	function	button_guns_release	void __stdcall (int button, int x, int y, int index)	View Internal Guns' release: from page 2 back to page 1 with the guns view to follow, else the guns view turned on or off
004476f0	function	button_exit_release	void __stdcall (int button, int x, int y, int index)	Exit Loadout Computer's release: loadout_exit, unless the interface is busy
00447730	function	loadout_exit	void (void)	Once the disc has spun in: the speech stopped, everything shown spinning and zooming back into the glow, easing out, the chosen ship kept in the campaign's saved loadout, the hum ended and sound 2
00447c00	function	ship_press	void __stdcall (int button, int x, int y, int index)	A ship's press: unless a selection flies, the ship at that place of the interface's list selected, with the guns view closed first
00447df0	function	loadout_ship_count	int (void)	How many ships the loadout offers
00447e00	function	stack_select_ship	void __fastcall (int *ship)	A function-stack entry: ship_select of the ship it holds, which it frees
00447e20	function	ship_select	void __fastcall (int ship)	Another ship chosen: the red light fading out, the missiles removed, the rest of the ships grabbed as the background, the panels' fronts drawn with the old ship and their backs with the new and flipped, Select Ship and Deselect Ship flown, sound 8, the interface busy
00448160	function	anim_select_ship	void * __fastcall (int ship)	Select Ship: a ship flying from its slot at the arc's share of its scale to the chosen spot at its own, tilted back, over 1500 ms
00448320	function	anim_deselect_ship	void * __fastcall (int ship)	Deselect Ship: the chosen ship flying from where it turns back to its slot, at the arc's share of its scale, over 1500 ms
004484a0	function	anim_flip_ship_name	void * (void)	Flip Shipinfo of PnlShipName: turning over about X over 1500 ms; noop half way
004485a0	function	anim_flip_ship_info	void * (void)	Flip Shipinfo of PnlShipInfo: turning over about X over 1500 ms
00448a40	function	anim_zoom_hardpoint	void * __fastcall (void *object)	Zoom Hardpoint: an object growing from a thousandth of its size over 400 ms as it turns to (-pi/2, pi, 0)
00449200	function	disc_portal_ship	void __fastcall (void *ship)	The disc portal put in the disc's plane, facing along its axis, and set on a ship's parts
00449250	function	disc_portal_missile	void __fastcall (void *missile)	The disc portal put in the disc's plane, and set on a missile's parts
004492a0	function	node_tree_portal	void __fastcall (void *node, void *portal)	Every part of a node tree clipped by a portal, or with none clipped no more
004493b0	function	ships_place	void (void)	Every ship put on its slot of the disc as it stands: the chosen ship on the chosen spot, the rest on the arc facing away from its axis, the slots scaled by the disc's size while it spins
00449690	function	slot_place	void __fastcall (void *slot, char face, float *out, float across)	Where a slot stands on the disc: across and down scaled, turned as the disc is from its centre; where face, its angles facing away from the disc's axis
00449750	function	face_away	void __fastcall (float *matrix, float *from, float *to, float roll)	An orientation at a point facing away from another: turned about Y toward it, about X by pi less its rise, and rolled
00449ab0	function	stack_switch_page	void __fastcall (int *page)	A function-stack entry: page_switch to the page it holds, which it frees
00449d90	function	page_switch	void __fastcall (int page)	Another page: to the missiles, the ship belly up and the other ships sinking as the missiles rise; to the ships, the markers going, the ship turning back, the missiles sinking and the ships rising
0044b080	function	scene_object_find	void * __fastcall (char *name)	The first scene object of sr's list with the name
0044b0f0	function	node_tree_to_scene	void __fastcall (void *node, uint skip, int flags)	Puts each shown part of a node tree in the scene, its frame placed first
0044b200	function	loadout_draw	void (void)	The loadout's render hook, while the interface is free: the tooltip of the object under the pointer, but the chosen ship's, centred at (320, 458) in ld_handel.fnt through loadout_text_remap
0044b2f0	function	node_tree_levels_clear	void __fastcall (void *node)	Every part's levels taken away, so that it keeps the mesh it is given
0044b340	function	node_tree_level	void __fastcall (void *node, int level)	Every part given its mesh of a level of detail, or its coarsest where it has fewer
0044b440	function	node_tree_gmissiles	void __fastcall (void *node)	A part whose first group's texture is Missiles given gmissiles, the first such texture kept
0044b520	function	node_tree_gmissiles_undo	void __fastcall (void *node)	The gmissiles textures given back the one node_tree_gmissiles kept
00523e68	data	loadout_ship	int	The ship the loadout has chosen, a ship type
00523e84	data	loadout_ship_count_made	int	How many ships the loadout offers
00524754	data	loadout_first_slot	int	The arc slot the first ship offered stands in
0052461c	data	loadout_running	byte	Set as the loadout enters, cleared by the Spin Disc's end going back: the next frame returns false
00524975	data	loadout_entered	byte	Whether loadout_enter has run and loadout_leave not yet
005245e8	data	loadout_page	int	1 the ship page, 2 the missile page
00524620	data	loadout_last_page	int	The page before
00523eac	data	loadout_interface	void *	The loadout's IINTERFACE
00523a54	data	loadout_backdrop	void *	The device's background as the loadout begins: rbackground.tga up to mission 18, background.tga after
00523ce8	data	loadout_captured	void *	The still part of the page as capture_background grabbed it, the device's background since
00524734	data	loadout_red_level	float	The red light's level, which it is drawn at twice
00523aa0	data	loadout_red_fade	int	The way the red light fades: 1 up, -1 down, 0 still
00523cf4	data	loadout_spin_start	int	When the chosen ship began turning
00524758	data	loadout_spin	float[9]	The chosen ship's turn
005246c8	data	loadout_now	int	This frame's time
00523720	data	loadout_last	int	The last frame's time
005246a4	data	loadout_last_hovered	void *	The object under the pointer at the last frame
00523ea8	data	loadout_rect_countdown	int	Frames until each ship's rectangle is made again
00523ab0	data	loadout_coarse_level	int	The level of detail the ships on the arc are drawn at while they move: 2 less the detail setting
0052395c	data	loadout_speech_start	int	When mission 1's loadout began to say loadout.ut
00524744	data	loadout_hum	int	The voice the hum plays on
0052474c	data	loadout_disc_scale	float	The disc's scale as the ships were last placed; nothing reads it
0052460c	data	loadout_spin_phase	int	The clock at the latest selection, modulo 4000; nothing reads it
00523ac8	data	loadout_turned_back	byte	Set once the chosen ship has turned back from belly up
005009d8	data	mission_tiers	byte[28]	The loadout tier each mission brings the campaign to: the 11th 1, the 19th 2, the 21st 3
00562f18	data	campaign_saved_ship	short	The ship the pilot last chose in the loadout, which campaign_new makes the Predator and a restart keeps
00562f1a	data	campaign_saved_racks	short[20]	The racks the loadout last left, a missile each or -1
00562dec	data	pilot_rank	int	The pilot's rank, 0 to 8, by rank_kills
004c7e20	function	hog_open	void * __fastcall (char *path)	Opens a .HOG archive (bigfile.cpp): the file, a Win32 handle to it, and its header and directory read whole; null unless it starts BIGF
004c7f20	function	hog_close	void __fastcall (void *hog)	
004c7f60	function	hog_read_file	void * __fastcall (void *hog, char *name)	Reads a file from the archive, expanding RefPack (10 FB only): the name cut at its first dot when ut follows, with case, then from its last backslash past the first character; a missing one is fatal (HOG_bigread2)
004c8110	function	hog_read_file_as_named	void * __fastcall (void *hog, char *name)	hog_read_file without shortening the name
004bff10	function	debug_print	void __cdecl (int level, char *format, ...)	Does nothing in the retail build; called with a level and a printf format, such as hog_read_file's lookup name
004c36d0	function	SR_STR	char * __cdecl (char *format, ...)	Formats into a static buffer (sr_str_buffer) with vsprintf and returns it, for an assertion's message; a null format is fatal (SR_STR: Null format string passed.)
004c5b80	function	hog_load_size	int __fastcall (char *name)	A member's size in resource.hog (hog_file_size with resource_hog)
004cb420	function	SR_FILE_alloc	void * __fastcall (char *name)	Reads a file from resource.hog by its full name (hog_read_file_as_named) into a block named after it; a null name is fatal
005e6350	data	sr_str_buffer	char[1024]	The buffer SR_STR formats into, up to the next one at 0x005E6750
004c81f0	function	hog_file_size	int __fastcall (void *hog, char *name)	A member's size, expanded for a RefPack one; 0 when missing
004c8370	function	hog_seek	int __fastcall (void *hog, char *name)	Finds a member by name, ignoring case, and seeks the archive's stream to it; its stored size, or 0 when missing
004c83f0	function	hog_locate	int __fastcall (void *hog, char *name)	Likewise, moving the archive's Win32 handle instead
004c8480	function	hog_unpack	void * __fastcall (void *hog, int size)	Reads a RefPack member at the stream and expands it, in place with 0x2800 bytes to spare, then copies it out
004c7df0	function	read_be32	uint __fastcall (void *bytes, int count)	The first count bytes as a big-endian number
004c5be0	function	hog_file_read	void * __fastcall (char *path, void *buffer)	Reads a loose file whole (hog_file.cpp)
004c5b90	function	hog_file_length	int __fastcall (char *path)	A loose file's length; 0 when it cannot be opened
005e830c	data	resource_hog	void *	resource.hog, opened by WinMain
0057bc48	data	speech_hog	void *	msspeech.hog, opened for the HUD
005e8308	data	hog_last_size	int	The size of the last file read
004c5bd0	function	hog_load	void * __fastcall (char *name)	Reads a file from resource.hog (hog_read_file with resource_hog), as play_landing_movie reads its banks
00480d70	function	font_open		Wraps a loaded font and caches the widths of codes below 255
00481f80	function	sound_play	int __fastcall (void *bank, int index, int volume, int loops, int pan, int pitch)	Plays sound n of a bank on a voice: one finished past the first, else one stopped, else the lowest-priority one not held, if below the new sound's
004826a0	function	sound_start	void __fastcall (void *bank, int index, int volume, int pitch, int loops, int pan, int voice)	Hands Miles the WAVE file at bank + offset, at its rate moved by pitch quarter tones and its volume scaled by Fxvolume and Mastervolume
00565080	data	sound_voices	SoundVoice[16]	Voices, 0x20 bytes each
005d6ca0	data	bank_stdsmp		stdsmp.fat
00524748	data	bank_ldsmp	void *	ldsmp.fat, the loadout's sounds
0056654c	data	bank_betty		betty.fat: the cockpit's warnings
0058cb10	data	bank_smp3d		smp3d.fat
00507138	data	sound3d_eax_damping	float	EAX damping sound3d_init hands the 3D provider: 1
0058cb5c	data	sound3d_eax_effect_volume	float	EAX effect volume sound3d_init hands the 3D provider; never set, so 0
0058cb60	data	sound3d_eax_decay_time	float	EAX decay time sound3d_init hands the 3D provider; never set, so 0
00587ce0	data	game_objects	GameObject *[400]	The GO array: every live object, a mission ship's at its index among the ship records
005883fa	data	player_index	short	Slot of the player's own object in game_objects
00466ba0	function	object_number_parts	int __fastcall (GameObject *object, ModelNode *node, int number, int fill)	Numbers the part nodes (kind 1) from node down, depth first, into each node +0xFC, from number; with fill, puts each in the object part_nodes at +0x518 by its number. Returns the next number; create_object counts with it into +0x154, then fills
00466c10	function	create_object	uint __fastcall (int slot, uint type, int tier, float x, float y, float z)	Fills a slot of game_objects, the next for slot -1, with an object of a type at a place, and returns the slot: its fields, stats (another type's for a type that is that one under another number), side, model with its parts' startup tracks, pilot, shields and armour, guns and components; a type above 255 gets a stand-in
00475dd0	function	object_alloc	GameObject * __fastcall (uint type)	Allocates a live object of a type (gameobj.cpp)
00475ef0	function	object_free	void __fastcall (GameObject *object)	Frees a live object and what it owns
004688b0	function	object_reset	void __fastcall (int slot)	Replaces the object in a slot with a fresh stand-in of type 1001, flagged 0x3C, after popping its orders
00468760	function	object_collect_components	void __fastcall (GameObject *object, ModelNode *node)	Lists a node's children marked as components, then theirs, in the object's components
004991d0	function	node_alloc	ModelNode * __fastcall (uint kind, ModelNode *parent)	Allocates a model node (objects.cpp)
00499ee0	function	node_holder	ModelNode * __fastcall (ModelNode *node)	The node whose child list holds this one: its parent, or an ancestor further up
00499f20	function	node_owner	GameObject * __fastcall (ModelNode *node)	The object whose model the node is in: the owner of its tree's root
00499e30	function	node_destroy	void __fastcall (ModelNode *node)	Destroys a node and the nodes hanging from it
00499240	function	node_child_slot	int __fastcall (ModelNode *node)	A free index in a node's child list, which it creates and grows up to its capacity
004531c0	function	ship_index	uint __fastcall (MissionShip *ship)	Index of a ship record, or 0xFFFF
004c3710	function	sr_assert_failed		Surrender's assertion failure: reports FATAL: SR Assertion Failed and breaks
004f7490	data	ship_types	ShipTypeEntry[256]	A model and comms sprite name for each ship type, and the model once loaded
00538ca8	data	attachment_models	MountedModel[180]	What attachment points mount: 20 ids for each of 9 kinds
0045de70	function	attachment_models_load	void __fastcall (void)	Loads the models and sprites attachment points mount
004a44d0	function	model_load	void * __fastcall (char *name)	Loads a .SHP model by file name
004760c0	function	object_add_part	void __fastcall (GameObject *object, void *model, int part)	Gives an object a node for a part of its model
0049a8c0	function	node_draw	void __fastcall (GameObject *object, ModelNode *node, uint flags, float glow)	Adds a node's frame to the scene and draws its children: a model part's mesh on the world layer, or the overlay with flag 0x40; lights, engine glows and the cloak by the node's kind; skips hidden nodes and objects too far away to see. An engine glow of attachment id 7 burns full, the rest by the glow given, negated where the attachment's Z axis and its length point the same way, and drawn nothing at or below zero; a burning one is flickered by rand to between 0.8 and 1 of its length, then scaled by the attachment's sizes, the length by that amount. A Ripper draws every glow whatever its length: while it flies forward only those on the parts ripper_thrust_names names, and while motion_backward or motion_follow_backwards moves it only those on its back pincers (ripper_back_pincer_names), their lengths negated (0x0049AA9E on)
0049b390	function	object_draw	void __fastcall (ModelNode *root, uint flags, float glow)	Draws an object from its root node with node_draw, adding flag 0x10, drawn nothing, when it lies beyond the view or outside its sides; mission_frame passes it last_throttle times engines_intact as the glow
004769f0	function	object_recentre	void __fastcall (GameObject *object)	Moves the object's origin to its parts' centre of mass, adding the shift to +0x524, the root and the position, then finds its bounds, radius and inertia tensor (object_bounds) and inverts the tensor into angular_response, its lower half mirrored into its upper first
004764a0	function	node_mass_add	void __fastcall (GameObject *object, ModelNode *node)	Adds a node's mass and its mass times its centre to the object's totals, children first; parts by their mass fields, others by their meshes' boxes
00499430	function	node_add_part	ModelNode * __fastcall (ModelNode *parent, ShpPart *part)	Hangs a node for a model part from a node, then mounts what its attachment points hold
00499a10	function	node_mount	void __fastcall (ModelNode *node, ShpAttachment *attachment)	Mounts what an attachment point holds: an object of its own for guns and pods
00476130	function	object_link_parts	void __fastcall (GameObject *object)	Links each part's node to its parent part's, or to the root
00476180	function	object_link_part	void __fastcall (GameObject *object, int part, int parent)	Links a part's node to its parent part's, or to the root for none
0049cce0	function	object_set_pilot	void __fastcall (int slot, int pilot)	Gives the object in a slot its pilot and the pilot's stats
0049b600	function	object_set_position	void __fastcall (GameObject *object, Vec3 *position)	Places an object: its root node, the root's frame, and two more copies at 0x768 and 0x798
0049b650	function	object_set_orientation	void __fastcall (GameObject *object, float *orientation)	Turns an object, into the same places as object_set_position
0045a5f0	function	mission_ships_sync	void __fastcall (void)	Copies each live object's position into its mission ship's runtime position, and its heading into the runtime yaw and pitch
004c51c0	function	frame_create		Allocates a 0xB4-byte frame with a name, a position and angles
004c2a60	function	vec4_set	void __thiscall (float x, float y, float z, float w)	Sets the four floats in ECX
004c0e30	function	vec3_zero	void __fastcall (Vec3 *v)	
004c0e60	function	vec3_set	void __thiscall (float x, float y, float z)	Sets the vector in ECX
004c0e80	function	vec3_add	void __fastcall (Vec3 *a, Vec3 *b)	a += b
004c0f30	function	vec3_sub	void __fastcall (Vec3 *a, Vec3 *b)	a -= b
004c0f50	function	vec3_difference	void __fastcall (Vec3 *out, Vec3 *a, Vec3 *b)	out = a - b
004c12d0	function	vec3_distance		Distance between two points
004c14f0	function	vec3_copy	void __fastcall (Vec3 *to, Vec3 *from)	
004c1b50	function	mat3_copy	void __fastcall (float *to, float *from)	Copies a 3x3 matrix
004c1be0	function	mat3_identity	void __fastcall (float *m)	
004c1f30	function	mat3_product_transposed	void __fastcall (float *out, float *a, float *b)	out = the transpose of a, times b
004c26e0	function	mat3_scale_by	void __thiscall (float s)	Scales every element of the matrix in ECX by s
004c1da0	function	mat3_multiply	void __fastcall (float *m, float *n)	m = m times n
004c22b0	function	vec3_turn	void __fastcall (Vec3 *v, float *m)	v = m times v
004c2310	function	vec3_turn_back	void __fastcall (Vec3 *v, float *m)	v = the transpose of m, times v
004c0db0	function	sr_clamp	float __cdecl (float x, float low, float high)	x, kept between low and high
004c30a0	function	sr_fabs	float __stdcall (float x)	The absolute value of x; it pops its own argument
004c30c0	function	sr_sqrt	float __cdecl (float x)	
004c30e0	function	sr_sin	float __cdecl (float x)	
004c3100	function	sr_cos	float __cdecl (float x)	
004c1270	function	vec3_length	float __cdecl (Vec3 *v)	
004c0ea0	function	vec3_sum	void __fastcall (Vec3 *out, Vec3 *a, Vec3 *b)	out = a + b
004c2370	function	mat3_transform_transposed	void __fastcall (Vec3 *out, Vec3 *v, float *m)	out = the transpose of m, times v
004c23c0	function	mat3_transform	void __fastcall (Vec3 *out, Vec3 *v, float *m)	out = m times v
004c1cb0	function	mat3_product	void __fastcall (float *out, float *a, float *b)	The product of two 3x3 matrices
004c2410	function	mat3_from_angles	void __thiscall (float pitch, float yaw, float roll)	Builds the rotation matrix in ECX from three angles
00473ff0	function	object_move	void __fastcall (int slot)	Moves an object for one update: its motion function, then its rotation and velocity
00474150	function	object_steer	void __fastcall (GameObject *object, bool throttle_turns)	Moves each angular rate toward its input times the ship's rate, through its inertia, and builds the rotation
004742e0	function	object_fly	void __thiscall (float thrust)	The flight model for the object in the slot in ECX: throttle, steering, then speed through the inertia
004744c0	function	motion_forward	void __fastcall (int slot)	object_fly with thrust 1
004744d0	function	motion_backward	void __fastcall (int slot)	object_fly with thrust -1
00403060	function	object_cruise_speed	float __fastcall (GameObject *object)	max_speed, times the factor at 0x738, engines_intact and, outside one mode, the armor factor at 0x668
004a8b10	function	WinMain	int __stdcall (uint instance, uint previous, char *command_line, int show)	The game's entry, from _WinMainCRTStartup. A second copy finds the first by its StarlancerRunning mutex and restores the first's window instead
00494040	function	mission_run	void __fastcall (void)	Runs a mission: resets the clocks, then loops, running a game tick for each timer tick since the last pass
004827c0	function	tick_timer		Timer callback, 100 times a second: advances game_ticks and the play time, unless paused
00483150	function	hud_init	void __cdecl (void)	Sets the HUD up once, on the first frame that draws it: copies the element names into the table at 0x57BC5C, a hundred bytes each, allocates hud.cpp's work buffer, takes oldpalette.tga and powerball.tga, and works out the 62 by 62 table of shading the power ball, the power distribution display, is drawn from
0048c6e0	function	hud_blit	void __fastcall (void *pane, void *shapes, int shape, int x, int y, void *buffer, int mirrored)	Draws one of the display's shapes shaken, in place of VFX_shape_draw while hud_interference is above 0: under the hardware renderers each row is shifted sideways by a random amount scaled by hud_interference, or by 0x00588724 for some shapes. Unverified: the last two arguments
004843b0	function	hud_draw	void __cdecl (void)	Draws the head-up display, once a frame. mission_run puts it in sr + 0x88 and Surrender calls it while it renders, so nothing calls it outright and Ghidra does not find it without being told
00482f00	function	hud_grid_place	void __fastcall (uint index, int *out_x, int *out_y)	Where the item of index stands in the display's grid: from half-way across the screen, 0x30 apart across and 0x26 down, two to a row
00482e90	function	hud_place	void __fastcall (int x, int y, float across, float down, int *out_x, int *out_y)	Where a display element stands, so that it keeps its place at any resolution: the screen's size less 0x21, times the fraction across or down, plus 0x10 and the offset given
00480e40	function	hud_text	void __fastcall (void *pane, int x, int y, void **font, char *text, uint colour, int align)	Draws a line of the display's text with VFX_string_draw, which sprites.cpp looks up out of vfx.dll into 0x00594858: left where align is 0, centred where it is 1 and right where it is 2, the line's width from font_text_width. An empty string draws nothing. Leaves the line's bounding box where the caller asked
00480e10	function	font_text_width	int __fastcall (void *font, char *text)	How wide a string is in a font: the sum of its glyphs' widths, two bytes each from the font's +4
00477850	function	game_tick	void __fastcall (void)	One tick: the simulation step, unless paused
004774d0	function	simulation_step	void __fastcall (void)	Every fourth tick: each object's own updates, then objects_update and the rest
00468fa0	function	objects_update	void __fastcall (void)	Moves every object, then finds colliding pairs by sorting their extents along X
00466170	function	objects_collide	bool __fastcall (int *a, int *b)	Handles two objects whose spheres may meet, pushing them apart when they overlap
00565064	data	game_ticks	uint	The timer's ticks since sound_init started it, the paused ones aside
00565070	data	play_time_ticks	ushort	Play time: ticks, rolled into seconds after 101
00565072	data	play_time_seconds	ushort	
00565074	data	play_time_minutes	ushort	
00565076	data	play_time_hours	ushort	
0057e04c	data	paused	ushort	Nonzero while the game is paused, which stops the ticks and the script clock
0049d070	function	frame_time_sum	void __fastcall (void)	Converts the frame's seven timed sections from counter ticks to seconds and totals them in frame_time
0058c4cc	data	frame_time	float	The last frame's timed sections together, in seconds; mission_frame moves detail_divisor by it
00539aa0	data	game_object_count	short	Slots of game_objects in use, which create_object extends when given no slot
0045f1b0	function	camera_set_view	int __fastcall (int view, int object, char lock, char force)	Switches the camera to a view of an object: refused while wgate_riding, forced or not, and while locked unless forced; starts or clears the bars, resets the chase and orbit state, then places the camera
004775d0	function	camera_watch_next_player	void (void)	Once the player is out of a network game, moves the camera to the next player's ship that is in the mission and not exploding or disabled, the player's own passed over, in view 0x1E, locked and forced; with none left, ends the mission (mission_over). Runs as the player's ship jumps out or the player's game ends, where camera_set_view would take the camera back to the cockpit of a ship that is exploding, has ejected or was sent off, and on COCKPIT CAMERA while spectating is set
0045fc90	function	camera_frame	void __fastcall (void)	Places the camera once a frame for the view: moves the bars, then the cockpit, chase, orbit, flyby and cutaway views
0045ed60	function	camera_chase	void __fastcall (void)	The chase view: behind and above the object by ship type, farther with throttle, swinging against its rates of turn
0045ed40	function	camera_chase_level	void __fastcall (void)	Zeroes the chase view's swing
00414060	function	frame_controls	void __fastcall (int slot)	The controls read once a frame, from mission_frame: the joystick's hat, which glances ahead, left, right or back while held, the camera keys, steering the orbiting views with the arrow keys, and the wingman and other frame keys
004f72a8	data	camera_view_table	byte[44][4]	For each view: the language string that names it (a halfword), whether the bars slide in, and whether it is from the cockpit. It ends where the text of camera_set_view's assertion on an invalid camera type begins
00539a64	data	camera_view_last	int	Last frame's camera_view: mission_frame resets the star streaks when they differ
00539a34	data	camera_view	short	
00539a8c	data	camera_object	short	The object the view shows
00539a9c	data	cockpit_mode	int	What the cockpit view shows: 0 no cockpit, 1 the cockpit's model, 2 the chase view; the cockpit key cycles it
005d5a78	data	cockpit_mode_setting	int	The options' cockpit setting: 0 the cockpit's model, 1 the chase view, 2 no cockpit. WinMain reads it from View in the Device section of the settings, default 0
005d6080	data	device_gamma	int	Gamma in the Device section of the settings, default 100: the brightness in hundredths, which the renderer opens with
00539acc	data	camera_locked	char	Set while a script holds the camera; the camera keys do nothing
00539a38	data	camera_bars	float	How much of the screen each cinematic bar covers, up to 0.1
00539a50	data	camera_bar_speed	float	
00539aa4	data	camera_switched	int	frame_start when the view last changed
004f72a4	data	chase_distance	float	Along the object's forward axis, smoothed; 1500 on switching to the chase view
00539a80	data	chase_pitch	float	
00539a3c	data	chase_yaw	float	
00539a74	data	chase_roll	float	
0051cf64	data	orbit_yaw	float	Degrees
0051cf84	data	orbit_pitch	float	Degrees, -89.5 to 89.5
0051cf80	data	orbit_yaw_speed	float	Degrees a tick, up to 5
0051cf68	data	orbit_pitch_speed	float	Degrees a tick, up to 5
0051cf6c	data	orbit_distance	float	Kept between 1.8 and 3.8 radii of the player's ship, or 5.8 of the target's
00588724	data	hit_shake	float	How much the cockpit view shakes from a hit, falling by 0.02 a tick
004c3a60	function	sr_set_projection	void __cdecl (float left, float top, float right, float bottom, float across, float down)	The projection: scales of the screen's size less 0.1 times the factors, the middle, and the viewport's edges in view units and pixels
00476680	function	object_bounds	void __fastcall (GameObject *object, ModelNode *node, float *tensor)	Widens the object's bounds and radius over a node's mesh, and adds its part's inertia to the tensor: the second moments about the two other axes on the diagonal and the products off it, each with the term the part's distance from the object's origin adds, times its density; then the node's children
00588340	data	joystick	JoystickState	The joystick as read_joystick last polled it
00588398	data	mouse	MouseState	The mouse as read_mouse last read it: its movement since the read before
00595c68	data	keyboard	byte[256]	DirectInput's keyboard state, by scan code (DIK_*): nonzero while the key is down
005d54ec	data	key_latched	byte[256]	Set for a key once key_pressed has counted it once, until read_keyboard sees it released
005ddc98	data	button_latched	ushort[32]	Set for a joystick button once control_active has counted it once, until read_joystick sees it released
005d5744	data	shift_latched	bool	Set once key_pressed has counted a Shift combination once, until both Shift keys are up
005d5634	data	control_latched	bool	Set once key_pressed has counted a Ctrl combination once, until both Ctrl keys are up
00595d80	data	alt_latched	bool	Set once key_pressed has counted an Alt combination once, until both Alt keys are up
004e2380	data	control_bindings	ControlBinding[74]	Each action's key, modifier, name and joystick button
0057e064	data	control_mode	ControlMode	What player_controls steers with: the Controller setting
0051d610	data	joystick_invert	int	The JoystickInvert setting, 1 by default: while it is clear, player_controls reverses pitch from the stick, keys and mouse
00595d88	data	twist_enabled	bool	The TwistEnable setting: the joystick's twist (Rz) rolls the ship when it has one
0050e1a4	data	force_feedback	bool	Set while the joystick in use has force feedback
0052029c	data	hat_enabled	int	The HatEnable setting, 1 by default: while it is set, frame_controls glances with the joystick's first hat
0051cf8c	data	hat_glancing	bool	Set while the joystick's hat glances, so that frame_controls looks ahead again once it is let go
0051d458	data	twist_setting	int	The TwistEnable setting as load_key_config reads it; twist_enabled is whether it is nonzero
0051da4c	data	force_feedback_setting	int	The ForceFeedback setting, 1 by default: while it is clear no force-feedback effect starts, and the frame's hits push nothing
005d5644	data	settings_path		The path of starlancer.ini: the game's directory, then the file's name
005ddb18	data	joystick_caps		The joystick's DIDEVCAPS, which joystick_found takes the button and hat counts from
005ddd18	data	direct_input		The IDirectInput7 interface
005ddd1c	data	keyboard_device		The keyboard's IDirectInputDevice7
005ddd20	data	mouse_device		The mouse's IDirectInputDevice7
005ddd24	data	joystick_device		The joystick's IDirectInputDevice7, or null without one
005ddc58	data	force_effects	void **[13]	Each .frc file's effects as force_effects_read made them, in load_force_effects' order: the gun types' from lc to nc, then Missile and Shake; each place that plays one starts its first
005ddcdc	data	force_slots	void *[9]	The pushes force_hit_pushes plays, a slot each in turn from force_slot_next, freed as its slot comes round again
005ddd30	data	force_slot_next	int	The force_slots slot the next effect takes; back to 0 past 8
005ddd2c	data	force_files_read	int	How many .frc files load_force_effects read
005457b8	data	force_hits	float[40]	The frame's hits on the player's ship for force_hit_pushes, each its push and its quadrant, up to the first of no push; damage_feedback writes them from force_hit_next
00545858	data	force_hit_next	int	The force_hits entry damage_feedback writes next; back to 0 past 19, and to 0 after force_hit_pushes
00544430	data	force_knocks	float[40]	A second list force_hit_pushes sums as force_hits, which nothing fills
005ddb48	data	joystick_name	char[260]	The joystick's product name
005ddc4c	data	joystick_axes	JoystickAxes	The joystick's axes the game set up: X, Y and Rz run from -1000 to 1000, Z and the first slider from 0 to 1000
005ddc54	data	joystick_buttons	short	The joystick's button count
005ddc56	data	joystick_hats	short	The joystick's point-of-view hat count
0051cf7c	data	throttle_setting	float	The throttle the keys set; the ship's throttle follows it while the afterburner is off
00579984	data	matching_speed	ushort	Flipped by MATCH SPEED; while set, match_target_speed runs each update. ZERO THROTTLE and FULL THROTTLE clear it
00566794	data	throttle_before_match	float	The throttle match_target_speed puts back when the target leaves range
0051cefe	data	afterburner_toggled	ushort	Flipped by AFTERBURNER TOGGLE; the afterburner burns while it is set
0051cefa	data	mouse_missile_latched	ushort	Set once the right button has launched a missile in the mouse's mode, until it is let go
004e2378	data	mouse_range	int	How far from the centre the mouse's stick reaches, in counts: 800
004e237c	data	mouse_dead_band	float	The share of the mouse's stick about the centre that steers nothing: 0.3
005799c0	data	fuel_warning_tick	int	The game_ticks value before which the afterburner fuel warning does not sound again
0042c800	function	load_key_config	void (void)	Reads the KeyConfig and JoyConfig sections of starlancer.ini: the input settings and each action's binding
004bcd90	function	input_init	int (void)	Creates DirectInput and the keyboard, mouse and joystick devices, preferring a force-feedback joystick
004bd190	function	joystick_found	int __stdcall (void *instance, void *context)	DirectInput's callback for each joystick it enumerates
004bd050	function	joystick_object_found	int __stdcall (void *object, void *context)	DirectInput's callback for each axis, button and hat of the joystick
004bd780	function	input_acquire	void (void)	Acquires the keyboard, mouse and joystick, or unacquires them while the word at 0x5DDD28 is set
004bd3f0	function	input_shutdown	void (void)	Unacquires and releases the devices and DirectInput
004bd490	function	read_keyboard	void (void)	Reads the keyboard, then clears the latches of released keys and modifiers
004bd300	function	read_joystick	int __fastcall (JoystickState *state)	Polls the joystick into state, then clears the latches of released buttons
004bd3a0	function	read_mouse	int __fastcall (MouseState *state)	Reads the mouse's movement since the previous read, and its buttons
004bd570	function	key_pressed	int __fastcall (int key, int modifier, int once)	Whether a key is down with a modifier (ControlModifier); with once, only once for each press
004bd800	function	load_force_effects	int (void)	Reads forces\lc.frc to Shake.frc, a gun type's each from the Laser Cannon's to the Nova Cannon's then Missile and Shake, into force_effects by force_effects_read, counting those read; then downloads the missile's
004bdb10	function	force_effects_read	long __fastcall (void *device, void ***effects, int *count, char *path)	The SideWinder Force Feedback SDK's SWFF_CreateDIEffectFromFileEx: has CLSID_VFX, the Visual Force Effects server, make the DirectInput effects of an .frc file, into an array it allocates
004bd980	function	force_slot_free	void __fastcall (int slot)	Stops, unloads and forgets the effect in force_slots at slot, if any
004bdd30	function	force_periodic_create	long __fastcall (void *device, void **effect, int type, int duration, int period, int direction, int magnitude, int offset, int attack_time, int attack_level, int fade_time, int fade_level, int button)	The SideWinder Force Feedback SDK's SWFF_CreatePeriodicEffect: a periodic effect of type 1 (sine) to 4, times in microseconds and the direction in hundredths of a degree
004be000	function	force_shake	void (void)	Starts the Shake effect unless it is playing, while force_feedback_setting is set; camera_frame runs it while hit_shake is above 0.1, and damage_feedback for a shot
004be060	function	force_hit_pushes	void (void)	Each frame from mission_frame, while force_feedback_setting is set: sums force_hits by the side struck and plays a push across (left less right) and along (fore less aft), a 1-second 2 Hz sine through force_periodic_create in the next of force_slots, for a net stronger than 1; aims the push from the left at 90000, which DirectInput turns down
00412630	function	control_active	int __fastcall (ControlAction action, int once)	Whether an action's joystick button, or its key with its modifier, is down; with once, only once for each press
00413410	function	player_controls	void __fastcall (int slot)	The Player Control order's update: steering, throttle, weapons and the other flight actions from the controls
00412c10	function	match_target_speed	void (void)	Sets the throttle to the target's speed over the player's cruise speed while the target is within 330000 units; otherwise puts the throttle back and stops matching
004132c0	function	player_throttle_keys	void __fastcall (void)	Steps the throttle while ACCELERATE or DECELERATE is held; ZERO THROTTLE and FULL THROTTLE set it
004e06e0	data	order_groups	OrderRecord *[3]	The order table: for each hundred order numbers, the records of those orders
0058832c	data	player_slots	short	Object slots that belong to players, from slot 0: 1 in a single-player game, the player count or 8 in multiplayer
00588324	data	watched_player	int	The player slot whose ship the camera watches in view 0x1E once the player is out of a network game (camera_watch_next_player)
0057e058	data	spectating	int	Set to 1 once the player is out of a network game and the camera watches the other players' ships (camera_watch_next_player), which COCKPIT CAMERA then steps through
004924b0	function	mission_frame	int (void)	mission_run's work for each frame while the game is not paused: among it orders_update, events_flush and mission_ships_sync; after the objects' pass it checks the player's target (0x004931AD to 0x004932C1): an exploding one, a subtarget with no node, and one past twice pick_range move on to the next (player_target_cycle, player_subtarget_cycle), and in view 0 a changed subtarget is picked out in red (hud_subtarget). Its pass that draws the objects passes over every object while wgate_riding (0x00492CD3)
0040c8f0	function	orders_update	void (void)	Once a frame: zeroes every object's recent_damage each 500 ticks, then runs object_orders for each object not disabled
0040c5f0	function	object_orders	void __fastcall (int slot)	Runs an object's current order: starts its queued orders that are due, clears its burn flags, then runs the order's init if it has yet to start, and its update
0040cc10	function	order_push	bool __fastcall (int slot, int order, int kind, int target, int component)	Pushes an order aimed at a target on an object's stack; false when the ship refuses it, the current order does not give way or the stack is full
0040cbf0	function	order_push_ship	bool __fastcall (int slot, int order, int target, int component)	order_push aimed at a ship, target being its slot
0040ce70	function	order_pop	bool __fastcall (int slot)	Pops the current order, running its exit if it has started; false without orders. Unless it was one-shot, the order below starts again
0040ca50	function	order_give_way	bool __fastcall (int slot, int order)	Whether the current order gives way to order, or to clearing them all for -1, running its exit if it does; a fatal error where its priority forbids
0040ca00	function	order_refused	bool __fastcall (int slot, int order)	Whether the ship in slot refuses order: a player's ship refuses orders below 100 without the players flag
0040cf50	function	orders_clear	void __fastcall (int slot)	Drops every order if the current one gives way, running only its exit
0040cf80	function	orders_pop_all	void __fastcall (int slot)	Pops every order, running each exit
0040b1c0	function	order_first_step_init	ObjectRoutine	The init of orders 21, 115 and 116, Find Scoop Up and Make capship list left and right: each from its first step
0040c3a0	function	capship_list	void __fastcall (int slot, char side)	The update of orders 115 and 116 through their thunks: for 200 ticks the ship rolls at 0.01 and yaws at 0.006 a tick toward side, -1 left or 1 right, over its flight's rates, then for 300 ticks at 0.006 and 0.0048 back, then stops rolling and pops
0040c520	function	order_retaliate	void __fastcall (int slot)	Pushes Fight at the last attacker, of the other side, once the ship's recent_damage reaches 0.7 (0x004DC484) of its full armor, six times its armor class; only between ships whose combat stats hold 1 at +0x28
0040c9b0	function	ai_first_setup	void (void)	Once, while 0x005185B0 is clear: calls 0x00418A70 and puts the action sphere around slot 0 with a radius of 220000
00402660	function	order_queue	void __fastcall (int slot, OrderEntry *entry, int delay, int value)	Queues an order from another player, due delay ticks after frame_start; an equal order already queued stays if it is due no sooner, and is replaced otherwise
00492190	function	avoidance_scan	void __fastcall (int slot)	In mission_frame's pass that draws the objects, for an object whose order has the avoidance flag and no no_avoidance: lists the objects it could hit, those with components whose spheres, 10000 wider, overlap its own at +0x6B8, and the others ai_collision_course puts it on course to hit within 50 steps by 2000 at +0x6E4, ten of each at most
00401f30	function	object_destroyed	void __fastcall (int slot, bool may_spin, bool no_eject)	A ship's end: an AI ship's pilot ejects where +0x74C is clear and eject_roll is under 40, or where told to eject before exploding, leaving the ship to Eject Spin; the player's ejects unless no_eject or already ejected or flying the Kamov; otherwise the ship explodes, its stack overwritten; may_spin goes into the order's data
00402100	function	object_destroyed_net	void __fastcall (int slot, bool may_spin, bool no_eject)	object_destroyed, first telling the other players (0x004B9C70) where a network session runs a mission that is not multiplayer's; objects_collide's for a torpedo and a mine going off
004e1798	data	explode_modes		Explode's routines for each mode, 0x18 bytes each: init and update, for a ship, a ship with components as a whole, one of its components, an asteroid and the limpet car
004086f0	function	explode_ship_init	ObjectRoutine	Explode's init for a ship: heard at once close to the camera, it takes a style (the torpedoes always 2, else object_random15 % 3), the player's has the camera watch it from view 8, 0x1A or 0x1B and sets mission_ending to 1, then the style's init. After explode_kill_credit, a pilot of the player's wing (alpha_pilots) leaves an empty place, -1, and is marked dead (0) in pilot_pool
00408a60	function	explode_ship	ObjectRoutine	Explode's update for a ship: its style's update until the tick at +4; then explode_burst for style 1, explode_blast for the rest but the torpedoes, and object_retire
00409170	function	explode_hull_init	ObjectRoutine	Explode's init for a ship that lists components, going as a whole
004091e0	function	explode_hull	ObjectRoutine	Explode's update for a ship that lists components, going as a whole
00409200	function	explode_component_init	ObjectRoutine	Explode's init for the component of a ship the order is aimed at
00409260	function	explode_component	ObjectRoutine	Explode's update for the component of a ship the order is aimed at
00409270	function	explode_asteroid_init	ObjectRoutine	Explode's init for an asteroid, types 0x79 to 0x7F
004092a0	function	explode_asteroid	ObjectRoutine	Explode's update for an asteroid
004094d0	function	explode_limpet_car_init	ObjectRoutine	Explode's init for the limpet car, type 0x1D
004095f0	function	explode_limpet_car	ObjectRoutine	Explode's update for the limpet car
004e1740	data	explode_style_inits	void *[3]	Explode's init for each style a ship goes in: spin out, burst, halt
004e174c	data	explode_style_updates	void *[3]	Explode's update for each style: explode_spin, noop, explode_spin
00408bc0	function	explode_spin_out_init	ObjectRoutine	Style 0: 50 puffs to trail, unpowered, a random spin; blows up 200 to 399 ticks on, or at once, stopped dead, for a torpedo or a ship the order's data byte says may not spin; a fireball of its radius
004090f0	function	explode_burst_init	ObjectRoutine	Style 1: unpowered, its rates and inputs zero, blowing up at once
00408d20	function	explode_halt_init	ObjectRoutine	Style 2: stopped dead, unpowered, a random spin, blowing up at once; a fireball of its radius, and for a torpedo five more and a shockwave
00408f70	function	explode_spin	ObjectRoutine	The update of styles 0 and 2: while fewer ticks are left than ten a bit of its trail, a small burning bit (explosion_bit, size 0.1, speed 1) thrown backwards from within 250 of it, every other one for a ship a pilot has left (flag abandoned); then the rotation set from the spin times the ticks left times 0.005
00408500	function	explode_kill_credit	ObjectRoutine	Where the player destroyed a hostile fighter, or type 0x2D, 0x3C or 0x3E, adds the kill (kills_add) and a radio line on it (radio_kill_remark); a ship with +0x74C clear gets a line of its own (radio_ship_lost)
004aeb50	function	arena_frame	void (void)	In a multiplayer mission, once a frame: the first time, sizes the arena's sphere round the objects from slot 8 but mines, beacons and a few ranges of types; after, a player's ship that strays past it meets its wall (arena_wall_hit) once until it is back inside, and the local player's is shaken and pushed back in, or put back just inside; the wall's flashes play on and the players' ships are kept apart
004af0e0	function	arena_shot_check	void __fastcall (int *shot)	Once the arena is sized, a shot past its sphere meets its wall (arena_wall_hit)
004b02a0	function	arena_wall_hit	void __fastcall (int slot, int *shot)	Where a shot, which it frees, or a player's ship meets the multiplayer arena's wall: 10 sparks of kind 3 back in from the wall where a flash of it at most 100 ticks old stands within twice its radius, else a new flash (the next of 32, a 4000 mesh facing the arena's middle, for 250 ticks) with the sparks and sound 0xD
005d7c9c	data	arena_centre	Vec3	The middle of the multiplayer arena's sphere
005d76ec	data	arena_radius	float	The radius of the multiplayer arena's sphere: the farthest reach of the objects it is sized round
004b14f0	function	kills_add	void __fastcall (int slot, int count, bool report)	Adds count to a player's kills: skull_count for the local player, the per-player tally, and in a single player mission the mission's own
00456bb0	function	radio_kill_remark	void __fastcall (int slot)	The radio's remark on the player's kill of the object in slot: a pilot's pod has Moose say enmejt_001 to 003 unless 0x00529538 is set. Anything else at most once in 600 game ticks (0x00529CB8), unless 0x00529538 is set, and then only while the radio is free: a fighter's pilot says its last words, dth_001 to 006 in its voice (ship_line), dying, and Moose plyrkl_001 to 009; a torpedo has Moose say trpkl_001 to 006
00456cf0	function	radio_ship_lost	void __fastcall (int slot)	As a ship of the player's wing is lost, but the player's, while the radio is free and 0x00529538 clear: its pilot says dth_001 in its voice (ship_line), dying, once, and Moose npcdth_001 to 004
0046c980	function	explode_blast	void __fastcall (GameObject *object)	A ship's blast at the end of Explode: the cloak dropped, the break-up, burning bits, two particle bursts, now and then a shockwave, a fireball, and explosion sound 11, on a sure voice within 20000 of the camera
00471db0	function	explode_burst	void __fastcall (GameObject *object)	Style 1's blast: the cloak dropped, the break-up, burning bits, two particle bursts and 18 fireballs about it, and explosion sound 11; the player's sets the marker view 0x1B watches, drifting at a quarter of its velocity
0046c550	function	explode_break_up	void __fastcall (GameObject *object, int kind, ModelNode *node)	Cuts each part node (kind 1) of the tree in four (model_slice, frame the root) and sends the pieces off as debris away from the ship: the first and fourth whole, turning up to 0.02 a tick, trailing smoke (0x00553358 for a blast, 0x00553354 for a burst) for 200 to 499 ticks; the second cut again in two and the third in four, turning up to cuts times 0.025 (blast) or 0.005 (burst), for up to 299 ticks (blast) or 300 to 599 (burst); then the node's children
0046bf20	function	model_slice	void ** __fastcall (void *frame, void *part, int cuts)	Cuts part's drawn mesh along cuts random planes through frame's origin: each polygon to the side the sum of its corners, in frame, lies on; each side a new mesh of its own corners in frame's orientation, centred on their mean, drawn with part's flags and 0x4000, standing there; copies each plane's normal only and makes every polygon plain
00472700	function	debris_add		The next of the 500 records of the debris table at 0x0055AE88 (0x40 bytes each: until, stage, object, velocity a tick, spin a tick, smoke emitter), round from 0x0055AD1C, freeing what was there (debris_free)
0046e480	function	explosions_update		Once a frame: moves the marker on by its drift while it moves, then the explosions' tables: the Uber Explode (0x00473210), rock chunks, streaming emitters, flickering lights, scripted effects, the break-up's debris, which ends in a fireball, then explosion_fireballs, each playing on: the bang's 16 textures or the sheet's 9 cells, drifting, coloured by how far it has played where it is lit, its light fading from 10
00472ab0	function	uber_explode_start	void __fastcall (int owner, Vec3 *at, float *orientation, float size, int duration)	The Uber Explode, the Huuuuuuuge Explosion order's: lists into uber_caught every object within 5 times size but the player, which is created and not disabled, with combat stats of a side but neutral and orders, and not a gate, the Boridin or its breakaway, running past the list's end with more than 80; makes the halves of uber_hemisphere, the ball (sphere_mesh_create) and its glow (Uber BMO, the gunflare partic6 texture), and two squares and a light it never adds to the scene; plays UBEREXP at the owner, flashes the screen for 100 ticks and sets off two shockwaves of kind 3, 16 and 6 times size across, over a quarter and a half of the duration
00473210	function	uber_explode_update	void (void)	First in explosions_update: past its duration the Uber Explode ends (uber_explode_free), plays CAPEXP at the owner, destroys each object the ball reached unless it is exploding, and raises the owner's explosion event; until half way the halves grow to 1.3 times size, open out until 0.3 (uber_hemisphere_open), and brighten and fade; from 0.3 the ball spreads to 5 times size, flickering, sets hit_shake, and knocks, spins, sets alight and stops each listed object it reaches; from 0.95 the screen flashes; from half way 12 to 24 burning bits a frame fly at the camera
004731a0	function	uber_explode_free	void (void)	Frees the Uber Explode's objects: the halves, the squares, the ball, the light and the glow
00473ea0	function	uber_hemisphere_open	void __thiscall (void *mesh, float radius, float share)	Lays the hemisphere's vertices out share of the way open: its rings share of pi/16 apart round from the pole at the origin, the bowl toward -Z
00473bf0	function	uber_hemisphere_create	void * (float radius)	The Uber Explode's hemisphere, fully open: a pole, seven rings of 18 and a last pole no triangle uses, 234 triangles over ring3, lit and blended by alpha
004268a0	function	ease_linear	float10 (int unused, float from, float to, float at)	From from to to in a straight line by at
0045ab50	function	event_post_explosion	void __fastcall (GameObject *object)	Queues explosion_ship on the object's mission ship, where it has one
004c4f90	function	light_free	void __fastcall (void *light)	Unlinks a light and frees it
0055870c	data	uber_started	int	The frame_start the Uber Explode went off at
00558710	data	uber_duration	int	How many ticks the Uber Explode lasts
00558714	data	uber_size	float	How far the Uber Explode reaches: it lists the objects within 5 times it
00558718	data	uber_owner	int	The slot of the object whose Uber Explode it is
00562b88	data	uber_caught	int[80]	The objects the Uber Explode lists, -1 after the last; the ball adds 1000 to each it reaches
005586f0	data	uber_halves	void *[2]	The Uber Explode's halves, UberHemi1 and UberHemi2; null while none goes off
005586f8	data	uber_waves	void *[2]	The Uber Explode's squares, UberWave1 and UberWave2, which it never adds to the scene
00558700	data	uber_ball	void *	The Uber Explode's ball of flame
00558704	data	uber_light	void *	The Uber Explode's light, UberExplosion_Light, which it never adds to the scene
00558708	data	uber_glow	void *	The Uber Explode's glow, Uber BMO
00562cd0	data	uber_hemisphere	void *	The hemisphere mesh the Uber Explode's halves share, which explosions_init makes
0046bd00	function	explosion_fireball	void __fastcall (Vec3 *at, Vec3 *velocity, int kind, float size, int life, bool light, int delay, bool lit, bool special)	Sets a fireball off in the first free of explosion_fireballs: a sprite of the size at, kind 0 playing explosion_bang_images, 1 the cells of explosion_sheet_image, mirrored by two random bits, blended over what is behind; drifting at velocity, after delay ticks, for life; with a light (1, 0.5, 0.1) of intensity 10 reaching 50 times the square root of the size, where asked
004717d0	function	explosion_bit	int __fastcall (Vec3 *at, Vec3 *direction, float body_chance, float size, float speed, bool rock)	Throws a burning bit into the next of explosion_bits: a rock chunk where asked, a body by the chance (scale 2.5, or 0.75 at size 0.1 or less), otherwise a piece of debris (half to one and a half times size); along direction at 1500 to 4500 a second, strayed up to a quarter radian about each axis, times speed; tumbling up to 0.05 a frame about each axis; for 1750 to 2250 ticks; the splits ask for bodies by their sequence, the Ulysses at 0.1, none for a rock
00471770	function	explosion_piece_load	void __fastcall (int n)	The first levels of debris type 0x4E plus n, their distances stretched by 1.5, for explosions_init
004717a0	function	explosion_body_load	void __fastcall (int n)	The first levels of crewman type 0x58 plus n, their distances stretched by 2.5, for explosions_init
0055ae60	data	explosion_pieces		The ten debris models a burning bit is picked from
00553388	data	explosion_bodies		The four crewman models a burning bit may be; explosion_bit picks the first three
00472780	function	rock_chunk_throw		Throws a rock chunk into the next of the 300 at 0x00558778, tumbling, along a direction with a small special fireball; a split Latov throws them in place of burning bits, and an asteroid hit (shieldfx kind 5)
00558778	data	rock_chunks		300 rock chunks of 0x20 bytes that rock_chunk_throw fills and explosions_update flies
00471d00	function	explosion_bit_free	void __fastcall (int slot)	Frees a bit's mesh object and counts one fewer
00553398	data	explosion_fireballs		Thirty fireballs, 0x2C bytes each: the sprite set, its light, its velocity, its birth, life, look (bit 2 the bang, bits 0 and 1 the mirrors), delay, whether it is lit, and whether it is special
005538c8	data	explosion_bits		Up to 500 burning bits, 0x28 bytes each: birth, life, kind (1 debris, 2 a body), the mesh object, velocity a second and spin a frame; as many in use as the detail setting allows (100, 300, 500)
00562cdc	data	explosion_bit_next	int	The slot of explosion_bits the next bit takes, wrapping at the detail's count
00562cd8	data	explosion_bit_count	int	How many bits fly; nothing reads it
0055ad08	data	explosion_bits_moved_at	int	The frame_start the bits last moved on at
00558734	data	explosion_bang_images	TextureImage *[16]	The bang's frames, explosion\bang_00000 to bang_00015
00558730	data	explosion_sheet_image	TextureImage *	Nine frames in a three by three sheet, explosion\explosion sheet
004688e0	function	object_retire	ObjectRoutine	What Explode leaves of an object: type 1001, flagged no_collisions, exploding, stand_in, frozen and unpowered, not targetable, and no orders
0055ad0c	data	explode_marker	void *	The frame camera view 0x1B watches: where the player's ship burst
0055ad10	data	explode_marker_drift	Vec3	How far explode_marker moves a frame: a quarter of the ship's velocity
0055acfc	data	explode_marker_moving	bool	Set once explode_burst has placed explode_marker
00463420	function	cloak_drop	ObjectRoutine	Drops an object's cloak: its nodes' callbacks freed (cloak_node_free), the cloaked flag cleared and its record freed
004c1070	function	vec3_lerp	void __fastcall (Vec3 *out, Vec3 *from, Vec3 *to, float share)	out = from + (to - from) * share
00588394	data	mission_ending	byte	How the mission is ending: 0 while it goes on, 1 the player's ship destroyed or the ejected pilot killed, 2 the ejected pilot picked up by a nanny ship, 3 picked up by the enemy, 4 the mission left from the pause menu (LEAVE MISSION), 5 a total failure (mission_end_record, a rating of -1), 6 the player's ship sent home for destroying a friend, 8 the player ejecting until the pod's time is up (order_eject settles it by the rescue odds); mission_end_record keeps the pilot's kills for every ending but 1 and 3; the debriefing names the ending by it
004645c0	function	component_damage	void __fastcall (GameObject *object, ModelNode *node, float damage, int attacker, DamageKind kind)	Resolves the armor-bearing part, applies object and listed-component invulnerability, records the attacker and marks destroyed parts; posts ShotAt events even when protection blocks lethal damage
004073e0	function	dock_nanny_init	void __fastcall (int slot)	Enables carrier pass-through and plain motion, and stores the docking port raised by the ship's height
00407510	function	dock_nanny_run	void __fastcall (int slot)	Approaches and enters a Nanny, closes the entry door, rearms after 500 ticks, opens the exit door and posts Docked before departure
00407d30	function	dock_limpet_init	void __fastcall (int slot)	Finds the limpet car and carrier docking points, enables pass-through and starts the approach
00407d70	function	dock_limpet_run	void __fastcall (int slot)	Approaches and slides to the carrier berth, transfers a limpet pod and rotates the clamps, then departs and posts Docked or Undocked
004081c0	function	dock_limpet_exit	void __fastcall (int slot)	Restores forward motion, clears attachment and clears the first two pass-through slots
00408210	function	dock_limpet_czar_init	void __fastcall (int slot)	The init of a limpet car docking at the Czar docked, the fourth of dock_styles: dock_limpet_init
00408220	function	dock_limpet_czar_run	void __fastcall (int slot)	The update of a limpet car docking at the Czar docked: dock_limpet_run for steps 0 to 2, then set in its berth with its clamps turning and Docked posted, a hold of 12000 ticks, backing away, and Undocked as the order ends; no pod
004084a0	function	dock_limpet_czar_exit	void __fastcall (int slot)	The exit of a limpet car docking at the Czar docked: dock_limpet_exit, which it jumps to
004084b0	function	dock_limpet_pod_run	void __fastcall (int slot)	Destroys the attached limpet pod when its docking target explodes
004084e0	function	dock_limpet_pod_exit	void __fastcall (int slot)	Clears the limpet pod's first two pass-through slots
0041d220	function	warp_record_start	void __fastcall (int slot)	Creates or initializes a warp record, saves the ship's departure orientation and position, and advances the order step
0041d2b0	function	warp_beam_build		Builds a warp projector beam: an end quad and three longitudinal blades, 110 wide and initially 400 long
0041d510	function	warp_projector_beams		Places four beams from point group 10 to alternating counter-rotating endpoint frames; the Yamato uses Yam_Warp_Proj_3
0041dc20	function	warp_beam_fade		Keeps beam brightness until progress 0.9, then linearly fades it to zero
0041dc60	function	warp_ring_depth		Cosine-interpolates a ring depth until progress 1, then oscillates between 80 and 100 percent of the depth interval
0041dd20	function	warp_ring_radius		Cosine-eases a radius from five percent to its full value
0041dd50	function	warp_open_depth		Square-root easing for the warp tunnel's opening depth
0041e550	function	order_warp_out_init	ObjectRoutine	The init of Warp Out: clears the ship's controls, starts it aligning with its target, and asks the player's slots to uncloak
0041e5c0	function	order_warp_in_init	ObjectRoutine	The init of Warp In: stops the ship, records where it arrives, and takes the target's orientation
0041e710	function	order_warp_out	ObjectRoutine	Warp Out: aligns the ship, opens and extends its tunnel, then moves its frame ahead along the object's own orientation, stretched along Z from a copy of that orientation each frame, and queues Warp In with the same sequence
0041f260	function	order_warp_in	ObjectRoutine	Warp In: opens the arrival tunnel, shows the ship as it comes out, then removes the tunnel, puts back its flags and posts JumpedIn
0041e660	function	warp_arrival_position		Places an arrival at its target, alternating sequence positions along the target X axis in steps of 3000
0041fd50	function	warp_endpoint_frames		Places the two counter-rotating beam endpoint frames ahead of the ship at tunnel depth plus ship-type depth
0051d194	data	warp_beam_particles	ParticleTemplate *	Small particles streamed from warp projector beam endpoints
0051d138	data	warp_large_particles	ParticleTemplate *	Large warp particle template, with sizes 1000, 750 and 500 over its life
0051d22c	data	warp_beam_texture	TextureImage *	The warp beam texture: laser2 for hardware, ddlaserr for software
00463640	function	object_cloak	void __fastcall (int slot)	Cloaks an object: sets its cloaked flag, posts the Cloaked event and sets up the cloak state at +0x63C
00401830	function	object_set_targetable	void __fastcall (int slot, bool targetable)	Sets or clears the object's targetable flag; it stays clear when the word at +0x24 of the combat stats is zero
00401380	function	ai_steer	bool __fastcall (int slot, Vec3 *point, float limit, float ease, uint flags)	The AI's steering: turning inputs toward point, less (1 - ease) * 6 times each turn rate, times 11.46, held within limit. Flags 1 and 2 run avoid_near and avoid_ahead first, 4 rolls upright, 8 keeps pitch at 0.2 or more. Returns whether avoidance took over
004028f0	function	avoid_near	bool __fastcall (int slot, Vec3 *point)	Moves the point a ship steers at around the objects in its first avoidance list (+0x6B8) it closes on within 250 steps: onto the nearest face of their box, widened twice by its radius, at the corner nearest the point; false when there is nothing to avoid or the ship has no_avoidance
00402dc0	function	avoid_ahead	bool __fastcall (int slot, Vec3 *point)	Moves the point a ship steers at around the objects in its second avoidance list (+0x6E4), taken where they will be by the time the ship reaches them at its cruise speed: within 1000 (500 of another side) of the line, the point goes that far ahead, above or below by both radii and 2000 (1000); not for ships with components
00403170	function	ai_roll_upright	void (void)	Rolls the ship toward the world's Y axis, through 0x403090
00401870	function	order_target_valid	bool __fastcall (OrderEntry *entry, uint allowed)	Whether an order's target, or a record laid out like one, can still be aimed at: a targetable object not cloaked, exploding, disabled or ejected nor with flag 0x10000000, except the flags in allowed, and a component that is there and neither hidden nor 0x10
004add10	function	object_random	float __fastcall (GameObject *object)	The object's own random number from 0 to 1: its seed steps as seed * 0x343FD + 0x269EC3, and bits 16 to 30 of it over 32767 are the number
00403000	function	object_stop	void __fastcall (int slot)	Stops an object dead: velocity, speed, throttle, inputs and rates zero, and no rotation
00463600	function	object_toggle_cloak	void __fastcall (int slot)	Cloaks or uncloaks an object whose model can cloak
00463560	function	object_set_cloak	void __fastcall (int slot, bool cloaked)	Cloaks or uncloaks an object, and the ships being launched from it
00463780	function	object_uncloak	void __fastcall (int slot)	Uncloaks an object
004629d0	function	cloak_node_reveal	void __fastcall (GameObject *object, ModelNode *node, int passed_on, Vec3 *at)	A hit at a point shows a cloaked node's hull round it, where the node cloaks (cloak_node_cloaks): each vertex of its drawn level within 1.123 of the object's radius (a Kafelnikof part's smallest extent) gains alpha in its frame's own colours (+0x110), the more the nearer, over 0.45 of it, up to 1; then its children
00462b80	function	cloak_node_see_through	void __fastcall (GameObject *object, void *cloak, ModelNode *node)	A node that cloaks is drawn by the cloak: its frame takes the hull callback (cloak_hull_callback) and the see-through levels of the part's mesh set (+0x160, +0x18C), its own colours cleared; then its children
00462d30	function	cloak_node_restore	void __fastcall (GameObject *object, void *cloak, ModelNode *node)	A node that cloaks has its own levels back (+0x10C, +0x138), alpha 1 and its own colours cleared; then its children
00462eb0	function	cloak_node_shimmer	void __fastcall (GameObject *object, void *cloak, ModelNode *node)	A node that cloaks gets its shimmer at +0x0C: an object of the cloak's meshes (cloak_mesh_build), clear, its texture coordinates random in 0 to 1, drawn through cloak_shimmer_callback; then its children
00463050	function	cloak_shimmer_swirl	void __fastcall (ModelNode *node, int ticks, float strength, bool children)	A node's shimmer, ticks since it was drawn: each texture coordinate turns about (0, 0) by 0.008 a tick over its squared distance from there, and each vertex takes cloak_colour at strength, unlit; with children, theirs too
004631e0	function	cloak_colour_at	void __fastcall (float *rgb, float strength)	The shimmer's colour: from black to (185, 203, 82) / 256 by cosine_ease as strength goes to 0.3, then on to (0, 0, 80) / 256
004632b0	function	cloak_colour	void __fastcall (float *rgb, float strength)	The shimmer's colour at strength, from cloak_colours
004632f0	function	cloak_hull_fade	void __fastcall (ModelNode *node, int ticks, float solid, bool children)	A node's hull, ticks since it was drawn: while it is clear (solid 0), what hits showed of it fades by 0.01 a tick, else its alpha is solid; with children, theirs too
00463470	function	cloak_node_free	void __fastcall (ModelNode *node)	Frees the records of a node's cloak callbacks, for its frame and its shimmer, and clears the callbacks; then its children
00463500	function	cloak_init	void (void)	Fills cloak_colours from cloak_colour_at, a step of 1/1024, and requires cloak64 into cloak_texture
00463550	function	cloak_free	void (void)	Releases cloak_texture
00463810	function	cloak_frame	void __fastcall (int slot)	In the pass that draws the objects, for an object with a cloak: what its shimmer and hull were drawn at moves back a frame; over 250 ticks the shimmer strengthens and the hull fades, or the other way as it goes; come on, every node's hull is clear and its shimmer whole; gone, each node is restored and the cloak dropped
004639b0	function	cloak_wobble	void __fastcall (int slot)	But for the Kafelnikof, while the cloak changes, the root frame shears by 0.15 at most, three ways at rates 20, 26 and 14 with starts 0, 2.8 and 0.9 over the change, swelling and dying away as sin(done * pi)
00463af0	function	cloak_reveal	void __fastcall (int slot, int passed_on, Vec3 *at)	A hit on a cloaked object at a point: the cloak's struck time is now, and its nodes show their hull there (cloak_node_reveal)
00463b20	function	cloak_shimmer_callback	int __fastcall (void *frame)	The shimmer's per-object callback: unless paused, swirls it (cloak_shimmer_swirl) for the ticks since it was drawn, or skips it (0x100) while the shimmer is nothing or on the Kafelnikof
00463b90	function	cloak_hull_callback	int __fastcall (void *frame)	The hull's per-object callback: skipped (0x100) on the software renderer; else, unless paused or the node doesn't cloak, fades it (cloak_hull_fade) for the ticks since it was drawn
00463bd0	function	cloak_target_far	bool __fastcall (int target, int slot)	Whether two objects stand further apart, root to root as they stand now, than both radii and 10000 (0x004DC43C); fight_fire fires at a cloaked target only then
00463c30	function	cloak_node_cloaks	bool __fastcall (GameObject *object, ModelNode *node)	Whether a node cloaks: every node, but on the Kafelnikof only those named in kafelnikof_cloaking_parts
004c24f0	function	mat3_shear_x	void __fastcall (float *m, float a, float b)	m = m times (1, 0, 0, a, 1, 0, b, 0, 1)
004c2550	function	mat3_shear_y	void __fastcall (float *m, float a, float b)	m = m times (1, a, 0, 0, 1, 0, 0, b, 1)
004c25b0	function	mat3_shear_z	void __fastcall (float *m, float a, float b)	m = m times (1, 0, a, 0, 1, b, 0, 0, 1)
00541428	data	cloak_texture	TextureImage *	cloak64, which cloak_init requires and cloak_free releases
0054142c	data	cloak_colours	float[1024][3]	The shimmer's colours by strength, which cloak_init fills
004e1998	data	kafelnikof_cloaking_parts	char[7][20]	The Kafelnikof's parts that cloak: Kaf bot vent, Kaf comms twr, Kaf ext vent, Kaf frnt vent, Kaf land plat, Kaf shield gen, Kaf top vent
004e2314	data	ripper_back_pincer_names	char[4][24]	The Ripper's back pincers: Ripper Back pincer 05, 04, 03 and 2. node_draw draws their engine glows, turned round, while a Ripper backs up, and airipper_fx_pincers finds the points the tractor beams come from on them
00504748	data	ripper_thrust_names	char[2][16]	The Ripper's thrusters, Ripper r thrust and Ripper l thrust, whose engine glows node_draw draws while a Ripper flies forward
004c10d0	function	vec3_scale	void __fastcall (Vec3 *out, Vec3 *v, float s)	out = v * s
004c10b0	function	vec3_scale_by	void __thiscall (float s)	Scales the vector in ECX by s
004c1320	function	vec3_distance_squared	float __cdecl (Vec3 *a, Vec3 *b)	The square of the distance between two points
004c12a0	function	vec3_length_squared	float __cdecl (Vec3 *v)	
00587cc4	data	mission_ticks	int	Ticks game_tick has run since the mission started, paused ones aside
005883b0	data	frame_start	int	mission_ticks when the current frame began
00588330	data	frame_duration	int	Ticks between the previous frame and this one
00491e00	function	frame_begin	void (void)	Starts a frame: frame_duration becomes the ticks since frame_start, and frame_start becomes mission_ticks
00491de0	function	frame_reset	void (void)	frame_start becomes mission_ticks, and frame_duration zero
004983a0	function	noop	void (void)	Returns at once; tables use it for a routine with nothing to do
00405010	function	maneuver_compile_line	void __fastcall (ManeuverScriptLine *script, int line)	Compiles a line of a maneuver script into maneuver_code, the first time the line runs: src/engine/game/aidefend/script.zig does the same
00404f00	function	script_skip_spaces	void __fastcall (char **cursor)	Skips spaces and tabs
00404f20	function	script_read_word	void __fastcall (char **cursor, char *word)	Reads a word of letters, digits and _ . : -
00404f80	function	script_read_arguments	int __fastcall (char **cursor, char **arguments)	Reads an argument list, (, words separated by commas, ), four words at most; returns the count
004069b0	function	maneuver_run	void __fastcall (int slot)	Runs the Fight order's maneuver for an update: starts lines until one waits, compiling each the first time, then runs the waiting one
00405b20	function	maneuver_start_timer	ManeuverHandler	The start of most waiting instructions: their time is up min + random * (max - min) ticks after frame_start
00405b70	function	maneuver_jump	ManeuverHandler	The start of Goto and Else: goes on after the instruction's line
00405e60	function	maneuver_fly_to_point	ManeuverHandler	The run of Runaway and Outofactionsphere: steers at the state's point until the time is up
00405c50	function	maneuver_stop_weaving	void __fastcall (int slot, FightState *state)	Clears weaving
00405c60	function	maneuver_steer_to_point	void __fastcall (int slot, FightState *state)	Steers at the state's point at full throttle; once the point is nearly dead ahead it pitches at full rate until the point is 45 degrees off, weaving. With anything to avoid, ai_steer with flags 3 instead
004c18a0	function	mat3_forward	void __fastcall (Vec3 *out, float *m)	out = the third column of m: for an orientation, the forward axis
004c11c0	function	vec3_dot	float __fastcall (Vec3 *a, Vec3 *b)	
004c1370	function	vec3_normalize	void __cdecl (Vec3 *v)	Scales v to length 1, or makes it a tiny forward vector when it has none
004e0cb8	data	maneuver_code_end	byte *	Where maneuver_compile_line writes the next instruction
00515da4	data	maneuver_code		The compiled lines of the maneuver scripts, packed as the compiler writes them
004e1918	data	maneuver_choices	byte *[9]	The lists Fight picks a maneuver from, a count and then maneuver numbers, by where the target is from the ship's nose, then where the ship is from the target's
004e193c	data	pursue_distances	float[3]	How far off a target Fight pursues it, by the pilot's value 3, before the target's speed scales it
00515d7c	data	wing_second	short[6]	The mission's second wing, as mission_wings_build lists it. Nothing reads it
00515d88	data	player_wing	short[6]	The slots of the player's wing, -1 for none, as mission_wings_build lists it with mission_start putting the player's first: the ships the wing status window shows and the radio's orders go to
00515d94	data	wing_third	short[6]	The mission's third wing, as mission_wings_build lists it. Nothing reads it
004f8890	data	wing_icons	short[48]	Pairs of a ship type and the shape the wing status window shows it by, which mission_start gives each ship of the player's wing: the twelve ships the player can fly and their twins
00515d74	data	action_sphere_radius	float	The action sphere's radius: 220000 from the AI's setup, and where SetActionCentre gives none
00515d78	data	action_sphere_center	short	The object the action sphere is around, which fighters away from the fight return to; SetActionCentre moves it
0040a3a0	function	fight_choose_maneuver	void __fastcall (int slot)	Chooses the Fight order's next maneuver into its entry's data: by the matchup, then its length
0040a000	function	fight_choose_by_position	bool __fastcall (int slot, FightData *data, OrderEntry *entry)	Chooses between fighters: pursue when far, run away when close, else from maneuver_choices by where the two ships are
0040a220	function	fight_choose_against_massive	void __fastcall (int slot, FightData *data)	Attack massive object, for 20000 ticks, against a target with components
0040a230	function	fight_choose_out_of_sphere	bool __fastcall (int slot, FightData *data, OrderEntry *entry)	Out of action sphere, for 500 ticks, for a ship away from the action sphere with no player near
0040a390	function	fight_choose_as_massive	void __fastcall (int slot, FightData *data)	Attack medium fighter, for 10000 ticks, for a ship with components
00409f00	function	fight_find_ship_to_run_to	bool __fastcall (int slot, FightData *data)	Finds the nearest friendly ship with components and combat class 2 or 3 to run to; false when there is none or the ship is near one already
00409be0	function	fight_aim	void __fastcall (int slot, FightState *state, OrderEntry *entry)	Aims the guns: every aim_interval ticks of the pilot at the target, led where it can be, and reckons its drift as a quarter of the target velocity; moves the aim by it each update, then calls fight_fire
00409d10	function	fight_call_for_help		Has a ship the player has hurt badly send its nearest fighting wingman at the player
004096b0	function	fight_fire	void __fastcall (int slot, FightState *state, ModelNode *node)	Fires for the pilot burst once its pause has passed, with the aim along the nose within fire_spread target radii and the node within a quarter of a laser cannon's range; then locks the first rack that is not a Jack Hammer's on the target within its lock range and 0.7 of the nose, ready (+0x2F) once locked_at has passed, launching one time in five once missile_at has; and with a missile homing on it spends a countermeasure once countermeasure_at has passed
00409ec0	function	fight_update_cloak	void __fastcall (int slot, FightState *state)	Uncloaks the ship when its maneuver asked for no cloak, and cloaks it once cloak_at passes when it asked for one
00462550	function	object_spend_countermeasure	void __fastcall (int slot, int missile)	Spends one of an object's countermeasures (+0x5EC), the player's with hud_beep 0, or 3 with none left: drops one at its tail at its next place, drifting at a quarter of its velocity plus 5 along its Y axis and 5 back, trailing decoy_particles fore and aft, for 1000 ticks; then, outside a network client, the first missile in record order homing on it undecoyed that rolls under its decoy chance (30 more against a player, 50 more against a pilot whose countermeasures least is 50) chases it. A client takes the host's missile
004c3830	function	SR_init	void * __fastcall (void)	Clears sr_context and returns it
005e6b50	data	sr_context		Surrender's state: the device, its texture limits, the palette and colour cube in use
00588730	data	sr	void *	What SR_init returned: sr_context
004acbe0	function	renderer_start		Starts Surrender on a device: palette and colour cube, texture size cap from texture_detail, texture cache
00595d7c	data	texture_detail	int	Tdetail in the Device section of the settings: 0, 1 or 2 caps textures at 128, 256 or 2048
004c9a40	function	texture_cache_open	void __fastcall (char *path, char fresh)	Reads the header and directory, or starts an empty cache when the file is missing or of another version, or fresh is set
004c9c50	function	texture_cache_close	void __fastcall (void)	Unloads every texture and closes the file
004c9c90	function	texture_upload	void __fastcall (TextureImage *image)	Fits an image to the device's limits, applies brightness and contrast, converts it and hands it to the device
004c9df0	function	path_file_name	char * __fastcall (char *path)	What follows the last \, / or : of a path
004c9e20	function	texture_find	TextureImage * __fastcall (char *name)	The texture of that file name, ignoring case, its pixels read and uploaded on first use; null when absent
004c9f40	function	texture_add	TextureImage * __fastcall (char *name, int width, int height, int bytes, uint flags)	Appends an entry and allocates its pixels. No callers
004c9ff0	function	texture_create_transient	TextureImage * __fastcall (char *name, int width, int height, int bytes, uint flags)	Makes or remakes an entry kept in memory only. Remaking one in use hands its device texture to the driver's release (sr + 0x4C) and frees its pixels first
004ca120	function	texture_commit	void __fastcall (TextureImage *image)	Builds a new texture's mipmaps if flagged, keeps its pixels, in memory when transient, else appended to the file with the directory rewritten, and uploads it
004ca2b0	function	texture_release	void __fastcall (TextureImage *image)	Drops a use. The last hands the image to the driver's release (sr + 0x4C), which frees its device texture, then frees the pixels
004ca320	function	textures_unload	void __fastcall (void)	Hands every texture in use to the driver's release (sr + 0x4C) and frees its pixels
004ca370	function	textures_reload	void __fastcall (void)	Reads and uploads the pixels of every texture in use again
00494a30	function	texture_require	TextureImage * __fastcall (char *name)	texture_find, asserting Could not find image %s on a miss
005e83d0	data	texture_cache_header	TextureCacheHeader	
005e83e0	data	texture_cache	TextureEntry[1000]	
00622e60	data	texture_cache_file	FILE *	
004c85b0	function	image_pixel_count	int __fastcall (TextureImage *image)	Pixels in all of an image's levels; sets levels to 1 without mipmaps
004c8600	function	image_convert	void __fastcall (TextureImage *image, PixelFormat *format)	Converts an image's pixels to another format, through the palette for indices
004c8e70	function	image_build_mipmaps	void __fastcall (TextureImage *image)	Converts an image to 32 bits and appends its mipmap levels, down to a smaller side of 2
004c9840	function	image_adjust	void __thiscall (float brightness, float contrast)	Converts the image in ECX to 32 bits, then scales every byte by 1 + contrast and adds brightness times 256
004c3430	function	pixel_format_set	void __fastcall (PixelFormat *format, uint index, uint alpha, uint red, uint green, uint blue)	A format from masks: 4 bytes a pixel with a bit above 15, else 2 with one above 7, else 1
004c33e0	function	pixel_format_shifts	void __fastcall (PixelFormat *format)	Each channel's shift and loss from its mask
004ca9b0	function	SR_TGA_get_palette	void __fastcall (byte *tga, byte *palette)	Copies the first 256 colour map entries of a colour-mapped TGA, as red, green, blue
004cacb0	function	SR_TGA_allocate_palette	byte * __fastcall (char *name)	Loads an 8-bit TGA and returns its palette
004cb9d0	function	SR_CCB_load	void * __fastcall (char *name)	Loads a colour cube: a palette and a 64x64x64 table of indices
004cbbd0	function	SR_CCB_save	int __fastcall (char *name, void *ccb)	Writes a colour cube to a file. Nothing in the game calls it; its asserts name the cube's fields: lut, palette, dacinfo and paletteinfo
004a4070	function	static_lights_mark	void __fastcall (void *model)	Sets part flag 0x40 on the parts of each class, damaged or not, that holds a static light: an attachment of kind 4 with a range and no blinking
004a4310	function	static_lights_bake	void __fastcall (void *model)	Bakes each static light into the meshes of every level of the parts of its class
004a4130	function	static_light_bake	void __fastcall (void *part, int level, void *light)	Adds a static light to the baked colours of a part's level
004c4f30	function	light_create	void * __thiscall (float x, float y, float z, float pitch, float yaw, float roll)	Allocates a light object, 0xDC bytes, at a position and turned by three angles; the caller sets its kind and the rest
004c3490	function	SR_object_concate_parents	void __fastcall (void *object)	An object's place in the world at +0x4C and +0x70: its own, after its parent's, once a frame
004a3040	function	mesh_build	void * __fastcall (void *model, void *part, int level)	A part's mesh for one level of detail: a group with a material of its own for each run of faces with the same shading and material
004c4440	function	mesh_create	void * __fastcall (int polygons, int vertices, int indices, uint flags)	Allocates a mesh, zeroed
004c4bd0	function	mesh_object_create	void * __fastcall (void *levels, void *mesh, uint flags, char *name)	A scene object of type 1 showing a set of levels (count, distances, meshes) or, without one, a single mesh; its face mask starts all ones, and it takes colours of its own when the mesh has flag 0x1000
004c3c50	function	SR_mesh_set_poly_flags	void __fastcall (void *mesh, byte keep, byte set)	Each polygon's flags become flags & keep | set. No callers
004a3cb0	function	cloak_mesh_build	void * __fastcall (void *model, void *part, int level)	The mesh the cloak effect draws for a part's level: one surface, textured by coordinates from the normals, lit on hardware, added
004c3e30	function	SR_mesh_calc_vertex_normals	void __fastcall (void *mesh)	Each vertex normal as the normalized sum of the planes of the polygons using it
00524976	data	loadout_ship_models	byte	Set while the loadout screen loads the ship models: mesh_build looks up their textures as g and the material's name
00524977	data	loadout_weapon_models	byte	Set while the loadout screen loads the missile and gun models: mesh_build looks up their textures as r and the material's name
005959f4	data	model_multiplayer_ship	byte	Set while model_load loads a ship type's model in a multiplayer mission, which then gets the cloak mesh sets
00582e8c	data	multiplayer_mission	byte	Set by mission_start where the mission is one of the multiplayer game's scenarios' maps (dm_scenario_mission: missions 81 to 85 and 87), and by the Zone launcher's status; hud_window_open then opens no missile display, window 9 or objectives, and the radio's menu offers no base
004c78a0	function	sr_render	int __fastcall (void)	Draws a frame with sr_draw_layers, then counts it and its time
004c7960	function	sr_draw_layers	int __fastcall (void)	Begins the scene; for each layer, runs each object through its pipeline and the device, then sorts and flushes the layer's blended polygons; ends the scene
004c75c0	function	SR_meshpipe_init	int __fastcall (void *object)	Culls, projects and lights a mesh object's vertices for the frame; non-zero when nothing is left to draw
004c4db0	function	sprite_set_create	void * __fastcall (int count, uint flags, char *name)	A scene object of type 4 holding sprites that share a material: mesh coordinates, unlit, added, no texture until given one; each spans its whole texture
004ce4d0	function	SR_bmopipe_init	int __fastcall (void *sprites)	The pipeline for a set of sprites (srBMO.cpp): each sprite's rectangle in view units, those at least a pixel across and in view listed; non-zero when none is
004c7d00	function	SR_object_rotate	int __fastcall (void *object)	An object in the camera's frame: its origin, and its orientation times the camera's transposed, scaled
004c5e20	function	object_view_test	int __fastcall (void *object)	An object's bounding sphere against the view: non-zero when outside it or smaller than a pixel; every clip plane when it crosses a side
004c5fb0	function	object_level_select	int __fastcall (void *object)	Picks a mesh object's level of detail by depth over the detail divisor, and how far it has moved toward the next; then, when clipping, tests the level's bounding box
004c6cf0	function	mesh_list_marked	int __fastcall (void *object)	Lists the vertices mesh_cull marked
004c6710	function	mesh_transform_clipped	int __fastcall (void *object)	Turns the marked vertices into the camera's frame and notes the planes each lies outside
004c6a60	function	mesh_cull_clipped	int __fastcall (void *object)	Drops the polygons wholly outside a plane and notes the planes the rest cross
004c6c00	function	mesh_project_clipped	int __fastcall (void *object)	Lists the vertices still marked and projects those inside the view
004c5dc0	function	screen_clamp	void __fastcall (float *point)	Keeps a projected point within the viewport
004c3ca0	function	SR_mesh_calc_poly_normals	void __fastcall (void *mesh)	Each polygon's plane: its unit normal and the normal's dot product with its first corner
004c3f10	function	SR_mesh_find_bounding_box	void __fastcall (void *mesh)	The mesh's bounding box and its farthest vertex from the origin
004c4090	function	mesh_texel_areas	void __fastcall (void *mesh)	For each polygon of a textured group, twice its area in texture space, in texels
004c4040	function	triangle_area_xy	float __fastcall (Vec3 *a, Vec3 *b, Vec3 *c)	A triangle's signed area in the XY plane
004a2fd0	function	fan_merges	bool __fastcall (void *faces, int face)	Whether a fan's records all have normals within a dot product of 0.999 of its first's, so mesh_build merges them into one polygon
004ce830	function	line_pipe	int __fastcall (void *object)	The pipeline for scene objects of kind 5 (srline.cpp): projects the object's vertices, keeping a clip code for each, and marks each segment whose two ends are off the same side. Dead in the shipped game: nothing creates an object of kind 5, and the driver leaves sr+0x5C null
004ce7b0	function	balls_pipe	int __fastcall (void *object)	The pipeline for scene objects of kind 6 (srballs.cpp): projects the object's place and scales its radius by the perspective. Dead in the shipped game: nothing creates an object of kind 6, and the driver leaves sr+0x60 null
004cd6a0	function	streak_clip	int __fastcall (float *now, float *before)	Cuts a star's streak to the view's bounds; -1 when it lies wholly outside one
004cd340	function	dust_streak_project	int __fastcall (float *now_screen, float *now, float *before_screen, float *before)	Cuts a mote's streak to the near plane, projects both ends, and cuts it to the view
004c3330	function	sr_round	int __cdecl (float x)	x rounded to the nearest whole number
004c6280	function	mesh_cull	int __fastcall (void *object)	Lists each group's polygons that face the camera, with the face mask applied to polygon flags, and marks their vertices
004c6d40	function	mesh_project	int __fastcall (void *object)	Turns the marked vertices into the camera's frame and projects them; depth is sqrt(1/z), scaled
004c7060	function	mesh_light	int __fastcall (void *object)	Vertex colours: the object's colour and ambient lights, baked colours, then point and directional lights, clamped to 1
004c7590	function	mesh_generated_coordinates	int __fastcall (void *object)	mesh_sphere_map for each pass the object's flags 0x200 and 0x400 ask for
004c7360	function	mesh_sphere_map	int __fastcall (void *object, int pass)	A pass's texture coordinates from the vertex normals turned into the camera's frame: 0.5 + 0.5 * x, 0.5 + 0.5 * y
004c7b30	function	depth_sort	void * __fastcall (void *list)	Radix-sorts a layer's blended polygons by depth key, farthest first
004cde40	function	SR_mesh_pointlight	int __fastcall (void *object, void *light)	Adds a point light to the vertex colours: its colour times intensity, the cosine, and (1 - r/R) squared
004ce120	function	SR_mesh_dirlight	int __fastcall (void *object, void *light)	Adds a directional light to the vertex colours: its colour times intensity and the normal's dot product with its forward axis
005e829a	data	detail_divisor	float	Depths are divided by this before choosing a level of detail. mission_frame raises it by 0.05 while frame_time is under 1/40 s and lowers it by 0.5 while over 1/30 s (1/60 and 1/40 at detail 2), within 0.75 to 1.5, 1 to 2 or 1.5 to 3 by the detail setting
005e82f4	data	frame_vertices	int	The vertices of the mesh objects drawn so far this frame; SR_meshpipe_init leaves out an object that would take it past 19999
005e82f8	data	frame_polygons	int	The polygons of the mesh objects drawn so far this frame, likewise limited to 19999
005d5618	data	light_maps	int	Lmaps in the Device section of the settings, default 1: light maps and highlights
004a4e70	function	backdrop_create	void __fastcall (void)	Builds the star fields from space.tga, the dust, the lights and the sun's sprites
004a5930	function	backdrop_free	void __fastcall (void)	
004a5a00	function	backdrop_place	void __fastcall (void)	Aims the sun, the key lights and the dome from the sun marker, and the fill lights and the nebula from the nebula marker
004a5c80	function	backdrop_reset_streaks	void __fastcall (void)	Makes every star field take this frame as its last, so a cut draws no streaks
004a5cd0	function	backdrop_frame	void __fastcall (void)	Adds the lights, star fields, dust, sun and lens flares to the scene, placing the flares and sizing the sun's sprites
004adb30	function	scene_add	void __fastcall (void *object, int layer)	Pushes an object onto its layer's list, lights onto list 3 and type 8 onto list 4; mission_frame empties the lists each frame
004c4200	function	object_unlink	void __fastcall (void *object)	Takes an object out of whichever scene list holds it
004c42c0	function	SR_object_add	void __fastcall (void *object)	Pushes an object onto the list its type names. No callers
004c5240	function	stars_create	Stars * __fastcall (int count)	A star field: untextured, lit and added
004c5380	function	stars_project	int __fastcall (Stars *stars)	Projects a star field for the frame, with last frame's positions for streaks; non-zero when none shows
00498450	function	nebula_dome_software	void __fastcall (void)	The software renderer's sky dome: a 20x10 band at radius 1000
00498810	function	nebula_dome	void __fastcall (void)	The sky dome: a 15x8 band at radius 5000, coloured from starref12.tga
00498b30	function	nebula_create	void __fastcall (void)	Builds the sky dome and both nebula patches
00498c80	function	nebula_free	void __fastcall (void)	
00498d00	function	nebula_select	void __fastcall (void)	Shows the nebula nebula_requested names: its texture, its fill light colour, and the smaller patch for nebula 5
00498e10	function	nebula_frame	void __fastcall (void)	Centres the dome and the nebula on the camera and adds them to the background layer
00498ea0	function	sky_patch_create	void * __fastcall (void *texture, int columns, float radius, float pitch_min, float pitch_max, float yaw_min, float yaw_max, int rows)	A textured patch of a sphere around the camera: unlit and added
00469c60	function	environment_effect_set	void __fastcall (int effect, char on)	Sets or clears an environment effect's bit and runs its handler; Ice Field and Planet Bombard have none
00469d30	function	environment_update	void __fastcall (void)	Applies a pending nebula choice, object flag 0x400 changes and environment effect changes
004cabe0	function	SR_TGA_allocate_raw	byte * __fastcall (char *name)	A TGA's pixels, top row first; 24-bit ones widened to 4 bytes
004cad60	function	SR_TGA_rle_uncompress		
004c1940	function	mat3_look_at	void __fastcall (float *m, Vec3 *from, Vec3 *to, float roll)	An orientation whose forward axis points from one point to another: turned about Y, then X, then rolled
004c2190	function	mat3_turn_y	void __thiscall (float angle)	Turns the matrix in ECX about Y
004c2100	function	mat3_turn_x	void __thiscall (float angle)	Turns the matrix in ECX about X
004c2220	function	mat3_turn_z	void __thiscall (float angle)	Turns the matrix in ECX about Z
004c3200	function	sr_atan2	float __stdcall (float y, float x)	The angle whose tangent is y / x, from a table; it pops its own arguments
00595a30	data	star_fields	Stars *[100]	
00595bc8	data	star_field_count	int	
00595a28	data	space_dust	Stars *	
005959fc	data	light_key_01	void *	The key light for models whose objects list components (mask 0x01)
00595bcc	data	light_fill_02	void *	The fill light for models whose objects list components (mask 0x02)
00595bd4	data	light_ambient_04	void *	Ambient, 0.04 (mask 0x04)
00595bd0	data	light_key_08	void *	The key light for the other models (mask 0x08)
00595a00	data	light_fill_10	void *	The fill light for the other models, at 0.7 (mask 0x10)
00595bd8	data	light_ambient_20	void *	Ambient, 0.09 (mask 0x20)
00595be0	data	sun_direction	Vec3	
00595a04	data	sun_sprites	void *[9]	sunlayer1, sunlayer3, six lens flares, sunlayer2
0058a6a4	data	sky_dome	void *	
0058a6a8	data	nebula_patch	void *	
0058a6ac	data	nebula_patch_small	void *	Nebula 5's
0058a100	data	nebula_shown_patch	void *	
0058a6b8	data	nebula_requested	int	Set by SetEnvironmentFXNebula, shown by environment_update
0058a6b4	data	nebula_shown	int	
00504000	data	nebula_fill_colours	float[21]	Red, green and blue for each of the seven nebulae
004ff808	data	environment_effects		Thirteen 32-byte entries: switch-on and switch-off handlers, none set, then a name; the byte 4 before each entry says whether turning it on or off waits for environment_update
005db8e8	data	timer_ticks	uint	Every tick of the timer, the paused ones included; tick_timer advances it before it looks at paused
00587cb0	data	paused_ticks	int	Ticks game_tick has skipped while the game is paused
00588718	data	simulation_counter	int	game_tick calls since the simulation step last did its work, which it does on the fourth
00562ffc	data	simulation_turn	int	The object whose orientation simulation_step orthonormalizes this step; moves on by one each step and goes round the live objects
00499540	function	node_mount_glow	void __fastcall (void *node, ShpAttachment *attachment)	Makes an engine glow node, kind 2, for an attachment of kind 2: its mesh is the Engine Mesh, and its cull radius the largest of the attachment sizes. A glow that burns forward (Z axis times length above 0) sets its ship's can_reverse flag
00499730	function	node_mount_light	void __fastcall (void *node, ShpAttachment *attachment)	Makes the nodes of a light attachment (kind 4): kind 3, its two sprites, where the attachment has a width; kind 5, a point light, where it blinks and has a brightness
00476c90	function	node_tree_update	void __fastcall (ModelNode *root)	Once each simulation step for each live object, before the objects move: walks from the root into children that are animating (flag 0x800), not hidden and not flagged 0x80. Each node commits a pending next place (the 0x48-byte block at +0x5C over +0x14, clearing flag bit 0 and setting bits 1 and 2), moves its track time on by its speed in its mode (1 once, 2 looping, 3 back and forth), poses it with node_animate, and sets off the events whose times it passed
00499f40	function	node_animate	void __fastcall (ModelNode *node, float at)	Sets a node's animated offset and angles from its part's animation track at a time, taken between the keyframes either side of it, or from the last where the time runs past them; a node whose track index is past the part's tracks takes none. Then node_place works its place out
0049a140	function	node_place	void __fastcall (ModelNode *node)	Works a part node's next place out in the frame of the node it hangs from, from its pose: the track's angles, less those about the axes the part flags at +0xC8, plus the turret's at +0xDC, and the track's offset. The part's origin plus the offset, less the origin of its parent's part or the object's centre, turned about the part's mount point by the transpose of its orientation times the angles' turn times its orientation. Sets flag bits 0 and 3
004697d0	function	engine_glow_create	void __fastcall (void *node)	Gives an engine glow node its mesh object: the mesh engine_glow_meshes holds for its attachment's id, clamped to 1 to 7
00469400	function	engine_glow_mesh_build	void * __fastcall (int kind)	Builds one of the seven engine glow meshes: a unit quad across the nozzle on the kind's matflarea texture, then three blades a unit long, 60 degrees apart about the plume, on its matflareb one; both added and unlit, every polygon biased 10 nearer, and the texture taken from 0.04 to 0.99
00469620	function	engine_glows_build	void __fastcall (void)	Takes the fourteen flare textures into engine_glow_flares, builds the seven meshes into engine_glow_meshes, and sets engine_glows_built; does nothing once built
00469770	function	engine_glows_free	void __fastcall (void)	Frees the seven engine glow meshes and clears engine_glows_built
0054ea18	data	engine_glow_meshes	void *[8]	The engine glow mesh for each attachment id, which the glow reads at id clamped to 1 to 7; slot 0 is unused
0054ea38	data	engine_glow_flares	void *[8][2]	The flare textures each glow wears, read at its attachment id clamped to 1 to 7: matflarea1 to matflarea7 for the nozzle quad, matflareb1 to matflareb7 for the blades; slot 0 is unused
0054ea78	data	engine_glows_built	char	Set once engine_glows_build has made the glow meshes, so that it makes them only once
00562df4	data	skull_count	int	The pilot's kills over the campaign, which kills_add counts and the display's skull readout shows. The end of a mission the player comes through keeps it in skull_count_kept and promotes the pilot by it (mission_end_record); WinMain puts it back from there before each single-player mission, undoing a failed attempt's kills; a new pilot starts it from 0 (0x004751B0)
004124d0	function	script_set_players	void __fastcall (int players)	Sets script_players, the scripts' variable 15, which WinMain calls before a mission loads: 1 outside a multiplayer game, the session's players, or 8
0052a42c	data	script_players	int	How many players fly the mission, the scripts' variable 15, which script_set_players sets
00412b20	function	player_jump	void (void)	JUMP DRIVE, while 0x00588394 is 0: when the mission has a jump or a warp ready (jump_ready, warp_ready), clears it and posts player_ready_to_jump or player_ready_to_warp
00415370	function	player_ecm_set	void __fastcall (bool on)	Turns the player's ECM on or off, when the ship carries one (ecm_state not -1): object flag 0x4000000 and ecm_state
004153e0	function	player_cloak_set	void __fastcall (bool on)	Cloaks or uncloaks the player's ship through object_set_cloak, outside a multiplayer game, when its model can cloak (header flag 2) and cloak_state is not -1
00416310	function	order_eject_player_init	ObjectRoutine	The init of order 118, Eject Player: marks the ship ejected (object flags 0x808), sets mission_ending to 8, sets player_ejected and starts the eject marker's flash; Moose calls the pilot to eject, ejt_001 to 008
00428410	function	palette_to_vfx	void __thiscall (byte *palette, float brightness)	Makes VFX's global palette of a palette of 6-bit levels at a brightness, under the hardware renderers or on a pane of more than 8 bits: at a brightness of 1 each level is shifted up by two
00482f50	function	hud_icon_lit	bool __fastcall (int icon)	Whether ShowHudIcon has an icon lit this frame: state 1 always, state 2 for the first 50 ticks of every 100, the count carrying what runs past 100 over
00482fa0	function	hud_jump_prompt	void (void)	Flashes the warp icon (shape 0xC9) or else the jump icon (0xCE) above the middle of the screen while warp_ready or jump_ready says one is ready; the frame one becomes ready (1) it moves it to 2 and starts the flash
004830b0	function	hud_eject_marker	void (void)	Flashes shape 0xC2, the pilot rising out of the ship, under the middle of the screen while player_ejected is set or ShowHudIcon lights icon 5
00484260	function	hud_free	void (void)	Frees what hud_init allocated and clears the flag that lets it run again; the device's teardown calls it
00489250	function	hud_scanner	void (void)	While scanner_object names an object, draws shapes 0xD1 to 0xD5 in turn at the middle of the screen, moving on once game_ticks is past hud_scanner_next
00489350	function	hud_ship_status	void __fastcall (int slot, int mode, void *pane, int x, int y)	The ship status indicator: a ship's schematic (type_data shape 0), the quadrants hits have worn flashing on it as shapes 1 to 4, and its shields and armour as two rings of four arcs, five shapes each, the shields' 0x99 to 0xAC outside, the armour's 0x85 to 0x98 inside, each level the quadrant over shield_power or armor_class, cut down, less one, and an invulnerable ship's armour (2 * level + 6) / 3. Mode 0 draws the player's own ship, with its ship_status_hits for a type of the small target display and the arcs of what SHIELD BALANCING shifted. Mode 1 draws the target in the target display's small form: for a type of the small form its schematic and target_status_hits, mirrored across unless the type is hostile, and its arcs mirrored with left and right swapped. A comms relay or a deathmatch beacon has no arcs, and a stand-in target closes window 3
0048b6b0	function	hud_target_keys	void (void)	The targeting and missile keys, which frame_controls runs after the camera's: TARGET TORPEDO, the nearest and next targets, the subtargets, TARGET UNDER RETICULE, MISSILE WINDOW, the missile ring, and SMART TARGET, which flips smart_targeting
0048cc30	function	hud_subtarget	void (void)	Picks the player subtarget out in red: puts back what is picked out (hud_subtarget_clear), then for a valid target naming a component keeps it in subtarget_object and subtarget_component and walks the parts of its holder that share its part link_id, up to 10: each gets a copy of its mesh (mesh_copy) or levels (levels_copy), saved in subtarget_meshes or subtarget_levels, whose surfaces are drawn in one lit pass, light mask 0x3F and red for its colour (+0xC0). Each scene object is first copied to subtarget_saved, each over the last
0048ce70	function	hud_beep	void __fastcall (int sound)	Plays the display's sound n, sample 15 + n of bank_stdsmp, while the camera is in one of the four cockpit views; 4 and 5 are a device turning on and off
0048d590	function	hud_palette_ramp	void __fastcall (uint rgb)	Sets entries 1 to 15 of VFX's global palette, or on an 8-bit pane menu_text_remap, to a ramp of a colour: entry i is the colour times i/15 times palette_ramp_brightness. The pause menu's text draws with them
0048d780	function	hud_colour	uint __fastcall (int red, int green, int blue)	A colour as the display's pane holds one: looked up through the renderer's 6-6-6 table on an 8-bit pane, or shifted into the pixel format
00494890	function	hud_interference_start	void (void)	Sets hud_interference to 0.3 and, no more than every 15 to 29 ticks, plays sound 12 at the player's ship through 0x00482160. Called from 0x00463EE0 and 0x004641F0
004948f0	function	hud_interference_fade	void (void)	Lowers hud_interference by 0.005 for each tick since it last ran, to nothing
004960f0	function	missiles_update	void (void)	Once a frame after the objects are framed: runs each live missile's order update; within its flight time tests it for contact (missile_collide) and, with none, frames and draws it by its throttle and sets missile_homing (+0x64C) on its target, with no decoy, but not for a player's Screamer outside multiplayer; past its flight time ends it. Then each trail's updates by its look's flags. In multiplayer, drops the target of a player's missile whose lock broke and ends one whose launcher is gone
0052a3f0	data	jump_ready	int	Whether the mission has a jump ready for JUMP DRIVE: 1 when it becomes ready, 2 once hud_jump_prompt shows it; player_jump clears it
0052a3f4	data	warp_ready	int	As jump_ready, for a warp, which the prompt shows first
005656a8	data	hud_shapes	void *	The display's shapes: hudhard.spr under the hardware renderers, hudsoft.spr under the software one
00566558	data	hud_icons	int[40]	ShowHudIcon's table: twenty icons, each a state (0 off, 1 on, 2 flash) and the count its flash is at. hud_init turns them off; the display reads icons 0 to 5
005799bc	data	hud_key_awaited	int	The action WaitForKey waits for, which hud_draw prompts for after the caption: PRESS, the action's name, then its key on a key cap after its modifier's, or its joystick button; -1 for none, as hud_init leaves it
0057bf34	data	hud_subtitle	int	The language string DisplaySubTitle shows, which hud_draw writes 60 up from the foot of the screen in the director's view; 0x90 for none, as hud_init leaves it
00458940	function	waypoint_first	void * __fastcall (void *group)	The first entry of waypoints whose flight group is group, or null for none
00452470	function	waypoint_index	int __fastcall (void *waypoint)	The index among waypoints of an entry of it
00566620	data	spectral_shields_charge	int	The spectral shields' charge in ticks, 6000 when full: it drains 6 a tick while they are on and fills 1 a tick while off; hud_draw turns them off when it runs dry
00566638	data	cloak_state	int	-1 when the player's ship has no cloak, else 0 off and 1 on. The mission's start sets 0 for a ship whose model can cloak; object_set_cloak sets it for the player
0056663c	data	cloak_charge	int	The cloak's charge in ticks, 10000 when full: it drains and fills 1 a tick, outside a multiplayer game; hud_draw uncloaks the ship when it runs dry
005665f8	data	ecm_charge	int	The ECM's charge in ticks, 2000 when full: it drains and fills 1 a tick; hud_draw turns the ECM off when it runs dry
00566790	data	hud_prompt_ticks	int	The count hud_jump_prompt flashes by
005667b0	data	hud_scanner_next	int	The game tick after which hud_scanner moves on a frame
00566f8c	data	blind_fire_fitted	int	Whether the player's ship carries blind fire, which the mission's start decides by its type
00569718	data	hud_brightness	float	The brightness hud_draw makes VFX's global palette at: 1, which hud_init and Jump In's end set and nothing changes
00569938	data	hud_eject_ticks	int	The count hud_eject_marker flashes by, which order_eject_player_init starts again
0056996c	data	smart_targeting	ushort	Smart targeting, which SMART TARGET flips (hud_target_keys)
00579986	data	player_ejected	ushort	Set by order_eject_player_init; while it is, hud_eject_marker flashes
00579988	data	enemy_lock	int	Set by mission_frame when a ship whose order is Fight against the player has byte 0x2F of its fight state set; lights the display's lock warning. Unverified: that the byte is a missile lock
00579990	data	blind_fire	int	Blind fire, which TOGGLE BLINDFIRE flips on a ship that carries it; hud_init and the mission's start turn it on
0057bc34	data	hud_scanner_frame	int	The frame of five hud_scanner draws
0057bc3c	data	dm_icons	void *	dmicons.spr, or soft_dmicons.spr under the software renderer, which hud_init loads. Unknown: what draws it
0057bc44	data	hud_warning_ticks	int	The count the lock and missile warnings flash by, which the two share
0057bf20	data	spectral_shields_state	int	-1 when the player's ship has no spectral shields, else 0 off and 1 on. The mission's start sets 0 for the Nagi, the Crusader, the Tempest and the Shroud
0057bf4c	data	ecm_state	int	0 when the ECM is off and 1 when on; the mission's start sets 0, so every ship carries one. -1 would be none
0057e048	data	cockpit_frame	void *	The model of the cockpit's frame, which the mission's start loads by the player's ship type
0057e060	data	scanner_object	int	The object the Scanner command has the player look for, or -1: hud_scanner draws while it names one, and mission_frame beeps at an interval of 10 to 200 ticks that it works out from the object's distance and bearing
005883c4	data	scanner_voice	int	The voice the scanner's beep loops on while it comes at its quickest, every 10 ticks, or -1: mission_frame ends it once the beep slows or the scanner is off
005883c8	data	scanner_beeped_at	int	The frame_start the scanner's beep last came at, which the Scanner command zeroes so that the next beep is due at once
00587cd0	data	hud_interference_sounded_at	int	The tick hud_interference_start last played its sound at, which it plays again only once more than 15 ticks and a random share of 15 more have passed
00588728	data	hud_interference_faded_at	int	The tick hud_interference_fade last lowered hud_interference at, which it lowers by 0.005 a tick since
00588700	data	hud_interference	float	How much the display is shaken: while above 0, hud_draw draws its shapes with hud_blit. hud_interference_start sets 0.3 and hud_interference_fade lowers it
0059548c	data	vfx_line_draw	void *	VFX_line_draw, looked up out of the VFX library
00595498	data	vfx_shape_multilookaside	void *	VFX_shape_multilookaside, looked up out of the VFX library
005957a4	data	hud_pane	void *	The VFX pane the display draws into
005957a8	data	vfx_shape_translate_draw	void *	VFX_shape_translate_draw, looked up out of the VFX library
005957c0	data	vfx_return_global_palette	void *	VFX_return_global_palette, looked up out of the VFX library
005957d0	data	vfx_init_global_palette	void *	VFX_init_global_palette, looked up out of the VFX library
005959e4	data	vfx_shape_draw	void *	VFX_shape_draw, looked up out of the VFX library
00594748	data	vfx_shape_draw_mirrored	void *	VFX_shape_draw_mirrored, looked up out of the VFX library
00594434	data	vfx_shape_bounds	void *	VFX_shape_bounds, looked up out of the VFX library
00594538	data	vfx_shape_origin	void *	VFX_shape_origin, looked up out of the VFX library
00594540	data	vfx_shape_resolution	void *	VFX_shape_resolution, looked up out of the VFX library
00595070	data	vfx_pane_wipe	void *	VFX_pane_wipe, looked up out of the VFX library
00490dc0	function	language_init	void (void)	Loads language.dll and reads its string table with LoadStringA, from id 1 up to the first id with no string or an empty one, into language_strings; then reads the module's version language into 0x00563A14
00491030	function	language_string	char * __fastcall (int id)	The string of an id out of language_strings; stops the game with the fatal error 'id out of range' for an id past them
0041b240	function	launch_reliant_run	void __fastcall (int slot)	The Reliant's launch, a step each time its wait has passed: the engine, the cutaway and the upper door; the retainer lowering the player's ship and letting go; the lower doors opening; the drop by motion_downward with the date typed; the cutaway ending; flying ahead again; at the end the cockpit mode from its setting, view 0 again, the order popped, targetable, Launched posted
00491e20	function	game_pause	void __fastcall (bool pause, bool quiet)	Pauses or resumes the mission. Pausing sets paused, holds the frame timing, pauses the voices, hands sr + 0x88 pause_menu_draw in place of hud_draw, opens the menu and, in a session unless quiet, sends the pause; resuming undoes it, puts hud_draw back and, if cockpit_mode_setting changed meanwhile, switches to view 0. The music goes on
004aab20	function	message_pump	int (void)	Pumps the window's messages; as the window goes inactive, pauses the music, the 3D voices and the voices and the mission (game_pause) and waits until it is active again, when the sound goes on; 0 on WM_QUIT
005d6cac	data	app_active	bool	Whether the renderer runs: renderer_start sets it and 0x004AD3E0 clears it. The message pump pauses only while it is set
005d6cad	data	app_inactive_paused	bool	Whether message_pump has paused the game for the window going inactive
0057dbbc	data	language_strings	char **	The strings language_init reads, by id less one
0057dbc0	data	language_count	int	How many strings language_init read
0057dbc8	data	language_module	void *	language.dll, as LoadLibraryA loads it
0051d5f0	data	options_cockpit_setting	int	The options screen's cockpit setting, which it copies to cockpit_mode_setting and writes to the ini as [Device] View
00488b30	function	hud_damage_bar	void __fastcall (void *pane, int x, int y, float level)	A bar of the damage display at x, y for a level from 0 to 1: shape 0xE0 whole, then shape 0xDF at the same place in hud_bar_pane, whose left edge stands a pixel before round(77 * level) along the bar, so that the red shows past the level
00488bd0	function	hud_radar	void (void)	The radar: the display's nav point, and each object but the display's own ship that is targetable and not exploding, disabled, ejected or a cloaked hostile, within radar_reach of the range radar_range picks; each placed by its offset in the display ship's frame, times radar_scale and 66 across, 43 ahead as up the screen and 30 for the height, which lowers the dot, kept off the screen's last row; into radar_contacts. Then those level with the rings' plane or below it, the rings, hud_radar_rings, at hud_place(1, -51, 0.5, 1) less (0x42, 0x20), and those above it: each a line of pixels a pixel right of its dot to the plane, in palette entry 0xFF for the player's target, 0xFD for the object the radio's window names while it is open, 0x26 for a hostile and 0x62 otherwise, and shape 0x130, 0xE6, 0xE5 or 0xE4 2 right of its dot; the nav point a cross of four pixels in the palette's nearest white
004892f0	function	hud_radar_zoom	void (void)	While radar_zooming, steps hud_radar_rings a shape toward radar_zoom_rings, down if radar_zoom_down: whenever game_ticks is short of radar_zoom_next, which it puts 50 ahead as it steps, so once each frame the radar is drawn
0048b510	function	hud_window_open	bool __fastcall (int window)	Starts a display window opening, not held, if it is shut, and gives it its full time to stay whatever its phase. In a multiplayer game windows 2, 9 and 10 do not open. Returns whether the window is up
0048b590	function	hud_window_close	void __fastcall (int window)	Starts a display window that is open or opening closing, from its full size, and lets go of it; for windows 3 and 8, the target display, first draws what they show into hud_window_picture, which they close with
00486830	function	hud_window_draw	void __fastcall (void *pane, int window, int x, int y)	Draws a display window with its place at x, y: in the view ahead its frame, pieces of hud_window_pieces, then what it shows, by a switch on the window
005883c0	data	gunnery_wire_frame	int	The gunnery window's wire frame of the player's ship, a shape of the display's set, which mission_start picks by the ship type, -1 for none; the shapes after it light each group of guns
00501d30	data	hud_windows	byte[600]	The display's fifteen windows, 40 bytes each: the phase (0 shut, 1 opening, 2 closing, 3 open), the place as fractions of the screen at +0x04 and +0x08, the frame's piece count at +0x0C and their numbers from +0x0E, the ticks left at +0x18 and to stay at +0x1C, how far it has opened, to 60, at +0x20, and whether it is held open at +0x24
00501f88	data	hud_window_buffer_places	float[15][4]	For each display window, where its place falls in hud_window_pane as it opens and closes, a fraction across and down
00502078	data	hud_window_pieces	byte[28][20]	The pieces of the display windows' frames, 20 bytes each: a shape of hud_shapes, its offset from the window's place as two floats, cut to whole numbers when drawn, and at +0x0E and +0x10 the VFX_shape_draw_mirrored mode, 1 across and 2 down
0057998c	data	hud_window_pane	void *	The 225 by 170 pane hud_init makes, which hud_draw draws a display window into as it opens and closes and then draws onto the display with VFX_buffer_transform, scaled about the window's place
00566600	data	hud_window_picture	void *	A second 225 by 170 pane, the picture of the target display hud_window_close keeps for windows 3 and 8 to close with
0051cef8	data	powerball_held	short	Set while POWERBALL WINDOW is held, and for the frame its locked form opens the power window; the player's controls read it
00501cc8	data	hud_missile_ring	MissileRingEntry[10]	The missile window's ring, an entry of five halfwords for each missile type the player's racks hold: the count left, or -1 for none, its place round the ring, 0 the armed one at six o'clock, the first of its ten shapes, its name's text id, and its type
00504120	data	mission_objectives		The objectives of each mission, ten to a mission from mission 1, each its state and the string that names it, which the objectives window shows
0056997e	data	objectives_shown	short	Which of the mission's objectives the objectives window shows, which OBJECTIVES WINDOW pages through while the window is open
00562dc8	data	mission_number	int	The number of the mission being flown, from 1, by which the objectives window finds its objectives; missions 25 and 29 have display rules of their own
0056569c	data	hud_target_x	int	Where hud_target's lead cursor stands across the screen, or -1 while none is drawn
005656a4	data	hud_target_y	int	Where hud_target's lead cursor stands down the screen, or -1 while none is drawn
00566550	data	target_under_reticle	byte	Set while the target stands within 0x10 of the middle of the screen either way, or while blind fire aims at it; the reticle is then drawn bright (0xD8)
00566628	data	hud_sight_x	int	Where blind fire's sight stands across the screen: on the target while blind fire aims at it, gliding back to the middle a pixel a tick otherwise. hud_init puts it at the middle
0056662c	data	hud_sight_y	int	Where blind fire's sight stands down the screen, as hud_sight_x
0056664c	data	hud_target_dx	int	How far the target stands right of the middle of the screen
00566648	data	hud_target_dy	int	How far the target stands below the middle of the screen
0057bc50	data	hud_radar_rings	int	The radar's rings: one of shapes 0x161 to 0x16B, 0x161 one ring, 0x166 two and 0x16B three, the ranges' own; 0x16B from hud_init
00569714	data	radar_zooming	int	Set while the radar's rings move to a new range's, which RADAR RANGES starts and hud_radar_zoom ends; RADAR RANGES does nothing meanwhile
005799b4	data	radar_zoom_rings	int	The rings shape the radar's rings stop at: 0x161, 0x166 or 0x16B for the range
005656ac	data	radar_zoom_down	int	1 when the radar's rings step down toward radar_zoom_rings, which they do only to range 0
005656a0	data	radar_zoom_next	int	The tick hud_radar_zoom steps while game_ticks is short of, which RADAR RANGES and each step put 50 ahead
0057be00	data	radar_range	short	The radar's range, 0 to 2, 2 from hud_init, which sets the scales the objects are placed by
00566548	data	hud_speed_lit_pane	void *	The VFX pane the speed arc's lit shape (0xB8) is drawn into, cut off above the speed marker each frame
00569930	data	hud_speed_unlit_pane	void *	The VFX pane the speed arc's unlit shape (0xB9) is drawn into, cut off below the speed marker each frame
0057bf38	data	hud_charge_lit_pane	void *	The VFX pane the charge arc's lit shape (0xF9) is drawn into, cut off above the guns' charge each frame
005799c8	data	hud_charge_unlit_pane	void *	The VFX pane the charge arc's unlit shape (0xF8) is drawn into, cut off below the guns' charge each frame
0057bc54	data	hud_object	GameObject *	The object the display shows, game_objects[0x005883AC], which hud_draw takes each frame
00569928	data	hud_flip_buffer	void *	hud_init's 'flip buffer', 0x19000 bytes, which hud_blit and VFX_shape_draw_mirrored draw a shape into first
005799c4	data	hud_work_buffer	void *	hud_init's 'work buffer', 0x19000 bytes
00566f88	data	hud_work_buffer2	void *	hud_init's 'work buffer2', 0x19000 bytes
00595494	data	vfx_pixel_write	void *	VFX_pixel_write, looked up out of the VFX library
00595180	data	vfx_buffer_transform	void *	VFX_buffer_transform, looked up out of the VFX library
005959e8	data	vfx_pane_construct	void *	VFX_pane_construct, looked up out of the VFX library
00595284	data	vfx_shape_lookaside	void *	VFX_shape_lookaside, looked up out of the VFX library
005883f4	data	cockpit_object	GameObject *	The cockpit's object, which the mission's start makes of cockpit_frame's parts, each drawn always from its finest level and lit through light mask 0x12, and hangs from the camera's frame; camera_frame moves it, and mission_frame draws its first two parts over the world in cockpit mode 1
005883f8	data	in_stalag	bool	Set while the player's ship is inside a Stalag: collision_test_hull sets it as the ship crosses into a Stalag's trigger polygon and clears it coming out, mission_start clears it; turret_aim_angles then leaves a Stalag's firing arcs aside, and bullet_place lets a Stalag's shots strike it
005883bc	data	radar_backing	void *	The radar's backing, 'radaralpha': a quad under the radar, a black disc at three quarters, standing in the camera's frame 1000 ahead, which mission_frame draws with the cockpit unless DISPLAY KILLS is held
00588328	data	radar_backing_mesh	void *	The radar backing's mesh: four corners from 65 left of the middle to 67 right and 32 either side of the radar's height, unprojected to 1000
005636e0	data	cockpit_recoil	float	The guns' kick on the cockpit's hands: 1 as the player's guns fire, a twentieth less each frame; camera_frame moves the hands back 30 times it
00476270	function	object_apply_knocks	void __fastcall (GameObject *object)	Applies the knocks taken since the last move and clears them: the impulse over the mass to the velocity, and the angular impulse, through the inverse inertia tensor, to the rotation and the angular rates
004763c0	function	object_knock	void __fastcall (GameObject *object, Vec3 *force, Vec3 *at)	A push of force at a world point, from a collision or an explosion: adds the force to the impulse and force × lever to the angular impulse
00476430	function	object_knock_local	void __fastcall (GameObject *object, Vec3 *force, Vec3 *lever)	object_knock with the force in the object's frame and the lever given directly; the Disrupted order pushes a ship with it
004c1120	function	vec3_cross	void __fastcall (Vec3 *out, Vec3 *a, Vec3 *b)	out = a × b
004c10f0	function	vec3_divide_by	void __thiscall (float d)	Divides the vector in ECX by d, by multiplying it by 1 / d
004c2610	function	mat3_from_axes	void __fastcall (float *m, Vec3 *z, Vec3 *x)	Builds m from a Z axis and an X axis: Z normalized, Y = normalize(Z × X), X = Y × Z
004c2690	function	mat3_orthonormalize	void __fastcall (float *m)	Makes the axes of m unit length and perpendicular again, keeping the direction of its Z axis
004c2740	function	mat3_angles	void __fastcall (Vec3 *out, float *m)	The angles about X, Y and Z that make up m, from sr_atan2
004c2070	function	mat3_determinant	float __fastcall (float *m)	
004ad9f0	function	mat3_inverse	void __fastcall (float *out, float *m)	out = the inverse of m
004c3000	function	sr_tables_init	void __cdecl (void)	Fills atan_table and ease_table, once
004c3140	function	sr_atan	float __cdecl (float x)	The angle whose tangent is x, from atan_table
004c3120	function	sr_ease	float __cdecl (float t)	(1 - cos(t × pi)) / 2 for t from 0 to 1, from ease_table
005de344	data	atan_table	float[4097]	The arctangent of 0 to 1 in steps of 1/4096, for sr_atan and sr_atan2
005e2348	data	ease_table	float[4096]	(sin((i / 4096 - 0.5) × pi) + 1) / 2, for sr_ease
00562ce4	data	player_speed_change	float	How much the player's speed changed in the last object_move; nothing reads it
004744e0	function	motion_downward	void __fastcall (int slot)	The plain flight model along the object's Y axis, which points below it: object_steer without throttle turns, then the velocity through the flight model's inertia toward the throttle times its top speed, the last throttle nothing; a fighter flies by the first ship type's flight model (0x004F9E70). Selected by the Reliant's launch and the Ripper
00474570	function	motion_plain	void __fastcall (int slot)	motion_downward along the object's Z axis, keeping the throttle as the last, the Ripper flying by its own flight model whatever its class: a flight model with no throttle rules or burns. Selected by a torpedo's launch, the Ripper and the landing orders
00474610	function	motion_brake	void __fastcall (int slot)	Slows the object to 0.97 of its velocity each update. Selected by the Eject order
00474640	function	motion_jump_out	void __fastcall (int slot)	Moves the object to the point between the two in its JumpState (+0x5C, +0x68) by the square of 0.004 a tick of mission_ticks since its step began (+0x08), each coordinate eased (0x00426900); no rotation, last throttle nothing. Selected by Jump Out as the ship goes
004746d0	function	motion_jump_in	void __fastcall (int slot)	Flies the object along its nose at 2400 (600 without components), less 0.003 of that for each tick of frame_start since it was placed (JumpState +0x08), but never slower than its cruise speed; no rotation, last throttle nothing. Selected by Jump In as the ship flies in
00416490	function	jump_init	void (void)	Readies the jumps as a mission loads: makes the flare's mesh (jump_flare_mesh), loads the trails' texture (jump_trail_texture), and clears jump_player_going and jump_arriving
00416510	function	jump_free	void (void)	Frees jump_flare_mesh as a mission ends
00417670	function	jump_effect_start	void __fastcall (int slot)	Begins Jump Out's effect as the ship is held still: keeps how the ship is turned and where it stands (+0x18, +0x3C), aims its motion 500000 along the way to its destination (+0x68), and makes its burst at (0, 0, -200), which is never drawn, a trail at each point of kind 7 of the parts hanging from the root (five at most, or one at the root without any) and a light at each point of kind 8 (twenty at most, counted at +0x58): a Jump BMO sprite set over lights\flare-b, 150 across either way, all hanging from the root frame
00417af0	function	jump_trail_mesh	void * __fastcall (int slot, bool components)	Makes a jump's trail (JumpTrail Mesh): a square 200 across at its start and three blades a third of a turn apart, 200 wide and 20000 long along Z, or 2000 and 40000 for a ship that lists components, over trail3, coloured by its own colours and added; turned half round but for a Ripper whose Cargo pod shows
00417dc0	function	model_show_finest	void __fastcall (ModelNode *node, bool finest)	Sets or clears bit 8 of the scene object flags of each node of a model and of the models mounted on it, which draws them at their finest level
00417e30	function	jump_burst_mesh	void * __fastcall (bool arriving)	Makes a jump's burst (JumpBurst Mesh): a centre point and six rings of twelve, 180 apart back along Z and sin(0.1 pi k) times 300 plus 30 across for Jump In (its first ring a point), 1620 and 1080 plus 30 for Jump Out, banded by triangles over shield128 by their places, added by alpha, faded at 1
00418120	function	jump_flare_object	void * (float width)	A scene object of jump_flare_mesh (Jump flare mesh), scaled to width
00418150	function	jump_burst_fade	void __thiscall (void *burst, float share)	Greys a jump burst's rings by their place times share times 0.1, opaque
004181c0	function	jump_burst_glow	void __thiscall (void *burst, float share)	Colours a jump burst: its first twelve colours (0.5, 0.21, 0) times share squared, as opaque as share, then each twelve 0.04 of share less from four steps, red, opaque; grey instead under the software renderer (sr + 0x1AC clear)
00418390	function	jump_trail_shade	void __thiscall (void *trail, float share)	Shades a jump's trail: every vertex opaque, each blade's near corners (0.5, 0.7, 1) times 0.3 of share, its far corners black
00417e20	function	jump_idle	void __fastcall (ModelNode *node, bool ending)	Does nothing: Jump Out calls it with the ship's root as it goes and as it ends
004189d0	function	jump_effect_release	void __fastcall (int index)	Frees jump_effects[index]: its trails, lights, bursts and flare, then the record, and clears its place
00418470	function	jump_mark	void __fastcall (int slot)	Marks an object in the way of a formation's Jump Out as jumping, and in turn each fuel pod (type 0xE1) and each ship whose Launch or Dock names it, but stand-ins and disabled and jumping ones
004184f0	function	jump_out_place	void __fastcall (JumpState *state, int slot)	Where Jump Out takes a ship: in formation behind the player's ship when the player's order is Jump Out at the same target, rows 3000 apart, 150 ahead, clearing its way 500000 ahead (jump_mark); else to its target, or 1e7 ahead
00418850	function	jump_in_place	void __fastcall (JumpState *state, int slot)	Where Jump In brings a ship: abreast of its target where it is drawn, turned as it is, by the order's number 3000 apart to the right and the left in turn
00418900	function	jump_effect_alloc	void * (void)	Allocates a jump's effect record, 0x94 bytes, cleared, into the first free of the 64 jump_effects; null when all are taken
004189a0	function	jump_effect_free	void __fastcall (void *effect)	Lets a jump's effect record go (0x004189D0)
0051cfa4	data	jump_effects	JumpEffect *[64]	The jumps' effect records, 0x94 bytes each: trails, lights, burst and flare; Jump In stops with Jump has overrun array when all are taken
0051d0a4	data	jump_countdown_step	float	1/15, which order_jump_out_init sets and nothing reads
0051d0a8	data	jump_flare_mesh	void *	The jump flare's mesh, which jump_init makes
0051d0ac	data	jump_trail_texture	void *	The jump trails' texture, which jump_init loads
0051d0b0	data	jump_player_going	byte	Set while the player's ship is on its Jump Out, which gates jump_countdown; jump_init and Jump Out's end clear it
0051d0b4	data	jump_countdown	int	15 from order_jump_out_init, counted down every 10 game ticks while jump_player_going; nothing reads it
0051cfa0	data	jump_countdown_next	int	The game tick past which jump_countdown next counts down
005e82f0	data	jump_arriving	byte	Set while the player's ship jumps in, from Jump In's placing to its flight's end, which cuts the space dust's streaks to a quarter (stars_project); jump_init clears it
00474770	function	motion_follow	void __fastcall (int slot)	Steers toward the point the order state's callback gives and moves toward it, no faster than the order state's speed limit. Selected by the Follow Curve and Dock orders
00474930	function	motion_follow_backwards	void __fastcall (int slot)	motion_follow with the angles to the point negated, for flying tail first
00474b00	function	motion_drift	void __fastcall (int slot)	Slows the object to 0.99 of its velocity each update. Selected by the Jump In order
004124e0	function	power_reach	float __thiscall (float x, float y)	How far the power setting in ECX is toward the direction (x, y): the distance from it to the edge of the power ball's disc, radius 64, going the other way. 128 at the anchor, 64 in the middle
00412560	function	power_distribute	void __fastcall (GameObject *object)	Sets the object's shield, gun and speed factors from its power setting: each system's share of the three reaches, s, gives (1.75 - 0.75 s) s + 0.5
00412d40	function	shield_balance	void __cdecl (float x, float y)	SHIELD BALANCING held: past half-way, the stick's y shifts a quarter of the shield power a step between the fore and aft shields, through their reserves
00413180	function	power_move	void __cdecl (float x, float y)	POWERBALL WINDOW held: moves the player's power setting against the stick by the frame's ticks, keeps it within the disc and distributes the power
00476fc0	function	object_recharge_shields	void __fastcall (GameObject *object)	Each simulation step: each shield gains its full charge times the shield factor and condition over the recharge time, up to the full charge, less what SHIELD BALANCING shifted to the other side for the player
00482de0	function	hud_channel	uchar __cdecl (float x)	A colour channel: x cut to a whole number and kept within 0 and 255
0051cefc	data	shield_balancing_held	short	Set while SHIELD BALANCING is held: the stick shifts the shields instead of steering
0051cf34	data	shield_reserve_aft	float	What SHIELD BALANCING shifted beyond the aft shield's most
0051cf78	data	shield_reserve_fore	float	What SHIELD BALANCING shifted beyond the fore shield's most
00569984	data	power_ball_texture	byte[65536]	powerball.tga, a byte a pixel, each the top 5 bits of the grey
00579e2c	data	power_ball_sphere	ushort[3844]	Where each pixel of the 62 by 62 power ball shows the texture, a sphere mapped onto it
00567f90	data	power_ball_shade	byte[3844]	How brightly each pixel of the power ball is lit, 0 to 63
00566f90	data	power_ball_colours16	ushort[2048]	The power ball's colours in the 16-bit display: 32 for each of 64 levels of light
00568e94	data	power_ball_colours8	byte[2048]	The same for the 8-bit display, as palette indices
004c1050	function	lerp	float __stdcall (float a, float b, float t)	The value t of the way from a to b: (b - a) t + a
004c4190	function	SR_object_init	void __fastcall (void *object)	Clears a new scene object: identity orientations, zero positions, no name
004c43e0	function	SR_light_init	void __fastcall (void *light)	Readies a new light: frame type 2, intensity 1, range 1. It leaves the kind at +0xB4, which a cleared allocation makes 0, a point light
0049a2a0	function	node_mark_animating	void __fastcall (ModelNode *node)	Sets flag 0x800, animating, on a node and every node it hangs from, unless the node has it already
0049a2d0	function	node_play	void __fastcall (ModelNode *node, int slot, float time, int mode, float speed)	Plays on a part node the track its part's loader filed under slot 0 startup, 1 fire or 2 deploy: from time unless it is below zero, in mode, the track's own for -1, at speed a step. Any mode but 0 marks the node animating
0049a340	function	node_play_named	void __fastcall (ModelNode *node, char *name, float time, int mode, float speed)	node_play for the first of the part's tracks with the name, whatever its case
0049b520	function	node_turn	void __fastcall (ModelNode *node, Vec3 *delta)	Turns a node by angles of its own, as a turret turns: adds delta to the angles at +0xDC and marks it animating; about each axis whose limits its part holds (+0xD8 to +0xEC, degrees) keeps the angle within them, or with equal limits brings it round within a half turn
0049a460	function	node_frame_update	void __fastcall (ModelNode *node)	Once a frame: puts a node that a step committed a new place for (flag bits 1 and 2) simulation_counter quarters of the way from that place to the next. A posed node (bit 3) moves between its poses, the angles turning the short way round; any other along the line between and by that share of the turn. Another player's ship in a multiplayer game moves between its last two messages' places instead
0049a880	function	node_tree_frames	void __fastcall (ModelNode *node)	node_frame_update for a node and, in turn, each child that is neither hidden nor flagged 0x80. mission_frame runs it for every object before placing the camera
004c1dd0	function	mat3_copy_transposed	void __fastcall (float *to, float *from)	Copies the transpose of a 3x3 matrix
0047c7b0	function	clip_event_muzzles	void __thiscall (ModelNode *node, int unused)	A track's event of kind 0: runs 0x0047C5F0 for each of the node's children of kind 4, the nodes attachments of kind 3 make at a gun's muzzle
0047c800	function	clip_event_particles	void __fastcall (ModelNode *node)	A track's event of kind 2: for each attachment of kind 7 on the node's part, emits a particle from the template at 0x005636DC at the attachment's place, with a random frame and a quarter of the object's velocity
005635d0	data	allied_huge_gun_trail	ParticleTemplate *	The particles an Allied Huge Gun's shot trails, of particle_pool: 120 to 129 ticks, 12 a tick, a half-size from 700 to 250, blue fading to nothing
0056318c	data	coalition_huge_gun_trail	ParticleTemplate *	The particles a Coalition Huge Gun's shot trails, of particle_pool: 120 to 129 ticks, 12 a tick, a half-size from 500 to 1100, orange fading to nothing
005636d0	data	flak_pool	void *	The pool a flak shell's burst sends its particles into: 1000 over gunflare partic7, blended by alpha
00563104	data	flak_particles	ParticleTemplate *	A flak shell's burst's particles, of flak_pool: 150 to 159 ticks, a half-size from 42 to 119, dimming from half grey, a spark one time in 200
00563100	data	case_texture	TextureImage *	gunflare case1, the spent cases' eight cells
0056315c	data	case_pool	void *	The pool a spinning gun's spent cases fly from: 100 over case_texture, showing its own colours, blended by alpha
005636d4	data	case_template	ParticleTemplate *	A spent case, of case_pool: 100 to 109 ticks at a half-size of 15
005636dc	data	case_emitter	void *	The emitter clip_event_particles throws each spent case from: back along its attachment at 10 a tick, strayed up to an eighth across
00466630	function	objects_reset	void __fastcall (void)	As a mission starts: every slot of game_objects gets a stand-in of type 1001, flagged stand_in and not created, every ship type loses its objects and model, and game_object_count goes to 0; loads the atmos texture and empties the planets' atmosphere table
00466740	function	ship_type_load	void __fastcall (ShipTypeEntry *type)	Loads a ship type's model, unless it is loaded already, and its schematic as the type's data, soft\ first for the software renderer
004667f0	function	gun_groups_build	void __fastcall (int type, GameObject *object)	Works out a ship type's gun groups from an object's guns, pairing each with the one nearest its mirror image across the ship, into the type's table at 0x545900 + type * 0x78 and the count at ship_combat_stats + 0x1C
004adce0	function	object_random15	uint __fastcall (GameObject *object)	The object's own random number from 0 to 32767: its seed steps as seed * 0x343FD + 0x269EC3, and bits 16 to 30 of it are the number
00492370	function	object_armor_conditions	void __fastcall (GameObject *object)	Works out the guns' condition (0x66C), the cruise speed's (0x668) and the shields' (0x664) from the armour left in each quadrant; for the player's ship, sounds a warning at most every 500 ticks while a quadrant has lost its shield and half its armour
004770e0	function	guns_step	void __fastcall (GameObject *object)	An object's guns each simulation step: the charge recharges by gun_energy * gun_factor * gun_condition / (seconds * 25) up to gun_energy while +0x148 is zero. Each gun whose trigger is held fires once its interval has passed, drawing Gun.shot_energy from the charge or one of the object's rounds by the type's kind; the guns firing this step share out the charge the step began with. Below a gun_condition of 0.9 a shot goes off only as often as the condition plus a tenth, and blind fire lengthens the interval by 35 in 100
0057e04e	data	cutaway_slot	short	The slot the loops over the objects walk after those handed out, which the mission's start sets to 399
00457cd0	function	mission_ship_create	void __fastcall (MissionShip *ship)	Creates the object of a mission's ship record in the slot of its index: its type, a player's twin from the 14th mission on, its tier and position, turned by the record's angles; nav points and markers too
00565698	data	nav_point_count	int	The nav points mission_ship_create has made, zeroed by init_mission; nothing reads it
00452240	function	object_orient_by_record	void __fastcall (GameObject *object, MissionShip *ship)	Turns an object's root to a mission ship record's angles in degrees: yaw about Y, then pitch about X, then roll about Z
004c1ad0	function	mat3_zero	void __fastcall (float *m)	Zeroes a 3x3 matrix
00401710	function	ai_steer_angles	void __fastcall (GameObject *object, Vec3 *direction, float limit, float ease, uint flags)	ai_steer's turns for a ship that banks, whose flight stats' word at +0x24 is zero, as the fighters' are: within 18 degrees of the nose it yaws at it, further off it rolls to bring it overhead, and it pitches once the roll is within 0.8 radians. A ship flying backwards turns toward the other way about
00401690	function	ai_steer_axes	void __fastcall (GameObject *object, Vec3 *direction)	ai_steer's turns for a ship that turns flat, whose flight stats' word at +0x24 is nonzero, as the capital ships' are: it pitches and yaws at the point together and never rolls, and yaws hard to one side while the point is behind it
00403090	function	ai_roll_toward	void __fastcall (GameObject *object, Vec3 *at, Vec3 *axis)	Rolls the ship so that axis stands up in its own frame, by ai_steer's measure, while at lies within 0.95 of dead ahead
00465c50	function	objects_collide_parts	void __fastcall (int *a, int *b, int flag)	Tests the ship of a pair against the parts of whichever object lists components, through 0x465380; type 0x83 runs 0x465B40 first
00465b40	function	collision_test_hoop	void __fastcall (GameObject *ship, GameObject *hoop)	Posts the training hoop's JumpedThroughHoop where the ship, in the hoop's frame, stands behind its plane now and ahead of it next, crossing it within half the hoop's height of its middle
00465ca0	function	collision_damage	void __fastcall (int *a, int *b)	The damage two objects do each other as they collide: a fifth of the closing speed over the lighter one's mass, halved, through each ship's shields and armour at the quadrant the other struck
00468f60	function	collision_extent_compare	int __cdecl (int *a, int *b)	qsort's comparator for the collision sweep: orders the entries by how far each sphere reaches along X, the farthest first
00464e80	function	collision_impulse	void __fastcall (GameObject *a, ModelNode *a_root, GameObject *b, ModelNode *b_root)	The shove two objects give each other where they meet: how fast the contact point closes between this step and the next, over each object's mass and angular_response, twice it for the bounce, handed to both through object_knock. An attached object, and the Ripper carrying something, take none
004ad8d0	function	node_next_place	void __fastcall (ModelNode *node, Vec3 *position, float *orientation)	A node's next place in the world: its own next place, turned and moved by each parent's in turn
004ad960	function	node_world_place	void __fastcall (ModelNode *node, Vec3 *position, float *orientation)	A node's place in the world: its own, turned and moved by each parent's in turn
004c1c10	function	mat3_add	void __fastcall (float *m, float *by)	Adds a 3x3 matrix into another
004c1160	function	vec3_cross_by	void __fastcall (Vec3 *v, Vec3 *by)	Crosses a vector by another in place
004c2050	function	det2	float __fastcall (float a, float b, float c, float d)	The determinant of a 2x2 matrix: a*d - b*c, which mat3_determinant sums three of
00465380	function	collision_test_hull	undefined4 __fastcall (GameObject *ship, GameObject *hull, int pass)	First, for the player's ship, the trigger polygons of each part of the hull: a step from position to next position, in the part's frame now and next, that changes side of a polygon's plane and goes through its triangle, or a quad's second (or any triangle's plane), posts inside_object (0x1C) or outside_object (0x1D) and sets or clears in_stalag for a Stalag. Tests a ship against the faces of each part of an object that lists components, by the planes the loader keeps past the part record, in place of the sphere test. A torpedo that strikes a hull makes it lurch (orders 115, 116) unless it is lurching, jumping or warping, deals 5001 to the part struck and, for an assembly part of up to 999 armour, to the first hull part shown, and is destroyed
004a2eb0	function	model_take_chunk	ushort __fastcall (void **out, uint tag, uint size)	Reads the next chunk with this tag from the model file, allocating count records of size bytes and copying min(record size, size) into each; returns the count and leaves the rest zero
0049bef0	function	object_hit_test	void __thiscall (ModelNode *node, void *query)	Tests a query against a node's collision tree, then against each child node that is neither hidden nor 0x80
0049bd30	function	node_hit_test	undefined4 __fastcall (ModelNode *node, void *test)	Descends the collision tree of the node's part with a stack, calling test with each box in the world; a node with faces is a leaf
00465240	function	collision_hull_test	bool __fastcall (void *box, void *query)	The test node_hit_test calls as it descends a hull's tree for objects_collide: the query is a sphere, the box a tree node's in the world, and a leaf's faces are tested where it meets one
00464b30	function	collision_hull_faces	float10 __fastcall (void *leaf, Vec3 *point, float best)	The nearest point of a leaf's faces to a point in the part's frame: each face whose plane the point is in front of, within the best distance so far, has its triangles tested; returns the distance squared
00463ca0	function	damage_quadrant	int __fastcall (GameObject *object, Vec3 *at)	Which quadrant a hit falls in, from where it lies in the object's frame as a share of its bounds: the larger of along and across decides, giving 2 fore, 3 aft, 1 right and 0 left
00463d30	function	damage_quadrant_world	int __fastcall (GameObject *object, Vec3 *at)	Which quadrant a hit at a point of the world falls in: the point turned into the object's frame, then damage_quadrant
00463d70	function	damage_by_difficulty	float10 __fastcall (int slot, DamageKind kind, float value)	Scales damage by difficulty outside multiplayer: a kind equal to player_index, a shot in a single-player game, on a hostile object x1.5, x1 or x0.75 from easy to hard; anything on the player ship x0.75, x1 or x1.5, then x0.5
00562f14	data	difficulty	Difficulty	The game difficulty: 0 easy, 1 medium, 2 hard; 0 as the game starts, and SET GAME DIFFICULTY starts it at 1 and steps through them
00463e10	function	damage_feedback	void __fastcall (int quadrant, DamageKind kind, float damage)	While force_feedback is set, a hit on the player's ship: a shot starts force_shake and raises hit_shake by 0.05 of the damage while it is below 1, up to 1; any other hit adds 300 times the damage to force_hits on its side and raises hit_shake as much, up to 2
00463ee0	function	object_damage	void __fastcall (GameObject *object, int quadrant, float value, float factor, int attacker, DamageKind kind)	Damage to an object: its shield in that quadrant takes it first, and what passes through times factor wears the armour; kinds 0, 1 and 5 count toward recent_damage. Debris and a jumping object take none
004641f0	function	object_armor_damage	void __fastcall (GameObject *object, int quadrant, float value, int attacker, DamageKind kind)	Damage to an object's armour once the shield is down: the quadrant's armour falls by it, the armour conditions follow, and armour below zero destroys the object
00478360	function	simplex_nearest_point	void __fastcall (int *simplex)	The nearest point of a simplex to the origin, for 1 to 4 points, which the collision code uses for a triangle
00479800	function	object_fit_guns	void __fastcall (GameObject *object)	Fits an object with the guns its model holds: counts them, allocates gun_count records of 0x60 bytes and a word each, then fills them in
00479640	function	object_collect_guns	void __fastcall (GameObject *object, ModelNode *node, int fill)	Walks a node's children for the guns an object carries: an attachment of kind 3 is a gun of the type at the attachment's +0x64, and a turret part takes one by its turret kind. Called once to count and once to fill
00479610	function	part_is_turret	bool __fastcall (ModelNode *node)	Whether a node's part is a turret: its class is 3, 9, 10 or 18
00479160	function	turret_fit_aimed	void __fastcall (GameObject *object, ModelNode *parent, ModelNode *turret)	Fills the next gun record for an aimed turret (kind 1): the parts of the assembly sharing the turret part link id, not hidden, in slots 0 to 4 at +0x38 by their turret slot, slot 1 taking the base where none; the last muzzle; the firing arc of a component part at +0x58; no target; the owner object at +0x34; node flag 0x400 on the base
00479470	function	turret_fit_spin	void __fastcall (GameObject *object, ModelNode *parent, ModelNode *turret)	Fills the next gun record for a spinning gun (kind 2): the assembly parts in slots 0 to 4 at +0x1C, the last muzzle and its gun type, the owner object at +0x30, node flag 0x400 on slot 0
004793a0	function	turret_fit_missile	void __fastcall (GameObject *object, ModelNode *parent, ModelNode *turret)	Fills the next gun record for a missile turret (kind 3): the assembly parts in slots 0 to 4 at +0x38, no target, the owner object at +0x34, node flag 0x400 on slot 0; no muzzle and no gun type
0047b1f0	function	object_fire_guns	void __fastcall (GameObject *object, int ticks)	Holds the trigger of the guns that fire, gun+0x0C becoming frame_start + ticks. With gun_mode.all every gun but a turret of kind 1, otherwise the chosen group's two; a muzzle of gun type 11 is passed over, and so is a ship whose guns are disabled. A ship of type 11 or 255 whose chosen group holds a gun type 11 charges it up in +0x148 instead, shaking the player's view
0047b3d0	function	nova_release	void __thiscall (GameObject *object, char remote, float charge)	Fires a Phoenix's Nova Cannon when the trigger is released, in the first free slot of the eight nova_beams (nothing happens if none is free). A remote player's shot uses the charge given. Below 0.5 the charge is lost. Otherwise the blast sounds, the nc effect plays, the player's beam damages every object whose bounding box it crosses within 40000 ahead (object_damage, or nova_strike_parts), and the beam shows for 80 ticks, using up the charge
0047b100	function	nova_helix	void __thiscall (Vec3 *out, float at)	The Nova Cannon's strands' helix at a point along it: radius 100, six turns a unit, 15000 long a unit from 600 ahead
0047b840	function	nova_strike_parts	void __fastcall (GameObject *object, ModelNode *node, Vec3 *from, Vec3 *to, GameObject *shooter)	The Nova Cannon's beam through a node and those hanging from it: each part whose box it meets takes the cannon's second damage times the charge against its component for each tree leaf it crosses, with a hit effect there
0047c5f0	function	bullet_fire	void __fastcall (ModelNode *node, ShpPart *part, float speed_share, char heard)	Fires one shot: takes a free record of the 200 at bullet_pool, sets its owner, fills it in (bullet_place), adds the owner's velocity times speed_share, plays the type's sound when heard, links it into the list ending at bullet_last, and sets the part's muzzle flash to end after gun_flash_ticks
0047ecd0	function	bolt_build_messon	void * __fastcall (void)	The Messon Blaster's bolt for the index in EBX: as bolt_build_laser, 5 by 5, 400 longer for each index from 40, and taking colours of its own
0047ef80	function	bolt_build_turret_lasers	void * __fastcall (int variant)	The Turret Lasers' bolt, 200 by 200 by 2400, with two diamonds across its flight drawn from the shot texture's corner: at 0.6 of its length for variant 0, the player's side's set, or 0.15 for the rest's, and at 0.85. Near until 60000, its upright quad alone until 100000
0047f600	function	bolt_build_tachyon	void * __fastcall (int *unused, int piece)	One of the Tachyon Cannon's two pieces, each a single level to 1000000: for piece 0 a star of three blades 60 wide and 1600 long (0x004ADF90), for piece 1 a square 200 across (0x0044F000) textured from the shot texture's corner
0047f730	function	bolt_build_neutron	void * __fastcall (void)	The Neutron Particle Gun's bolt: as bolt_build_laser, 80 by 80 by 1500, its upright quad alone out to 10000000, and taking colours of its own
0047f9c0	function	bolt_build_gattling_plasma	void * __fastcall (void)	The Gattling Plasma Cannon's bolt for the index in EBX: as bolt_build_laser, 40 by 40, 150 longer for each index from 200
0047fc90	function	bolt_build_vulcan	void * __fastcall (void)	The Vulcan Battery's bolt: as bolt_build_laser, 40 by 40 by 300; guns_init builds four the same
0047ff20	function	bolt_build_nova	void * __fastcall (void)	The Nova Cannon's bolt: as bolt_build_laser, 180 by 180 by 10000, its upright quad alone out to 500000; each shot draws a copy of it (levels_copy)
004801b0	function	bolt_build_allied_huge	void * __fastcall (void)	The Allied Huge Gun's shell: three squares through its centre, one in each plane, 1400 across, on alhuge, lit and added, one level at every distance
00480420	function	bolt_build_coalition_huge	void * __fastcall (void)	The Coalition Huge Gun's shell: as bolt_build_allied_huge, 3400 across, on clhuge
004786e0	function	muzzle_flash_mesh_build	void * __fastcall (void *texture)	A gun type's muzzle flash mesh, four quads on the texture given, added; guns_init builds one for each type into muzzle_flash_meshes
0047b150	function	muzzle_flash_create	void * __fastcall (ModelNode *node)	A muzzle node's flash (gunbarrelflare_Mesh): a mesh object over the flash mesh of the gun type the node's attachment names, with its own texture coordinates
0047ba80	function	muzzle_flash_draw	void __fastcall (ModelNode *node)	Readies a muzzle node's flash to be drawn: hides its frame once the tick at +0xBC has passed, else turns it as the attachment, shows the Gattling Plasma Cannon's sheet frame for frame_start, and scales it by the share of its gun type's gun_flash_ticks left, held between 0 and 1
00480690	function	nova_beams_frame	void (void)	Each frame from bullets_frame: each Nova Cannon beam past its time freed, the rest placed on their ships, the beam's blades scrolling and fading out over the last fifth, and after a full charge its 30 strands along the helix
004809e0	function	nova_beam_free	void __fastcall (int beam)	Frees a Nova Cannon beam's objects, the beam and but the first six of its strands, and marks it free
00479140	function	guns_load_shell	void __cdecl (void)	Loads the Turret Flak's shell, the first part's levels of ship type 0xB1's model (shell.shp), into both sets of bolts
00478fa0	function	bullets_free_all	void __cdecl (void)	Lets every shot go (bullet_free) and empties the list of those in flight
00478fe0	function	guns_shutdown	void __cdecl (void)	Frees what guns_init built: the particle templates, the pool of shots, both sets of bolts but the shell, the muzzle flash meshes
004adf90	function	mesh_build_star	void * __fastcall (int blades, void *texture, float radius, float half_length, float u0, float v0, float u1, float v1)	A mesh of blades through the Z axis, spread evenly over half a turn, each a quad radius wide either side and half_length long either way, with the texture span given on every blade; lit, added, and taking colours of its own
0044f000	function	mesh_build_square	void * __fastcall (char two_sided, uint flags, float width, float height)	A rectangle facing along Z, width by height, as two triangles, or four where two_sided, over the whole of its texture
004ae190	function	ship_type_first_levels	void * __fastcall (int type)	Loads a ship type's model where none of its objects has yet, counts one more object of it, and returns its first part's levels
004c4710	function	mesh_copy	void * __fastcall (void *mesh, bool polygon_flags)	Copies a mesh into one allocation with arrays of its own; with polygon_flags, or mesh flag 0x10, the copy has a flag byte for each polygon
004c4b70	function	levels_copy	void * __fastcall (void *levels)	A copy of a level set, 0x54 bytes, with a copy of each of its meshes
0049c5d0	function	particle_template_create	ParticleTemplate * __fastcall (void *pool)	A particle template, 0x50 bytes, of a pool: kind (+0), life and its spread (+4, +8), then curves over a particle's life set with particle_curve_set, the rate an emitter streams at (+0xC), the half-size (+0x18) and the red, green and blue (+0x24, +0x30, +0x3C); the pool (+0x48) and how far a burst thins with distance (+0x4C), 1
0049c180	function	particle_curve_set	void __thiscall (ParticleCurve *curve, float start, float middle, float end)	Sets a curve over a particle's life to the quadratic through start, middle and end at its beginning, halfway and its end
0049c600	function	particle_emitter_create	void * __fastcall (void *template)	A particle emitter, 0xFC bytes, of a template, born now: its life and birth (+0, +4), a frame of its own (+8), unturned, which a caller may hang off another; then the particles' direction and spread (+0xBC, +0xC8), speed and its range (+0xD4, +0xD8), what they inherit (+0xDC), the texture's span (+0xE8) and the template (+0xF8)
0049bf60	function	particles_init		Makes particle_pools and in it particle_pool, of 1000 over gunflare\partic4, and sets the sparks up (sparks_init)
0049bfb0	function	particles_reset		Frees every particle of every pool, as a mission starts or ends
0049c010	function	particles_shutdown		Frees the pools
0049c050	function	particle_pool_create	void * __fastcall (int count, void *texture, byte coordinates, byte lit, byte blend)	A pool of count particles in particle_pools, 0x10 bytes: the count, the particles (0x18 bytes each: birth, life, velocity, template), a sprite set of as many over the texture, the sprites showing all of it, and how many are used
0049c140	function	particle_pool_free		Frees a pool's particles and sprite set
0049c1c0	function	particle_emit	void __fastcall (void *emitter, int index)	Particle index born from an emitter, now: its life with a random spread, a velocity along the emitter's direction, strayed by its spread, at a random speed, turned into the world, plus what it inherits; its sprite where the emitter stands, showing the emitter's span
0049c340	function	particle_spark	void __fastcall (void *emitter)	A spark from an emitter, as fast as a particle leaves it but inheriting nothing, its velocity times 100 a second's: explosion_spark
0049c450	function	particle_burst	void __fastcall (void *emitter, int count)	Count particles from an emitter at once, into the free ones: half as many behind the camera, and fewer with distance by the template's half-size halfway through, times 150, over the distance times the template's +0x4C
0049c680	function	particle_stream	int __fastcall (void *emitter)	What an emitter sends out over the frame, by its template's rate curve in hundredths, a roll a tick, thinned as a burst is; 0 once the emitter's life is over
0049c8e0	function	particles_frame		Once a frame, after the shots: first the sparks (sparks_update); then each particle alive moves on by its velocity and takes its half-size and colour from its template's curves; the rest are hidden; each pool's set is drawn up to its last particle alive
0058a948	data	particle_pools		Ten pools, 0x10 bytes each: particle_pool, the damaged ships' smoke's three (smoke_pool_light and the next two) and two others
0058a94c	data	particle_pool		The explosions' pool, of 1000 over gunflare\partic4, added
0058a950	data	particles_ready	bool	Set once particles_init has run
00553348	data	explode_flame_template	ParticleTemplate *	The flame a blast bursts into: 500 ticks and up to 100 more, half-size 0 to 100 to 400, from yellowish white through orange to nothing
0055334c	data	explode_sparkle_template	ParticleTemplate *	The sparkle a blast leaves: 100 ticks and up to 500 more, half-size 0 to 25, white fading out
0046b240	function	explosions_init		Sets the explosions up: the debris and effect tables cleared, the particle templates the explosions use, and the frame explode_marker
005635e0	data	bolt_levels	void *[15][4]	Each gun type's bolts for the player's side, four slots a type less one, which guns_init builds and bullet_build draws the shots with
00563010	data	bolt_levels_other	void *[15][4]	Each gun type's bolts for the other sides, as bolt_levels; the same meshes but for the Turret Lasers' rings
00563108	data	muzzle_flash_meshes	void *[15]	Each gun type's muzzle flash mesh, by type less one
00563190	data	nova_beams	int[8][34]	The Nova Cannon's beams, 0x88 bytes each: the beam's object, 30 strands' objects, whether it fired full, until when it shows, and its ship
00563150	data	muzzle_flare_texture	void *	The texture matflarea3, drawn across the muzzle by every gun type's flash but the Gattling Plasma Cannon's
00563154	data	muzzle_tongue_texture	void *	The texture matflareb3, drawn down the flare by every gun type's flash but the Gattling Plasma Cannon's
00563158	data	muzzle_sheet_texture	void *	The texture gunflare\sfxalpha1, three frames the Gattling Plasma Cannon's flash plays through
00478990	function	guns_init	void __cdecl (void)	Once at start-up: empties the 200 shots, loads gun_stats, requires the shot textures and builds each gun type's bolt meshes (0x00478460 and its fellows) into the tables at 0x005635E0 on and 0x00563010 on, the first set for the friendly side and the second for the rest
00478460	function	bolt_build_laser	void * __cdecl (void)	A level set of 0x54 bytes for a bolt sized by gun type 1's record (+0x04 half width, +0x08 half height, +0x0C length): two quads crossed along the flight until 15000, one quad until 100000, drawn with gunflare\lasers added and the object's own coordinates
0047f370	function	bolt_build_proton	void * __fastcall (int variant)	The Proton Cannon's bolt, as bolt_build_laser with its size written in (50, 50, 1400) and lit by colours of the object's own
00499680	function	node_mount_muzzle	void __fastcall (ModelNode *node, ShpAttachment *attachment)	Makes the node of kind 4 a gun muzzle attachment (kind 3) stands for, placed and turned exactly as the attachment is; object_collect_guns fits a gun on it and bullet_place fires along its Z axis
00500fb0	data	gun_atlas_starts	int[15]	The texel across the shot texture where each gun type's bolt begins, by gun type less one; -1 for a type drawn otherwise
00500fec	data	gun_atlas_widths	int[15]	How many texels across each gun type's bolt spans, by gun type less one
0056317c	data	bullet_lights_player	int *[2]	The player's two latest shots, which cast a light; bullet_place puts a new one in the next slot, putting out the light of the shot it replaces
00563184	data	bullet_lights_player_next	int	The slot of bullet_lights_player the player's next shot takes, 0 or 1
00563168	data	bullet_lights_other	int *[2]	The two latest shots of every ship but the player's, which cast a light, as bullet_lights_player
00563188	data	bullet_lights_other_next	int	The slot of bullet_lights_other the next such shot takes, 0 or 1
0047a4e0	function	bullets_move	void __cdecl (void)	Every shot in flight moves on by its velocity, which simulation_step runs after objects_update
0047a510	function	bullets_frame	void __cdecl (void)	The shots in flight once a frame, from the newest back: each is drawn between its last two places and coloured by the life it has left, tested against the objects it may reach (bullet_hit), and freed once it is spent or out of life (bullet_free)
00479b40	function	bullet_hit	void __fastcall (int *bullet)	What a shot strikes between its last place and its place now, among the objects bullet_place gave it. An object is struck where the segment first crosses the sphere of its radius: with a shield up in that quadrant the shot spends itself on the shield (object_damage with the type's first damage and its second over its first), with the shield down it reaches the hull (bullet_hull_hit). A candidate the shot has flown past is dropped from its list. An object whose components are listed is walked node by node, and the component struck takes the type's second damage
00479940	function	bullet_hull_hit	void __fastcall (int *bullet, int quadrant, int slot)	A shot that has passed an object's shields: the last of the object's part nodes whose box the segment crosses decides that it hit, and the quadrant's armour takes the type's second damage; then, unless the camera is in the player's cockpit, 10 sparks of kind 2 (sparks_spray) from where it entered, in the part's frame, taken for the world
0047a3d0	function	bullet_free	void __fastcall (int *bullet)	Lets a shot go: unlinks it from the list of those in flight and frees what it was drawn with
00479b30	function	object_turns_bullets	bool __fastcall (GameObject *object, int gun_type)	Whether an object turns a shot: its spectral_shields flag. The gun type the shields are tuned to is handed over and ignored, so a ship with them on takes no damage from any shot
0047d9a0	function	bullet_build	void __fastcall (int *bullet, int side)	Gives a new shot what it is drawn with, by a switch over its gun type less one: a mesh object over the type's bolt, sprite sets for a flare, or several of each hung off a frame at offsets drawn at random for some types; the Huge Guns add a light, a particle emitter and a glow. Meshes take their own texture coordinates: the type's span across gunflare\lasers and the top half for any side but hostile, the bottom for hostile.
004798b0	function	bullet_hull_test	bool __fastcall (void *box, void *query)	The test node_hit_test calls as it descends an object's tree for bullet_hit: the query is a shot's segment, the box a tree node's in the world
0047bc90	function	bullet_candidate_test	bool __fastcall (void *box, void *query)	The test object_hit_test calls for bullet_place on an object that lists components: for a root node, whether the shot path meets its box, to walk on; for a shown part node that plays a track, or whose tree root box the path meets, adds the object and the node number at +0xFC to the shot candidates, up to 20, and walks no further into its tree
0049b6a0	function	segment_meets_box	bool __fastcall (void *object, Vec3 *from, Vec3 *to, Vec3 *min, Vec3 *max, Vec3 *point)	Whether a segment meets a box in an object's frame, the segment turned into it and over its scale, and where it enters, in that frame (bullet_hull_hit)
00563148	data	bullet_pool		The 200 shots in flight, 0xC4 bytes each: bullet_fire takes the first whose type is -1
00563144	data	bullet_last		The shot linked in last; each record holds the one before it at +0xBC and the one after at +0xC0
0047bdb0	function	bullet_place	void __fastcall (int bullet, int gun_type, ModelNode *muzzle, ModelNode *node)	Fills in a new shot: its type and the record at gun_stats, the owner's side, the muzzle's place and orientation, a velocity of Gun.speed along its nose, a life of Gun.lifetime ticks, a light, and the object it is expected to hit. A ship aiming blind aims at its target, and type 12 scatters
0047c950	function	object_step_turrets	void __fastcall (GameObject *object)	Once a frame from orders_update for a ship that is not exploding and is not docking: runs each gun's turret routine from the table at 0x500FA0, indexed by the gun's turret kind
0047c9b0	function	turret_spin_step	void __fastcall (GameObject *object, void *gun)	A spinning gun (kind 2): its barrels loop their fire track; while its trigger is held they spin up by 0.1 a tick to 4, its gun track loops at their speed and its flaps open; otherwise they spin down by 0.02 a tick, its gun track stops and its flaps shut
0047cb10	function	turret_aim_angles	bool __fastcall (float *out, GameObject *ship, Vec3 *aim, void *gun)	The yaw and pitch that turn an aimed turret toward aim, from its base in the frames of the model root and the base part; false outside the base yaw limits where unequal, the pitching part pitch limits, or the firing arc at +0x58; a Huge Gun up to 20 degrees past a pitch limit aims at it
0047cf10	function	turret_in_line	bool __fastcall (float *orientation, Vec3 *from, Vec3 *point, float radius)	Whether point lies ahead of from along the forward axis of orientation and within radius of that line, as ai_along_nose with the place given apart
0047cfa0	function	turret_aimed_track	void __fastcall (GameObject *ship, void *gun)	An aimed turret with a valid target leads it from its base, by 0.5 to 0.8 of the lead where its ECM is on, keeps the yaw and pitch still to turn toward it, and where the muzzle points from the base within twice the target radius of the aim holds its trigger a tick and plays the fire track of each part playing none; otherwise drops the target
0047d1f0	function	turret_pick_target	void __fastcall (GameObject *ship, void *gun)	The first object in slot order an aimed turret can lead and aim at: type below 0x100, not its own, not its side nor neutral, a Huge Gun only a ship listing components; a ship listing components by its first reachable component, but by a Kurgan, Antanov, Nanny or Prowler turret
0047d3d0	function	turret_aimed_step	void __fastcall (GameObject *ship, void *gun)	An aimed turret (kind 1): with a target, tracks it and turns base yaw and slot 1 and 2 pitch by what is left to turn, at most 0.02 a tick; every 100 to 199 ticks with none, picks one
0047d560	function	turret_missile_step	void __fastcall (GameObject *ship, void *gun)	A missile turret (kind 3) by its state at +0x5C: searching the object nearest ahead of its launcher in lock range, tracking and launching a Screamer one time in five each 2000 ticks, six before reloading with its launcher reload track
004b1c00	function	powerup_give	void __fastcall (int slot, int unknown, PowerUp power_up)	Hands an object a deathmatch power-up, the one named or else one by the weights at 0x005DB4C4, where the object is the player's or one is named: sets power_up, power_up_since and power_up_until and runs the record's start routine; a record flagged 2 is used at once through 0x004B1B20
00481400	function	sound_pitch_factor	float __fastcall (int quarter_tones)	What n quarter tones up or down multiply a playback rate by, 2^(n/24), from tables clamped to 96 either way
00481440	function	sound_init	uint __fastcall (int voices, int speech, int redbook, char hardware)	Starts Miles: the digital driver, a sample for each voice up to 16, the radio speech's double buffer where asked, the CD's audio where asked, and tick_timer; WinMain asks for 10 voices
00481750	function	sound_shutdown	int (void)	Ends the voices, stops the CD's audio, closes the music and shuts Miles down
004817e0	function	sound_3d_providers		Lists Miles's 3D providers, their handles at 0x00563A4C and their names at 0x00563A8C
004818a0	function	sound_3d_close	void (void)	Closes the 3D provider, releasing its 3D voices, and frees smp3d.fat (sound3d_free)
00481900	function	sound_3d_open	int __fastcall (int provider)	Opens a 3D provider by the game's number for it: 0 Miles Fast 2D Positional Audio, 1 Aureal A3D, 2 Creative Labs EAX, 3 RAD Game Tools RSX, with Dolby Surround where asked; a 3D voice for each sample it supports, up to 64; then sound3d_init
00481af0	function	sound_3d_voice_end	void __fastcall (int voice)	Ends what a 3D voice plays and frees it; the object or missile it followed has no voice left (+0xB96 to 0xFFFF)
00481ba0	function	sound_3d_end_all	void (void)	Ends every 3D voice's sound
00481bf0	function	sound_3d_update	void (void)	Once a frame: the player's engine (sound3d_engine_update), then each 3D voice freed once past its length (bytes / 441 ticks) or out of range, else placed again from the camera by what it follows
004820c0	function	sound_play_on_voice		Plays sound n of a bank on a given voice, ending what it played
00482160	function	sound_buffer_at	void __fastcall (int index, Vec3 *position, float volume)	Adds a positional sound of the first 18 slots to the frame's gathered levels in each ear, by its distance and which side of the camera it lies
004822f0	function	sound_buffers_play	void __fastcall (void *bank)	Plays each positional sound gathered this frame, slot n as sound n of the bank (bank_stdsmp), panned by its two levels and as loud as the louder, then clears them
004823d0	function	sound_voice_end	void __fastcall (int voice)	
00482410	function	sound_voice_playing	bool __fastcall (int voice)	
00482440	function	sound_voice_set_volume	void __fastcall (int voice, int volume)	A playing voice's volume, 0 to 127, scaled by Fxvolume and Mastervolume
004824c0	function	sound_voice_fade	void __fastcall (int voice, int step)	Fades a playing voice out by step every five ticks (tick_timer)
00482510	function	sound_fade_all	void __fastcall (int step)	Fades out every voice not finished
00482570	function	sound_end_all	void (void)	Ends every voice and forgets the gathered positional sounds
004825d0	function	sound_pause_all	void (void)	Stops every playing voice where it is, remembering which at 0x00563A20
00482630	function	sound_resume_all	void (void)	
00482940	function	music_playing	bool (void)	
00482960	function	music_fade_out	void __fastcall (short step)	The music's level falls by step every five ticks from game_ticks now (which it keeps as the fades' mark, 0x0056533C), until the stream closes
00482990	function	sound_volumes_apply	void (void)	Sets the volumes again: the music's, each voice's still playing, and the speech sample's
00482a80	function	music_play	int __fastcall (char *path, int loops, int level, int now)	Plays a file as a Miles stream at level and loops, now, or once the music playing has faded out; a piece the table at 0x005017A0 names loops back to its own offset
00482c30	function	music_update	void (void)	Once a frame: the queued piece starts once the music has stopped
00482c70	function	music_pause	int (void)	
00482c90	function	music_resume	int (void)	
00482cd0	function	music_start	int (void)	
00482cf0	function	music_close	int (void)	
00482d10	function	sound_driver_open		Opens Miles's digital driver on the wave-out device, as PCM of the given channels, bits and rate
0049d160	function	sound3d_init	void (void)	Loads smp3d.fat, scales the 3D sounds' distances by 0.0004, gives each 3D voice its class from the row for the provider's size, and finds the engine's and the afterburner's voices
0049d310	function	sound3d_free	void (void)	
0049d330	function	sound3d_end_all	void (void)	Ends and frees every 3D voice playing
0049d360	function	sound3d_play	int __fastcall (Vec3 *at, Vec3 *facing, int owner, int sound, float volume, int unused, char class)	Plays a 3D sound of the table at 0x00507140, placed by what it follows, on a voice of its class, else one not reserved, else a borrowed one; not started beyond its maximum distance but for the engines' sounds
0049dcb0	function	sound3d_engine_sound	int (void)	The player's engine sound by its ship type: PSHIP01 on
0049dcf0	function	sound3d_engine_update	void (void)	The player's engine pitched and loudened by its throttle, the afterburner's or reverse thrust's sound while either is on and its fade after, then the fighters heard flying past the camera
0049e2f0	function	sound3d_pause	void (void)	Stops every 3D voice playing
0049e330	function	sound3d_resume	void (void)	
0049e370	function	shield_bubble_object		A shield bubble's scene object, named Shield mesh, over the finest level (flags 0x280800), its texture coordinates each vertex's x and y, scaled by the float on the stack
0049e3d0	function	sphere_mesh_create	void * __fastcall (int around, int down, float radius)	A sphere of radius on a grid of around slices and down bands: a fan round each pole and two triangles a slice between, over shield128, lit and added
0049e7d0	function	shield_bubble_update	void __fastcall (void *bubble, int ticks)	Moves a bubble on by ticks: each vertex's colour the sum of its eight hits' faded strengths through its tint's ramp, or a force field's grey flicker; then the texture swirls about the bubble's centre, which turns
0049eb00	function	shield_ramp_friendly_colour		A friendly ship's ramp colour at a strength: cyan at 0.6, dark at 1 and below 0.35, grey without a hardware renderer, times 0.07
0049ec30	function	shield_ramp_other_colour		The other sides' ramp colour at a strength: the friendly one's green and blue swapped, times 0.8 and 0.07
0049ed60	function	shield_ramp_friendly_at		The friendly ramp's colour at a strength strictly between 0 and 1, else black
0049edd0	function	shield_ramp_other_at		The other sides' ramp colour at a strength strictly between 0 and 1, else black
0049ee40	function	shield_ramps_build	void (void)	Fills both ramps, 1024 steps each
0049ee90	function	shield_levels_build	void (void)	The six levels' spheres from shield_level_grids, and their reaches by the detail
0049eef0	function	shield_levels_free	void (void)	Frees the six levels' spheres
0049ef10	function	shields_init	void (void)	The shields' textures, ramps and levels, and the capital shields' pool emptied
0049ef60	function	shields_deinit	void (void)	Frees the capital shields still showing and the levels
0049ef90	function	shield_bubble_create		A shield bubble, 0x48 bytes: kind 1, its scene object, the tick made, never struck, its texture centre at (0.3, 0.3), eight hits' strengths, and the side it glows for
0049f070	function	shield_bubble_free	void __fastcall (void *bubble)	Frees a bubble's scene object and hits
0049f0a0	function	shield_bubbles_draw	void (void)	Once a frame: each bubble struck in the last 100 ticks at the level of detail its distance gives, save the player's from its cockpit; stops at one past the last level; then the capital shields
0049f1e0	function	shield_flare	void __fastcall (GameObject *object, Vec3 *at)	A ship's shields struck at a point while any holds anything: sparks of kind 3, and the bubble's next hit by each vertex's angle from the point
0049f450	function	shield_bubble_drawn		The bubble object's callback as it is drawn: unless paused, shield_bubble_update by the ticks since its last
0049f4a0	function	capshield_flare	void __fastcall (ModelNode *node, int polygon, int side)	A capital ship's shield struck on a node's polygon: nothing on an object whose invulnerable is 5, or on a force field of one exploding; the node's slot shows 200 more ticks and becomes capshield_next, else a copy is made in capshield_next; a force field's vertices all take 1, any other's round the polygon's middle twice their share of the reach; polygons dark in the hit are marked 1
0049f790	function	capshield_create	void __fastcall (int slot, ModelNode *node, int side)	A pool slot's Capshield mesh copy of a node's finest mesh, every polygon drawn, one lit additive pass over shield128 or ffield, living 200 ticks; the side goes unread
0049f900	function	capshield_free	void __fastcall (int slot)	Frees a pool slot's copy and hits
0049f950	function	capshields_draw	void (void)	Each capital shield still showing faded and drawn, three times as bright as a bubble, swirling about (0.5, 0.5); a force field's coordinates thrown at random
0049fc70	function	part_is_force_field	bool __fastcall (void *part)	Whether a part's name holds FORCEFIELD
0049fcd0	function	force_field_mark	void __fastcall (void *node)	Sets flag 0x20 on each node of a tree whose part is a force field
004268c0	function	cosine_ease		From a to b as a share goes from 0 to 1, slow at each end: (b - a) * (cos(share * pi + pi) * 0.5 + 0.5) + a
0058cb68	data	shield_texture		shield128, which the bubbles and capital shields are drawn over
0059372c	data	force_field_texture		ffield, which a force field and a flickering bubble are drawn over
0058cb6c	data	shield_ramp_friendly		A friendly ship's bubble colours, 1024 steps of three floats
00590728	data	shield_ramp_other		The other sides' bubble colours, 1024 steps of three floats
0059375c	data	shield_levels		The six levels' sphere meshes, finest first
00593734	data	shield_level_reaches		How far from the camera each level is drawn out to, from shield_level_reaches_by_detail
00593730	data	shield_level_count	int	The levels of detail, 6
0050884c	data	shield_level_grids		Each level's slices around and bands down: 16 by 14, 12 by 10, 10 by 8, 8 by 6, 6 by 4, 4 by 4
0050887c	data	shield_level_reaches_by_detail		The six reaches for each detail: from 1250 to 40000, 2500 to 80000, 10000 to 320000
0058fb70	data	capshields		The capital shields showing, 50 of 0x3C bytes: the node, its copy, when it ends, when it last moved, eight hits, the next, a force field
00593728	data	capshield_next	int	The capital shields' pool slot the next takes
004a0310	function	shieldfx_create		What a hit leaves where it struck, 12 bytes, by kind: 2 a hull hit, an orange emitter facing out from the surface and ARMOUR01 at the point in the part's frame, or PLAYERHIT on the player's ship at most every 30 ticks; 3 a component hit, a burst of 20; 4 a grey emitter; 5 sound 71 and 0x00472780
0049fef0	function	mesh_nearest_surface		The point of a node's mesh nearest a point in the world, by each front-facing polygon's nearest point (simplex_nearest_point), and the surface's normal there
0049fd20	function	shieldfx_init	void (void)	Once: gunflare_sfxalpha1, and the orange and grey templates of what a hit leaves
0049fea0	function	shieldfx_free		Frees what a hit left, and the emitter of kinds 2 to 4
0049fec0	function	shieldfx_deinit	void (void)	Frees the two templates
004992d0	function	node_add_effect		Hangs what a hit left from the node struck, as a node of kind 6 in a free child slot; for kind 3 it first clears nearby ones and the oldest past ten, and flares a shield generator's capital shield instead
00593790	data	shieldfx_orange		The orange template of what a hit leaves: 100-tick particles growing from 50 to 100, fading from orange
0059378c	data	shieldfx_grey		The grey template of what a hit leaves: 50-tick particles growing from 25 to 50
00593794	data	player_hit_at	int	When a shot last sounded PLAYERHIT on the player's hull
00593784	data	shieldfx_ready	byte	Set once shieldfx_init has run
00593788	data	shieldfx_texture		gunflare_sfxalpha1
004c1510	function	vec3_cosine	float __fastcall (Vec3 *a, Vec3 *b)	The cosine of the angle between two vectors
00507140	data	sound3d_definitions	Sound3DDefinition[76]	The 3D sounds, closed by a record whose entry is -1
005085b4	data	sound3d_class_rows	byte[96]	Each 3D voice's class, 32 to a row: for up to 14 voices, up to 30, and more
00508614	data	sound3d_class_names		Names of the voice classes, 30 characters each
00508740	data	engine_sound_rates	int[13]	The player's engine sound's playback rate at no throttle, by ship type
00508774	data	engine_sound_rates_by_throttle	int[13]	What full throttle adds to it
005087a8	data	engine_sound_volumes	int[13]	Its volume at no throttle
005087dc	data	engine_sound_volumes_by_throttle	int[13]	What full throttle adds to it
005017a0	data	music_loops		The music's loop points: each piece's name and the byte its loop starts at
00563f60	data	sound_voices_3d	SoundVoice3D[64]	
0058cb1c	data	sound3d_classes	Sound3DClass[64]	Each 3D voice's class
0058cb04	data	sound3d_engine_state	Sound3DEngineState	
0050713c	data	sound3d_engine_changed_at	int	When the afterburner last came on or went off
00565674	data	sound_engine_voice	int	The 3D voice of class player engines
00565060	data	sound_burner_voice	int	The 3D voice of class player burners
00565684	data	sound_voice_3d_count	int	
00501798	data	sound_voice_count	int	
00563a1c	data	sound_driver	void *	Miles's digital driver
00565300	data	music_stream	HSTREAM	
00565068	data	music_level	int	The music's level, 0 to 127, which fades
00565340	data	sound_buffered	float[200]	Each positional sound's level in the left ear and the right, gathered over a frame
005d5a70	data	volume_master	int	Mastervolume, 0 to 127
005d5a74	data	volume_effects	int	Fxvolume
005d55ec	data	volume_music	int	Musicvolume
005d5e88	data	volume_speech	int	Speechvolume
0048f160	function	sound_settings_save	void (void)	Writes Fxvolume, Musicvolume, Speechvolume and Mastervolume to [Sound] of the settings file
00588334	data	armor_warned_at	int	The frame_start the player's armour last warned at: object_armor_conditions warns no more than once in 500 ticks
004a0d90	function	shockwave_init	void __fastcall (void)	Requires the ring textures rng_02, rng_03, rng_04, rng_01 and rng_06 into shockwave_textures, builds a ring over each into shockwave_meshes, and a sphere of 16 by 14 into shockwave_sphere, which nothing draws
004a0b30	function	shockwave_ring_mesh	void * __fastcall (int ring)	A ring over shockwave_textures[ring]: 8 points a unit out and 8 a tenth out about Z, 16 triangles between them, textured by how far each corner lies across and up either way, at least 1/64, coloured and added
004a16f0	function	sphere_mesh	void * __fastcall (int segments, int rings, float radius)	A sphere of the radius, segments round and rings from pole to pole, textured by 0x00593798 with generated coordinates, coloured and added
004a0e40	function	shockwave_free	void __fastcall (int slot)	Frees a shockwave's ring object and its slot
004a0e60	function	shockwave_deinit	void __fastcall (void)	Frees every shockwave, the meshes and the sphere, and releases the textures
004a0f00	function	shockwaves_update	void __fastcall (void)	Once a frame after explosions_update: each shockwave drifts by its velocity times frame_duration, its ring's colours fade from 1 to 0 over its life and it spreads to its size times how far through its life it is; as it passes the player kinds 0 to 2 raise hit_shake, 7 and 8 damage the player's quadrants through the shield reserves; 5 pushes and 6 damages other sides' ships; kind 7 is not drawn
004a15d0	function	shockwave_create	void __fastcall (Vec3 *at, float *orientation, Vec3 *velocity, int kind, float size, int life, char side, int owner)	Sets a shockwave off into the first free of shockwaves (asserting shockwave count exceeded where none is): its kind's ring, never culled and coloured by its own colours, at scale 0
005937c8	data	shockwaves		Thirty shockwaves, 0x2C bytes each: kind, ring object, velocity a tick, size, birth, life, owner, side
005937b4	data	shockwave_meshes	void *[5]	The rings shockwave_ring_mesh builds, one over each of shockwave_textures
0059379c	data	shockwave_textures	void *[5]	rng_02, rng_03, rng_04, rng_01 and rng_06
005937b0	data	shockwave_sphere	void *	The sphere shockwave_init builds, which nothing draws
00472740	function	debris_free	void __fastcall (int record)	Frees a debris record's object and its smoke emitter
004c3570	function	SR_object_concate_parents	void __fastcall (void *object)	An object's place in the world (+0x70, +0x4C) from its own (+0x3C, +0x18) and its parent's, the parents' first
004c4d50	function	scene_object_free	void __fastcall (void *object)	Unlinks an object and frees it, and its mesh or its levels' meshes where flag 0x4000 says they are its own
004a1af0	function	sparks_init	void __fastcall (void)	Builds the shape of each of the five spark kinds (spark_shape_build) and clears sparks
004a1b30	function	sparks_deinit	void __fastcall (void)	Frees the spark shapes' meshes
004a1b70	function	sparks_reset	void __fastcall (void)	Frees every spark
004a1bb0	function	sparks_update	void __fastcall (void)	Each spark past its kind's life is freed; the rest move on by velocity and carried velocity times the ticks since the last update, slow by the drag to the power of them, turn, grow or fade late by the kind's flags, and take the colour between the kind's first and last by how far through their life they are
004a1db0	function	spark_add	void __fastcall (int kind, Vec3 *at, Vec3 *carried, Vec3 *direction, float speed)	A spark of the kind in the next of sparks, freeing what was there: its shape's levels, never culled and coloured by its own colours, looking along direction, at direction times speed a tick, drifting with carried
004a1ed0	function	sparks_spray	void __fastcall (int kind, Vec3 *at, Vec3 *carried, Vec3 *direction, float speed, float spread, float speed_range, short count)	count sparks along direction turned by a random pitch and yaw within half the spread either way, at speed and up to half the range either way; kinds 2 and 3 only within 20000 of the camera
004a2010	function	spark_free	void __fastcall (int slot)	Frees a spark's object and record
004a2040	function	spark_shape_build	void __fastcall (int kind)	Kind 0: a beam of three crossed quads over alhuge, drawn out to 1500000; the rest: two quads crossed along the length over lasers, out to the look's first distance, then one quad with generated coordinates out to its second
00508a18	data	spark_looks		Five spark kinds, 0x68 bytes each: half width, half height and length, two distances, texture name, texture span, first and last colour, life, drag, three flags
00593d88	data	spark_next	byte	The slot of sparks the next spark takes
00593d8c	data	sparks_moved_at	int	The frame_start the sparks last moved on at
00593d90	data	sparks	void *[256]	The sparks flying, 0x24 bytes each: kind, object, birth, velocity a tick, carried velocity a tick
00594190	data	spark_shapes		Each spark kind's levels, 0x54 bytes each: count, distances, meshes
004018f0	function	ai_target_node	ModelNode * __fastcall (OrderEntry *entry)	The node the AI aims at on a target: its component's node, the root's child 0x14 for types 0x43 and 0x49, 0x11 for 0x47, 0x13 for 0x48, else the root
00401280	function	ai_lead_aim	bool __fastcall (Vec3 *out, int slot, OrderEntry *entry, float lead)	Picks the fastest of the guns the ship fires together (its group's two, or all) and leads the target with it (ai_lead_aim_with_gun)
00401180	function	ai_lead_aim_with_gun	bool __fastcall (Vec3 *out, void *node, OrderEntry *entry, int gun, float lead)	Aims at the target's node, ahead along its heading by its speed times lead times the gun's flight time to it; false, leaving the node's place, when the flight takes a quarter of the gun's lifetime or more (three times the lifetime for the Turret Flak)
004010f0	function	ai_along_nose	bool __fastcall (void *frame, Vec3 *point, float radius)	Whether the point lies ahead of the frame and within radius of the line along its nose
00401980	function	ai_collision_course	bool __fastcall (int slot, int target, float steps, float margin, int *part, int *box)	Whether the ship is on course to hit the target within steps: within reach at both cruise speeds with both radii and the margin; then, without components, the target ahead and the ship closing by its velocity less twice the target's to within both radii and the margin; with components, the ship's next position within its cruise times steps and the margin of a box of a part in the root's child list, whose part and box it hands back; it writes them through without testing either for null
004065d0	function	maneuver_new_attack_run_start	bool __fastcall (int slot, void *state, byte *line)	NewAttackRun's start: the way out, in the target's frame, from the firing arc of a component the target's model gives one (model +0x64), or from the part aimed at clear of the hull (ai_escape_direction); with its argument set, fighting to -1
00402500	function	ai_escape_direction	void __fastcall (Vec3 *from, GameObject *object, Vec3 *out)	The way clear of a ship hull from a point: each box of the collision trees of the parts on its root within 20000 of the point pushes away from it, harder the nearer; the sum normalized
00402860	function	player_control_entry	OrderEntry * (void)	The entry of the player's orders that is Player Control, which holds the player's target, or null for none
00415270	function	player_target_set	void __fastcall (short index, short component, int unused)	Aims the player's Player Control order at an object and a component, then has the display follow it (hud_target_changed) and tells a multiplayer game (player_target_send)
004150d0	function	player_target_cycle	bool __fastcall (short next, short among, int unused)	Steps the player's target round the objects, the next where next is 1 and the previous otherwise, to one it can aim at, ejected ones included and cloaked friendly ones, not the player's: hostile within twice pick_range for among 1, friendly within it for 2, any for 0. None found leaves no target. The display follows either way. Returns whether one was found
00414f90	function	player_subtarget_cycle	bool __fastcall (short next)	Gives both forms of the target display their full time again, then for a target that lists components and is not friendly opens its form if shut and steps its component round to the next targetable one not hidden, or to none
004bb980	function	player_target_send	void (void)	Sends the player's target to the other players in a multiplayer game, message 3
004152a0	function	nav_point_next	void (void)	Takes as hud_object's nav point the first of the mission's nav points that the player's ship is still farther from than its reach, or none
0048c580	function	hud_target_changed	void (void)	Follows a change of the player's target: copies it into hud_shown_target, points hud_target_object at it while it can be aimed at, and opens its form of the target display held, closing the other; with no target closes both
00489c70	function	hud_target	void (void)	Draws the player's target in view 0. Off the screen or behind: an arrow from the middle, lines of palette 0x26 for a hostile target and 0x62 for the rest (0xB1 and 200 in software), none in the chase view, which shows chase_target_pointer instead; and a marker where a line its way leaves the screen, shapes 0x16C to 0x16F hostile or 0x170 to 0x173, with the range in font_small. On it: brackets 0x122, or 0x126 hostile, at the corners of its box as the camera sees it, dimmed by missile_lock_count; the range in font_new; and for a target that lists no components and is not friendly the lead cursor 0x12F at ai_lead_aim's point with a line toward the target, which sets hud_target_x and hud_target_y. Also marks the radio window's object (hud_comms_marker) and the nav point
00489bc0	function	hud_pointer_direction	void __fastcall (OrderEntry *entry, Vec3 *way, Vec3 *across)	The unit way across and down to a target's node in hud_object's frame, turned a half round, and that way turned a quarter round more
0048b0f0	function	hud_comms_marker	void (void)	While the radio's window is open or opening, draws shapes 0x12A to 0x12D at the corners of the box of the ship comms_object names, unless it is cloaked, where its middle is on the screen in front of the camera; the corners at least 15 apart either way
00491520	function	hud_missile_lock	void (void)	Does nothing while wgate_riding. Runs the player's missile lock: its state at 0x0057DFF0 (0 idle, 1 closing, 2 waiting out the lock time, 3 locked, 5 lost), missile_lock_count and the ticks from minus the lock time, and places the three lock_rings on the line from the camera to the target node; in the chase view adds chase_target_pointer and chase_nav_pointer to the scene. Its building sound (0x0057DFC0) never plays, and it ends 2D voice 0 every frame
004aafc0	function	line_clip	void __fastcall (void *pane, int *x0, int *y0, int *x1, int *y1)	Clips a line to a pane in whole numbers, cutting an end outside back to the edge it crosses, then keeps both ends on the screen if any of the line is on the pane, which it counts at 0x005D60DC
004a2af0	function	fonts_open	void (void)	Once: builds the remap tables text is drawn through, text_colours and the side tables among them, and opens the fonts, font_small and font_new among them
005799e8	data	hud_shown_target	OrderEntry	The player's target as the display has it, an order's entry of which only the target's index (0x005799EC) and component (0x005799EE) are set: hud_draw copies the Player Control order's target each frame, as hud_target_changed does
00569940	data	hud_target_object	GameObject *	The object the display draws as the target, while the player can aim at it, a cloaked friendly one too outside a multiplayer game; null otherwise
00566664	data	hud_under_reticle	short	The first object other than the player's within 0x20 of the middle of the screen either way, in front of the camera, which hud_target_keys finds and TARGET UNDER RETICULE takes; -1 for none
0057dfbc	data	missile_lock_count	int	The missile lock's count: 100 while no lock builds, down by the frame's ticks to 0 as one does, and back up as it is lost. hud_target draws the brackets at its hundredths of their brightness, none at a tenth or less, and shortens the lead cursor's line by 0.28 for each short of 100
00501cb4	data	pick_range	float	330000: the targeting keys reach twice as far from the player's ship
0057c260	data	hud_lead_point	Vec3	Where hud_target's lead cursor aims, which the player's guns aim at while blind fire does
0051cf38	data	nav_point_count	int	How many flyback markers the mission's script has set (SetFlybackMarker), ten at most; hud_init clears it
0051cf3c	data	nav_points	int[10]	The flyback markers' objects, nav_point_count of them, -1 for one gone
0051cf08	data	nav_point_reaches	float[10]	How far the player's ship may stray from each flyback marker before nav_point_next points it back there: SetFlybackMarker's reach
005799e4	data	chase_sight_near	void *	The chase view's near sight, a 600 square of chasetarget at full strength, which camera_chase stands 6000 ahead of the player's ship
00566780	data	chase_sight_far	void *	The chase view's far sight, a 600 square of chasetarget half grey, which camera_chase stands 12000 ahead of the player's ship
00566784	data	chase_blind_mark	void *	The chase view's mark of where blind fire aims, a 600 square, white, which hud_missile_lock stands 6000 from the ship toward hud_lead_point while blind fire aims
00566788	data	chase_pointer_roll	float	The angle hud_target turns chase_target_pointer by about the ship's nose, less half a turn: the way to the target from straight up, going round to the right
00501c50	data	hud_on	byte	While clear, hud_draw draws nothing and hud_missile_lock shows no chase view objects; hud_init sets it and nothing clears it
0057bc58	data	chase_target_pointer	void *	The chase view's pointer to the target, a scene object turned with the player's ship; bit 0 of its +0x14 hides it
005667ac	data	chase_nav_pointer	void *	The chase view's pointer to the nav point, as chase_target_pointer
0059517c	data	font_small	void **	smlfont.fnt, opened: the range by hud_target's marker at the screen's edge
0059549c	data	font_new	void **	newfont.fnt, opened: the range by hud_target's brackets
005956a0	data	text_colours	byte[256]	The remap table most of the display's text is drawn through: each index itself, but 0, which is 0xFF
005957dc	data	friendly_text_colours	byte[256]	As text_colours, with 0xF7 as 0xD7: hud_target's range for a friendly target
0059528c	data	hostile_text_colours	byte[256]	As text_colours, with 0xF7 as 0x4C: hud_target's range for a hostile target
00594648	data	neutral_text_colours	byte[256]	As text_colours: hud_target's range for a neutral target
00563160	data	ship_status_hits	byte[4]	A flag for each quadrant of the player's ship whose armour a hit wore (object_armor_damage), which hud_ship_status flashes on the schematic as shapes 1 to 4 and clears
005635d4	data	target_status_hits	byte[4]	A flag for each quadrant of the target of the player's current order whose armour a hit wore (object_armor_damage), for the target display
005883dc	data	primary_target	short[2]	The mission's primary target, the object's index then its component, -1 in both for none: SetPrimaryTarget sets it, PRIMARY TARGET makes it the player's, and mission_start clears it
00480c40	function	sprite_block	void * __fastcall (void *set, int index)	The address of block index of a loaded sprite set: its directory entry's offset from the set's start. hud_target hands palette_to_vfx the display's palette block this way
00455d40	function	comms_menu_run	void (void)	Runs the radio's menu while its window is open, which hud_target_keys calls first: by the page at 0x00529530, sets the page's title string at 0x00529FB4 and runs its keys
00453a70	function	comms_menu_draw	void __fastcall (void *pane, int x, int y)	The radio's menu in window 11, from x, y: COMMS in hud_font, then each item of the page from 0x18 below, 0xC apart, in font_new (comms_menu_draw_item)
00453ad0	function	comms_menu_draw_item	void __fastcall (void *pane, int index, int x, int y)	An item of the radio's menu: its number and a full stop at x, y, and its words 0xD across, in font_new
00453b50	function	comms_menu_add	void __fastcall (char *words, int page, short addressed)	An item more on the radio menu's page: its words, the page it leads to and whom that page is about (wingman_addressed)
00453b90	function	comms_menu_top	void (void)	The radio menu's top page, COMMS: Target for the player's hostile target that can be aimed at and is a fighter, a capital ship or one between; Alpha Wing where the player's wing has a ship not exploding; Base but in a scenario's map; Multiplayer in a network game
00453c80	function	comms_menu_pilots	void (void)	The radio menu's Alpha Pilots: each ship of the player's wing but the player's, not exploding, as its pilot's name and its place's call sign, then Alpha Wing for more than one
00453d50	function	comms_menu_base	void (void)	The radio menu's Base: Permission to land (but in a network game with 0x00588735 clear) and Request backup
00453da0	function	comms_menu_channels	void (void)	The radio menu's Open channels, which no item leads to: Open all channels and Close all channels (kill_credit_on)
00454370	function	comms_menu_ship	void (void)	The radio menu's page for the ship wingman_addressed names, unless exploding: the five taunts for a hostile one; for one of the player's wing the commands, where the player's target is hostile, and What's your status?; then the scolding and the praise
00454570	function	comms_menu_wing	void (void)	The radio menu's Alpha Wing: the three wingmen's commands to a wingman the game picks
00454870	function	comms_taunt	void (void)	The radio menu's taunts (pages 6 to 10): the pilot says hud_007 to hud_011; a hostile fighter not to be disturbed otherwise, whose order has no priority and does not aim at the player already, turns on the player (Fight) and answers in 300 ticks, an ace in lines of its own
00455720	function	comms_status	void (void)	The radio menu's What's your status?: the pilot says hud_004, and a wingman with a pilot's face and a second value above 0 answers in 250 ticks by how whole its armour is
00455b00	function	comms_scold	void (void)	The radio menu's Come on... get your act together: the pilot says hud_005, and the ship answers in 300 ticks, _cmon_ lines; to another player of a multiplayer game by 0x004983A0
00455c20	function	comms_praise	void (void)	The radio menu's Nice work. I owe you one: the pilot says hud_006, and the ship answers in 300 ticks, _iou_ lines; to another player of a multiplayer game by 0x004983A0
004558d0	function	comms_request_backup	void (void)	REQUEST BACKUP: the pilot says hud_013; while backup_available is set and backup_called clear, the player's ship's PlayerWantsBackup and backup_called set, and the carrier's bridge answers that backup comes, otherwise that it refuses
00529530	data	comms_menu_page	short	The radio menu's page, -1 the top, which comms_menu_run makes and the number keys move on
00529540	data	comms_menu_items	byte[80]	The radio menu's page's items, ten of 8 bytes: the words, the page each leads to and whom that page is about
00529cbc	data	comms_menu_count	short	How many items the radio menu's page has
00529fb4	data	comms_menu_title	char *	The title each page of the radio's menu names, which nothing draws
00529cb0	data	backup_called	int	Set as REQUEST BACKUP brings the mission's backup, so that only the first request does; radio_reset clears it
004b2d30	function	dm_scenario_mission	bool (void)	Whether mission_number is the mission of one of dm_scenarios, which mission_start keeps as multiplayer_mission
0050c790	data	dm_scenarios	byte[384]	The multiplayer game's six scenarios, 0x40 bytes each: three ids, then at offset 8 the mission each is played in (85, 82, 81, 83, 84 and 87). The code reads the mission field, at 0x0050C798 in the first
00474e00	function	player_friend_destroyed	void __fastcall (int told)	Sets +0x678 of the player's ship to 1, or to 2 and sends it in a multiplayer game when told is 1: object_armor_damage and component_damage call it as the player's shot destroys a friend or a friend's component
00474c80	function	friendly_fire_warning	void (float damage)	Outside a multiplayer game, adds the player's damage to a friend to 0x00562CEC; past 800 (0x004DC5EC), at most once every 3000 game ticks (0x00562CE8), Moose warns the player with one of ff_001 to ff_004, drawn with rand. Its count at 0x00562CF0 is held at 1, so the second and third sets of lines (ff_005 on, ff_009 on) never play
00491350	function	missile_lock_possible	bool (void)	Whether the armed missile of the ring can lock on the target: one is armed, not of type 6, the target can be aimed at, the player's missiles are not disabled, outside a multiplayer game the target is hostile and the type not 0, and the target's node is within the type's range (+0x1C of its stats) and ahead of the ship
004914d0	function	missile_lock_same	bool (void)	Whether the lock building is still on the target, the component and the missile type it began on (0x0057E024, 0x0057E026, 0x0057DFB8)
0057bf40	data	hud_display_target	short	The target the target display last drew, which hud_window_close draws the closing form's picture for and hud_subtarget picks out
0056992c	data	hud_display_component	short	The subtarget the target display last drew, -1 from window 3, which hud_window_close draws the closing form's picture for
0057bdfc	data	hud_bar_pane	void *	A VFX pane the display cuts its bars into: the large target display's hull and subtarget armour bars, and the damage display's
00595490	data	hud_font	void **	blufont.fnt, opened (soft_blufont.fnt for the software renderer): the font of every line of the display's own text
00475a90	function	mission_end_record	void (void)	As a single-player mission ends, unless the player's ship was destroyed or the pilot captured (mission_ending 1 or 3). A total failure (mission_success -1) sets mission_ending 5 and records nothing. Otherwise it keeps the rating in last_success, awards the mission's ribbon (ribbon_of_mission), promotes the pilot by skull_count against rank_kills, keeping the rank for the mission, and moves campaign_tier by mission_tiers. After mission 28 it moves mission_number to 29, the story's end, and stops. After any other it keeps the mission's rating, awards the mission's medal where it is rated a success with its bonus and the pilot was not picked up (medal_of_mission), playing its ceremony from the disc (medal_movies), moves mission_number on to the next, from 11 and 12 to 14, from 16 to 18 and from 21 to 23, brings the wing's pilots up to date for it (update_pilots), saves the game (game_save, unless net_session), and copies the pilot's record into the profile (0x00562CF8: the mission, call sign, rank, tier, kills, medals, ribbons and each mission's rating and kills), which WinMain puts back before a network game's campaign mission, and writes it (profile_save)
004751b0	function	campaign_new	void (void)	A new campaign, which WinMain runs as the game starts, and the front end (0x00428C33, 0x00430AAF): clears the game's variables 0 to 31 and sets 5 to 8, 13, 14, 16 to 23, 29 to 32, 35 and 36 to 1; sets mission_number to 1, clears the pilot's tallies and each mission's records; then reads profile.bin (profile_load), or makes a new profile under the default name (string 0xBF) and writes it
00475390	function	profile_load	void (void)	Reads the 0xD0 bytes of profile.bin into 0x00562CF8 and copies the pilot's name from 0x00562CFC to call_sign (0x00562DCC); campaign_new runs it where the file is there, and WinMain before a network game's campaign mission (0x004A99CC), which takes the pilot's tallies back from it
004753f0	function	profile_save	void (void)	Writes the 0xD0 bytes at 0x00562CF8 to profile.bin, which pilot_roster, vr_rooms, mission_start and the multiplayer screens do after copying call_sign into it, and mission_end_record after copying the campaign into it
00475430	function	game_load	void __fastcall (char *path)	Loads a saved game: reads the IFF file's SAVE form, each of its chunks MISS, VERS, VARS, PILO and ALPH into its place (0x00500A20), then clears the game's variables 0 to 31 and puts back those the game keeps from saved_variables
00475620	function	mission_reset_variables	void (void)	Before each attempt at a mission: clears the game's variables that belong to the attempt, 0, 1, 3, 9, 10, 37, 14, 28 and 34
00475650	function	game_save	bool __fastcall (int slot, char *name)	Saves the game as saves\<pilot>GAME<slot>.IFF: an IFF FORM of type SAVE holding a NAME chunk of name, then the chunks game_load reads, the game's variables it keeps first copied to saved_variables; false where saves\test.bin cannot be written in full
00475d20	function	restart_save	void (void)	Saves the restart point, game_save of slot 100 named restart, which WinMain writes before a mission's attempts
00475d30	function	restart_load	void (void)	Loads the restart point, saves\<pilot>game100.iff, for a replay or a restart, keeping the 42 bytes at 0x00562F18 as they were
00562f78	data	saved_variables	int[30]	The VARS chunk of a saved game: the game's variables it keeps, in the order 16 to 21, 5, 22, 23, 6 to 8, 11 to 13, 24 to 27, 29 to 32, 34 and 36
005009f4	data	rank_kills	short[9]	The kills each rank needs: 0, 35, 72, 115, 150, 200, 255, 275 and 300
00562d24	data	skull_count_kept	int	skull_count as the last mission the player came through left it, which WinMain puts back before each single-player mission
00562e64	data	mission_kills	short[28]	The pilot's kills in each mission of the campaign, by mission_number, which kills_add counts for the local player
00529c6c	data	kill_credit_on	int	While set, explode_kill_credit credits kills and has their radio lines said. A mission's start sets it (0x004560F0), and the radio menu's pages 20 and 21 set and clear it
004934f0	function	mission_start	void (void)	A mission's start, the first of main.cpp's code: among much else it sets the rescue odds to always picked up and fits the player's ship with its devices and its cockpit, the Kamov's, kamg_frm.shp with gunnery_wire_frame 0x112, in mission 25's first part whatever the ship (0x00493761); once the script has started it runs update_pilots and, in missions 1 to 28 out of the simulator, gives the player's wingmen the pilots of alpha_pilots (object_set_pilot); last it copies call_sign into the profile and writes it (profile_save, 0x00493F8E)
0051cf98	data	rescue_odds_rescued	int	The weight of an ejected pilot being picked up by a nanny ship, which order_eject draws from: 100 from a mission's start, and SetRescueProbabilities' first argument
0051cf90	data	rescue_odds_captured	int	The weight of an ejected pilot being picked up by the enemy: 0 from a mission's start, and SetRescueProbabilities' second argument
0051cf9c	data	rescue_odds_killed	int	The weight of an ejected pilot being killed: 0 from a mission's start, and SetRescueProbabilities' third argument
005667b8	data	radar_contacts	int	The radar's contacts, radar_contact_count of them, 20 bytes each: the dot's x and y and the height as ints, then whether hostile, the line's palette entry and whether the nav point as shorts
0056569a	data	radar_contact_count	short	The contacts in radar_contacts this frame
00501ca8	data	radar_reach	float[3]	How far each radar range reaches: 90000, 150000 and 230000
00501cb8	data	radar_scale	float[3]	The share of a unit of the world a radar pixel stands for at each range: a 150000th, a 230000th and a 330000th
0057bdf4	data	comms_object	int	The object the radio's window names, whose corners hud_comms_marker marks and whose radar contact shows in palette entry 0xFD with shape 0xE6
0057bc4c	data	radio_name	short	The string that names whoever says the line, which the radio's window shows over the face
0056993c	data	radio_side	short	The side of whoever says the line: the radio's window opens with shapes from 0x131 for a friendly one and from 0x148 for any other
005883cc	data	radio_speech	void *	The speech file of the line the radio said last, read from speech_hog as it is said and started with its film
005883d0	data	script_speech	void *	The speech file PlaySpeech plays
005297e8	data	speech_heard	short	Set as a line of speech first plays in a mission, when sound_volumes_apply sets the volumes again, alike either way; cleared by radio_reset
005373ea	data	comms_movie_said	short	Set by PlayCommsMovie; nothing reads it
004560f0	function	radio_reset	void (void)	As hud_init readies a mission: empties the radio's queue and its delayed reports, names nobody in the window, clears the remarks' timers and flags, and the script's DisableGenericComms (0x00529538) and DisableTaunts (0x00529CB4)
004cb910	function	SR_CCB_quantize_color	byte __thiscall (void *ccb, float red, float green, float blue)	The palette entry of a colour table (CCB) nearest a colour of three levels from 0 to 1
00471b20	function	explosion_spark	void __fastcall (Vec3 *at, Vec3 *velocity, float size)	Throws a small piece of debris into the next of explosion_bits, picked as explosion_bit picks one: at, flying at velocity a second, half to one and a half times size across, tumbling up to 0.05 a frame about each axis, for -100 to 300 ticks. particle_spark's, at size 0.1
004942b0	function	mission_end	void (void)	A mission's end: among much else it frees the smoke's templates and pools (smoke_templates), the debris models, the radar's backing, the samples, the speech and the cockpit object, and ends the sounds and the music
00494400	function	smoke_start	void __fastcall (GameObject *object, ShpPart *part, int child, int attachment, int level)	Starts an object's smoke again for level (smoke), from the engine glow attachment on part, the root's child: frees the old emitter, and for levels 1 to 3 hangs one from the child's frame where the attachment stands, turned as it is, its Z axis turned back where the attachment's length (+0x50) is negative, streaming along Z at 30 to 36 a tick, strayed 0.15 either way across at level 1 and 0.25 above, for 999999 ticks
004946b0	function	smoke_template_create	ParticleTemplate * __fastcall (int level)	The smoke's template for level 1 to 3 and its pool of 1000: over gunflare\partic4, added, at 1 and 2, and gunflare\partic7, premultiplied, at 3, with sparks one time in 200; living 70 to 79 ticks at 1 and 100 to 109 above; mission_start makes the three into smoke_templates
00587cb4	data	smoke_templates	ParticleTemplate *[3]	The smoke's templates for levels 1 to 3 (smoke_template_create); smoke_start reads the level's from four bytes before, so level 0 reads paused_ticks, and makes no emitter for it
00588708	data	smoke_pool_light	void *	The pool of the smoke's level 1 (smoke_template_create); smoke_pool_heavy and smoke_pool_burning follow
0058870c	data	smoke_pool_heavy	void *	The pool of the smoke's level 2
00588710	data	smoke_pool_burning	void *	The pool of the smoke's level 3
004ad480	function	install_paths_read	void (void)	Reads the install's paths from HKLM Software\Microsoft\Microsoft Games\Starlancer\1.0: PID, InstallType, CDPath with game appended (cd_path) and InstallationDirectory with a backslash (install_directory). InstallType 3, a full install, sets full_install and both discs' folders to the installation directory. Without the key or either path, the current directory stands for all of them, as a full install
004ac6c0	function	cd_in_drive	int (void)	Which disc is in the drive: 1 or 2 by which of cd1.bin and cd2.bin is in cd_path, or -1 for neither. In a full install cd_path is first set to the current disc's folder. Looks from cd_path and moves back into install_directory
0042fe00	function	cd_hog_open	void __fastcall (int disc)	Opens the disc's cd%d.hog (cd_hog) from cd_path. In a full install cd_path is first set to that disc's folder; otherwise, with the other disc in the drive (cd_in_drive), it closes the hog and waits with an overlay (0x00430110) for the disc to be changed. Can't open HOG resource file is fatal
005d62c4	data	full_install	int	Whether the hogs of both discs are read from folders of their own rather than the drive: an InstallType of 3, or no install in the registry (install_paths_read)
005d62c0	data	cd_current	int	The disc whose hog is open, 1 or 2 (cd_hog_open)
005d60ec	data	cd_path	char[256]	Where the disc's hog is read from: the drive's game folder, or in a full install the current disc's folder
005d6b38	data	install_directory	char[256]	The installation directory, with a backslash, which the game works in
005d62d4	data	game_directory	char[260]	The game's directory, with a backslash, which starlancer.ini (settings_path) and default.txt (key_config_defaults) are read from
005d6a28	data	cd1_folder	char[256]	In a full install, where cd1.hog is: the installation directory
005d6928	data	cd2_folder	char[256]	In a full install, where cd2.hog is: the installation directory
005202d4	data	cd_hog	void *	The open disc's cd%d.hog (cd_hog_open)
0048d820	function	menu_box_draw	void __fastcall (int x0, int y0, int x1, int y1)	Outlines a rectangle on hud_pane in direct-colour reds: top and left 205, right and bottom 102.5, and a rectangle one pixel inside at 164. The pause menu frames its dialog and key lists with it
0048d9f0	function	menu_mouse_update	void (void)	Moves menu_cursor_x and menu_cursor_y by the mouse, within the screen, puts the system cursor back near the window corner after a move, and sets menu_mouse_down, menu_mouse_pressed and menu_mouse_released from the left or right button
0048db00	function	menu_draw	int __fastcall (int count, void *shapes, MenuItem *items, MenuString title, int mouse)	Draws a pause menu title in optfnt over a red rule and count items of 0x30 bytes, each shape placed by screen fractions and offsets with its hover shape under the cursor, then each string white when highlighted, else orange; returns the item under the cursor or -1, testing none when mouse is 0
0048df20	function	pause_screen_quit	void (void)	Pause screen 0, which nothing selects: four QUIT buttons going to screens 1, 6, 5 and 7; Escape goes to 6
0048e140	function	pause_screen_debug	void (void)	Pause screen 8, which nothing reaches: lists the mission ships, sync states and globals on screen and appends them to c:\mission.txt every frame
0048e370	function	pause_session_lost	void (void)	Pause screen 9 once mission_ending is 9: a dialog saying the session was terminated for a bad connection, whose OK leaves the mission as the button is released
0048e440	function	pause_multiplayer_enter	void (void)	Entering pause screen 9: clears the scoreboard rows and lag flags, no player to drop, and makes menu_dialog_pane
0048e500	function	pause_multiplayer_exit	void (void)	Leaving pause screen 9: destroys menu_dialog_pane
0048e510	function	pause_screen_multiplayer	void (void)	Pause screen 9: PAUSED, LEAVE MISSION (7) and CONTINUE (6), the deathmatch scores with a drop button for each player lagging past 100, the message log, the chat line and who paused or why; Escape goes to 6
0048e8d0	function	pause_screen_main	void (void)	Pause screen 1: SELECT AN OPTION, icons AUDIO (3), CONTROL DEVICES (2) and VIDEO (4), buttons LEAVE MISSION (7), RESTART (5) and CONTINUE (6); Escape goes to 6
0048ec20	function	pause_audio_enter	void (void)	Entering pause screen 3: keeps the four volumes for Cancel Changes and ends any drag
0048ec70	function	pause_screen_audio	void (void)	Pause screen 3, SOUND CONFIGURATION: speech, effects, music and master sliders 0 to 127 dragged by their knobs, a test sound as the effects knob is let go, OK (1), RESTART (5), CONTINUE (6), RESET DEFAULTS and CANCEL CHANGES; Escape goes to 1
0048f230	function	pause_video_enter	void (void)	Entering pause screen 4: keeps cockpit_mode_setting and the brightness at sr + 0x15FA for Cancel Changes
0048f260	function	pause_screen_video	void (void)	Pause screen 4, GRAPHICS CONFIGURATION: a BRIGHTNESS slider 0.5 to 2 while sr + 0x38 has bit 0, DEFAULT VIEW cycling cockpit, chase and no cockpit, OK (1), RESTART (5), CONTINUE (6), RESET DEFAULTS and CANCEL CHANGES; Escape goes to 1
0048f5a0	function	video_settings_save	void (void)	Leaving pause screen 4: writes [Device] gamma, the brightness in hundredths, and [Device] View to the settings file
0048f620	function	pause_controls_enter	void (void)	Entering pause screen 2: makes its three panes, reloads the bindings (key_config_defaults, load_key_config), numbers controls_list and keeps the settings and control_bindings for Cancel Changes
0048f860	function	pause_controls_draw	int (void)	Draws pause screen 2: its items with the current check boxes and dimming, and the scrolled action and binding lists; returns the item under the cursor, 100 plus the action for a list row, or -1
0048fd60	function	pause_controls_conflict	void (void)	Pause screen 2's dialog for a key or button already bound: YES takes it from the other action, NO keeps waiting, as the button is released
0048fef0	function	pause_screen_controls	void (void)	Pause screen 2, CONTROL CONFIGURATION: controller and joystick settings, rebinding an action by clicking its row then pressing a key or joystick button, scrolling, OK (1), RESTART (5), CONTINUE (6), RESET DEFAULTS and CANCEL CHANGES; Escape goes to 1
004905c0	function	pause_controls_exit	void (void)	Leaving pause screen 2: destroys its panes and calls save_key_config
00490600	function	pause_menu_open	void (void)	As the game pauses: opens optfnt.fnt and smlfnt2.fnt from resource.hog into menu_fonts, fills menu_text_remap, starts on screen 9 in a multiplayer session or 1 otherwise, and ends the missile lock tone
004906d0	function	pause_menu_close	void (void)	As the game resumes: frees the two fonts pause_menu_open opened
004906f0	function	pause_menu_draw	void (void)	The overlay in sr + 0x88 while paused, in place of hud_draw: runs the enter routine of a new pause_screen, the screen, the leave routine of the one left, then draws the cursor, shape 0x17E of hud_shapes
00491fc0	function	mission_paused_frame	int (void)	mission_run's work for each frame while paused: music, network, keyboard, joystick, menu_mouse_update and a render, then acts on pause_screen 5 (restart), 6 (resume) or 7 (leave, mission_ending 4); nonzero ends mission_run
00480fd0	function	hud_text_wrapped	int __fastcall (void *pane, int x, int y, void **font, char *text, byte *remap, int align, int width, int line_height, int max_lines)	Draws text with hud_text in lines at most width wide, breaking at a line feed, a space, a hyphen, or mid-word with a hyphen added; returns the lines drawn
00480df0	function	font_close	void __fastcall (void **font)	Frees a font font_open made and the file it wraps
0042caa0	function	key_config_defaults	void (void)	Sets the input settings to their defaults and reads each binding from the KeyConfig section of default.txt in the installation directory
0042c630	function	save_key_config	void (void)	Writes the input settings and every binding to the KeyConfig and JoyConfig sections of starlancer.ini
0042c5f0	function	control_binding_find	int __fastcall (int except, int key, int modifier)	The action other than except bound to a key with a modifier, or -1
004ba810	function	net_component_damage	void __fastcall (GameObject *object, ModelNode *node, float damage)	In a network session, adds the damage component_damage deals a component to the object's records for the other players, by the node's +0xFC; or hands it to 0x004BA8B0 where 0x004B5590 says so
004ba9f0	function	net_quadrant_damage	void __fastcall (GameObject *object, int quadrant, float damage)	In a network session, adds the damage object_damage and object_armor_damage deal a quadrant to the object's records for the other players; or hands it to 0x004BAA80 where 0x004B5590 says so. Asserts hmmmm for an object without combat stats
004baae0	function	net_send_pause	void __fastcall (bool pause)	Sends packet 0x27 to the other players: the pause flag and pause_reason
0049cfd0	function	frame_timing_hold	void __fastcall (bool hold)	Stops (1) or restarts (0) the timing of the frame's current section, nesting
004aada0	function	typed_keys_clear	void (void)	Empties the queue of typed characters at 0x005D547C
0057daa4	data	pause_screen	int	The pause menu's screen: 1 main, 2 controls, 3 audio, 4 video, 9 multiplayer, 0 and 8 unreachable; 5, 6 and 7 are outcomes mission_paused_frame acts on: restart, resume, leave
0057dabc	data	pause_screen_entered	int	The screen whose enter routine pause_menu_draw last ran; -1 as the pause opens
00502780	data	menu_cursor_x	int	The pause menu cursor across in screen pixels: 320 at start, kept between pauses
00502784	data	menu_cursor_y	int	The pause menu cursor down: 240 at start
0057daa8	data	menu_mouse_down	int	Whether the left or right mouse button is down
0057dbac	data	menu_mouse_pressed	int	Set in the paused frame a mouse button went down: what the pause screens act on
0057dac4	data	menu_mouse_released	int	Set in the paused frame the buttons went up: what the pause dialogs act on
0057dad8	data	menu_text_remap	byte[16]	The remap table pause menu text is drawn through: 0xFF for level 0 and each level 1 to 15 itself, which hud_palette_ramp colours
005202f0	data	palette_ramp_brightness	float	What hud_palette_ramp scales its ramp by: 1, or 0.5 for a dimmed item
0057da64	data	menu_fonts	void **[3]	The fonts a menu item picks by index: hud_font, smlfnt2.fnt, optfnt.fnt
0057db50	data	menu_font_large	void **	optfnt.fnt, opened: titles and icon labels
0057dac8	data	menu_font_small	void **	smlfnt2.fnt, opened: buttons, lists and dialog text
0057dba4	data	menu_font_large_file	void *	optfnt.fnt as hog_load read it
0057dab0	data	menu_font_small_file	void *	smlfnt2.fnt as hog_load read it
0057da74	data	menu_dialog_pane	void *	The VFX pane, 480 by 120 about the middle, that the pause dialogs draw into
0057da7c	data	controls_actions_pane	void *	Pause screen 2's pane of action names
0057da78	data	controls_keys_pane	void *	Pause screen 2's pane of bindings
00502940	data	audio_menu_items	MenuItem[13]	Pause screen 3's 13 menu items; the knobs' x offsets follow the volumes
00502bb0	data	video_menu_items	MenuItem[11]	Pause screen 4's 11 menu items; the knob offset and the view string are set each frame
00502dc0	data	conflict_menu_items	MenuItem[2]	YES and NO of pause screen 2's dialog
00502e20	data	controls_menu_items	MenuItem[15]	Pause screen 2's 15 menu items; check boxes and dimming are set each frame
00502788	data	session_lost_items	MenuItem[1]	The OK of pause_session_lost
005027c0	data	drop_player_items	MenuItem[8]	Pause screen 9's drop buttons, one per lagging player, at scoreboard_row_y
005027b8	data	drop_player_slot	int	The player slot whose drop button was clicked, which mission_paused_frame drops; -1 for none
0057da60	data	audio_saved_music	int	volume_music as pause screen 3 opened
0057dae8	data	audio_saved_effects	int	volume_effects as pause screen 3 opened; its low byte is also menu_text_remap's entry for level 16
0057db98	data	audio_saved_speech	int	volume_speech as pause screen 3 opened
0057dba8	data	audio_saved_master	int	volume_master as pause screen 3 opened
0057dad6	data	drag_effects	byte	Set while the effects knob, or on screen 4 the brightness knob, is dragged
0057dad4	data	drag_music	byte	Set while the music knob is dragged
0057dad5	data	drag_speech	byte	Set while the speech knob is dragged
0057dad7	data	drag_master	byte	Set while the master knob is dragged
0057c3c8	data	drag_effects_last	byte	drag_effects in the previous paused frame; its fall plays the test sound
0057db9c	data	video_saved_view	int	cockpit_mode_setting as pause screen 4 opened
0057db90	data	video_saved_brightness	float	sr + 0x15FA as pause screen 4 opened
004e75e8	data	controls_list	short[80]	The controls screens' rows, screen 16's and pause screen 2's: -1 a divider, else an action, numbered in order as either screen opens; actions 0 to 72
004e5cd0	data	key_names	byte[3204]	The 89 keys the controls screens bind, 0x24 bytes each: a DirectInput scan code (u32) and its name, which WinMain renames by the keyboard's own
0057c3d0	data	saved_control_bindings	ControlBinding[74]	control_bindings as pause screen 2 opened
0057dacc	data	saved_joystick_invert	int	The joystick's pitch inversion as pause screen 2 opened
0057dac0	data	saved_control_mode	ControlMode	control_mode as pause screen 2 opened
0057dab4	data	saved_force_feedback	int	The force feedback setting as pause screen 2 opened
0057dad0	data	saved_hat_enabled	int	The hat setting as pause screen 2 opened
0057dab8	data	saved_twist_setting	int	The twist setting as pause screen 2 opened
0057db4c	data	saved_twist_enabled	int	Whether twist was enabled as pause screen 2 opened
0057db58	data	controls_redefining	int	The action pause screen 2 waits for a key or button for, or -1
0057db0c	data	controls_old_key	int	The binding being redefined, as it was
0057daac	data	controls_old_button	int	The joystick button of the binding being redefined, as it was
0057db14	data	controls_old_key_name	char[30]	The key name of the binding being redefined, as it was
0057dba0	data	controls_old_modifier	int	The modifier of the binding being redefined, as it was
0051d5f8	data	dialog_open	int	Set while a YES or NO dialog is up: the front end's (interface_confirm) and pause screen 2's
0051d900	data	dialog_text	char[204]	The dialog's text where it has no string id, as interface_confirm asks with -1: pause screen 2's conflict
0057da70	data	controls_conflict_action	int	The action already holding the key or button
0057da5c	data	controls_conflict_button	int	The joystick button in dispute, or -1 for a key
0057daa0	data	controls_conflict_key	int	The key in dispute
0057db54	data	controls_conflict_modifier	int	The modifier of the key in dispute
0057db5c	data	controls_conflict_key_name	char[32]	The name of the key in dispute
0057db94	data	controls_scroll	int	How far pause screen 2's list is scrolled, in pixels
0057db48	data	controls_scroll_row	int	The 15-pixel row the list settles on
0057db10	data	controls_scroll_direction	int	-1, 0 or 1 as the list scrolls. Unknown: its reader
0057daec	data	scoreboard_row_y	int[8]	Each player's row of the deathmatch scores, as 0x004AF650 draws them
0057dbb0	data	player_lagging	byte[8]	Whether each player has lagged past 100 since pause screen 9 opened
0057da80	data	drop_player_of_item	int[8]	The player slot of each drop button
005db830	data	pause_reason	int	Why a multiplayer game is paused: 0 a player paused it, 1 a bad connection; sent with the pause
00588720	data	pause_player	short	The player who paused
00529c70	data	chat_input	char[64]	The chat line being typed; game_pause empties it
00529fb8	data	chat_typing	byte	Set while a chat line is being typed
00582e88	data	pause_view_setting	int	cockpit_mode_setting as the game paused
00587cc0	data	paused_clock	uint	The clock mission_paused_frame measures frame_duration against
005d60b9	data	mission_restart	byte	Set for Restart: WinMain ends the mission and starts it again
00566644	data	missile_lock_tone	int	The voice of the missile lock tone, stdsmp sound 0x15, held while a lock is complete in view 0; -1 for none
00588734	data	mission_loaded	byte	Set from the end of mission_start to mission_end
005dc1e8	data	net_session	int	Nonzero in a multiplayer session
005ddd28	data	window_suspended	int	Set while the game's window is put away, from 0x004A8260 until input_init clears it; the message pump pauses the sound, and in a multiplayer session the mission, while it is set and the renderer runs. Unverified: what putting the window away is
004a8260	function	window_suspend	void (void)	Unverified name: unless an editor is linked (editor_absent clear) or 0x005D60B8 is set, saves the window's style and placement, changes them and sets window_suspended; then acquires the input again
00494cb0	function	missiles_init	void (void)	Once, guarded by missiles_initialised: allocates missiles (200 of 0x28) and missile_trails (200 of 0x48), marks them free, fills missile_net_ids with -1, loads the stats (stats_load_missiles) and missiletrail\mtrail2
00494d80	function	missiles_reset	void (void)	Frees every live missile's object and every trail's meshes as a mission ends, marks both pools free and empties missile_list and missile_trail_list
00495720	function	missiles_move	void (void)	The simulation step's move of each live missile, after objects_update: takes its next place, eases pitch and yaw rates toward input times turn rate by the rate inertias, turns by them, damps velocity by the inertia outside orders 0, 1 and 11, adds (1 - inertia) * throttle * max_speed along the nose, moves, and flags the root committed and unframed
00495870	function	missile_end	void __fastcall (int *missile)	Ends a missile: the voice its object holds, shockwave kind 5 for a Havoc and 6 for an Imp (50000 over 500 ticks, sparing the launcher's side), a remote id, missile_explode, detaches its trail, frees the object and the record
004959a0	function	missile_hull_test	bool __fastcall (void *box, void *query)	The test object_hit_test calls for missile_hit_components: the missile's segment against a tree box, then at a leaf the faces through tree_leaf_segment_test, keeping the point, normal and node struck
00495ac0	function	missile_hit_components	bool __fastcall (int *missile, GameObject *object)	Tests a missile's segment against the collision trees of an object that lists components, at their next places; on a hit, but for a Havoc or an Imp, marks the node (effect 3) and gives its component component_damage, then ends the missile
00495bb0	function	missile_hit_hull	bool __fastcall (int *missile, int slot, int quadrant)	A missile past an object's shields: where the segment meets the mesh box of a root child, but for a Havoc or an Imp, the quadrant's armour takes hull_damage and the part a mark (effect 2), and the missile ends. Returns 1 even when no box is met, leaving the missile undrawn for the frame
00495cf0	function	missile_collide	bool __fastcall (int *missile)	A missile's contact this frame, its drawn place to its next: each object but the launcher, spheres for those without components (the shield by object_damage, the player's only as a fore hit empties a shield reserve; missile_hit_hull with the shield below 0), collision trees for the rest (missile_hit_components); a Havoc or an Imp just ends
00496290	function	missile_launch	void __fastcall (GameObject *launcher, int rack, int target, int component, int player, int net_id)	Launches from a rack at +0x158: a new object of a pod's second model, or the hung object itself, at the hung node's world, next and drawn places; the launcher's velocity and side, the type's launch sound, one off the count, then order 0 and a trail from a pod, 1 and a trail from a rail, 11 for an emptied pod or a fuel pod; launches an emptied pod again to drop it
004967f0	function	missile_launch_turret	void __fastcall (GameObject *ship, ModelNode *launcher, int unused, int target, int component, int unused2, int unused3)	Launches a Screamer from a missile turret launcher node where the ship may launch missiles and a record is free: the Screamer pod second model, the ship side and velocity, placed at the launcher node world, next and frame places; its trail and the pod launch order; the target; no sound
00496aa0	function	missile_order_set	void __fastcall (int *missile, int order)	Allocates the missile object's order stack and state on first use, runs the order's init from missile_orders, sets it, and runs its update once
00496b10	function	missile_order_launch_init	void __fastcall (int *missile)	Init of missile orders 0 and 1: started becomes frame_start
00496b20	function	missile_order_pod_launch	void __fastcall (int *missile)	Missile order 0: throttle 2 and no steering for 50 ticks, then the type's order
00496b60	function	missile_order_rail_launch	void __fastcall (int *missile)	Missile order 1: no steering; throttle 0 with a push along its Y axis of 0.005 max_speed a tick for 25 ticks and back for 25, throttle 1 until 100, then the type's order
00496c60	function	missile_fly_straight	void __fastcall (int *missile)	Throttle 1, no pitch or yaw
00496c90	function	missile_home	void __fastcall (int *missile)	Guidance: the target node led along the target's nose by distance * speed / max_speed, or the decoy (caught within 1000); throttle by the cosine off the nose; pitch and yaw inputs from the angles less 4 times the rates, times 5.72958; a lost target, or one beyond 1000000, ends it, but a Solomon flies straight. A Vagabond may chase a cloaked target
00497f10	function	missile_order_screamer	void __fastcall (int *missile)	Missile order 2: straight for a player's outside multiplayer, else missile_home
00497f30	function	missile_order_proximity	void __fastcall (int *missile)	Missile orders 4 and 9 (Havoc, Imp): ends within 10000 of the target's root, else missile_home
00497f80	function	missile_order_solomon	void __fastcall (int *missile)	Missile order 8: without a valid target, takes the nearest of another side within 0.7 of its nose, else the nearest, among objects without components, then among components; with none flies straight; then missile_home
004983b0	function	missile_order_home	void __fastcall (int *missile)	Missile orders 3, 5, 6, 7 and 10: missile_home
004983c0	function	missile_order_jettison_init	void __fastcall (int *missile)	Init of missile order 11: started becomes frame_start and the object is pushed 50 along its Y axis
00498410	function	missile_order_jettison	void __fastcall (int *missile)	Missile order 11: no thrust or steering, ending 100 ticks on
0046e370	function	missile_explode	void __fastcall (int *missile)	A missile's blast: 50 sparkles of the sparkle template at a life spread of 200, a lit sheet fireball of 3 radii for 100 ticks, both drifting at a quarter of its velocity, and EXPLOSION01 at it among the explosions
0049bae0	function	tree_leaf_segment_test	bool __fastcall (Vec3 *from, Vec3 *to, void *leaf, Vec3 *point, Vec3 *normal, int *face)	A segment in a part's frame against a collision tree leaf: its box, then each face the segment starts in front of by no more than its length, fanned into triangles (segment_meets_triangle); the last crossed wins
004ad700	function	segment_meets_triangle	bool __fastcall (Vec3 *from, Vec3 *to, Vec3 *a, Vec3 *b, Vec3 *c, Vec3 *point)	Where a segment crosses a triangle, solved through a 3x3 inverse for the share along it and across the edges from c
0046ac50	function	eray_add	void * __fastcall (int strands, int life, float jitter, float width, uint flags)	Takes the first free of the 100 electric rays at 0x005531B0, freeing the first where all are taken, made by eray_create, with its life; order_disrupted_init plays fifteen, explode_part_burn one between each pair of points
0046ace0	function	eray_create	void * __fastcall (short strands, uint flags, float jitter, float width)	An electric ray of 0x1B0 bytes (erayfx.cpp), lit, its time dark drawn up to 1500: 17 meshes a strand named Eray Mesh (eray_segment_mesh) and a light named Eray Light reaching 10000, hanging from the first strand middle segment
0046a850	function	eray_segment_mesh		A ray segment mesh: a square across its start over highlight texture 0, then two quads crossed along Z, 400 long, over laser2, lit and added by alpha
0046aa70	function	eray_jitter		The point halfway between two of a strand 17 points, strayed at random by up to a share of their distance, then the same for each half, depth times
0046abe0	function	erays_init	void (void)	As a mission starts: laser2 into 0x005531AC, and the 100 ray slots emptied
0046ac00	function	erays_free	void (void)	Frees every electric ray
0046ac30	function	erays_update	void (void)	Once a frame (mission_frame): eray_update for each electric ray
0046adf0	function	eray_free	void __fastcall (void *ray)	Frees a ray segment objects, its light and the ray
0046ae60	function	eray_hang	void __fastcall (void *ray, void *frame)	Hangs every segment of a ray from a frame, which its ends are in
0046aea0	function	eray_colour		Colours a strand of a ray, and for the first strand its light
0046af40	function	eray_update	void __fastcall (void *ray)	A ray frame: a timed one loses the ticks since it last moved and goes at none; one whose object stands in goes; a flickering one stays lit up to 100 ticks and dark up to 1500, dimming by 0.03 a tick if it fades; while bright each strand is jittered, its segments placed and stretched between its points, and drawn with the light
005531ac	data	eray_texture		laser2, which the electric rays are drawn over
005531b0	data	erays		The 100 electric rays
005887f0	data	missiles	int *	200 missile records of 0x28: started, object, launcher, decoy, trail, stats, net player, net id, older, newer
005887f4	data	missile_list	int *	The newest live missile; they link to the older through +0x20
00503d20	data	missile_orders	void *[12][2]	The missile orders' init and update
00494e40	function	missile_trail_create	void __fastcall (int *missile, int slot, int kind, int type)	The first free trail, at the head of missile_trail_list: kind 1 follows the missile (and sets its +0x10), kind 2 an object slot; by missile_looks[type]'s pieces its side ribbons (black, at full strength), its ribbon, its plume and its glow, laid at the followed object's tail. Takes the record past the pool when every trail is taken
00495200	function	missile_trail_free	void __fastcall (int *trail)	Clears a trail's kind, frees its ribbons, plume and glow, and unlinks it
00495280	function	missile_trail_update	void __fastcall (int *trail)	The ribbon once a frame: fades each corner by frame_duration * 0.015 / (rings * 0.04); while following, lays the cursor ring at the tail at max(throttle, 0.5) times the look's colour, twisted or jittered by the look, hides the quads from it and shows those to it, and moves on 3 tail widths from the ring before; freed once faded with nothing to follow
004970a0	function	missile_trail_mesh_create	void * __fastcall (int rings)	A ribbon mesh of rings of 4 corners, each joined to the next by two crossed quads and capped across the next, over missile_trail_texture, lit and added
004974b0	function	missile_side_trails_update	void __fastcall (int *trail)	The side ribbons once a frame: fade; while following, the rings round the tail, a fifth of it and up to as much again, pushed out 0.5 to 0.8 of its half-width and turned by strand and by the turning; only the first moves the shared cursor. Once the last has faded, frees them, or the trail without a ribbon
00497450	function	missile_glow_create	void * (void)	The glow: a set of 2 sprites named MissileTrail BMO over gunflare\partic6, lit and added
00497980	function	missile_glow_update	void __fastcall (int *trail)	The glow 50 behind a missile's or a Russian torpedo's tail, its first sprite as wide as the tail and up to a sixth more at random, its second half that
00497aa0	function	missile_plume_create	void * (void)	The exhaust plume, Missilebursttrail mesh: 6 rings of 9 widening from nothing to 210 at 630 behind, over shield128, scaled by the alpha and added
00497d60	function	missile_plume_colour	void __fastcall (void *object, Vec3 *colour, float brightness)	Colours the plume's corners by nines from the first, 0.5 of the colour times brightness down to 0
00497de0	function	missile_plume_update	void __fastcall (int *trail)	The plume at a missile's tail, its axis tilted up to 0.05 either way, coloured by the look, its texture turned by 0.091 a tick
005887ec	data	missile_trails	int *	200 trail records of 0x48: look, kind, missile, slot, cursors, ribbon, side ribbons, plume, glow, last scroll, next, previous
005887f8	data	missile_trail_list	int *	The newest live trail; they link through +0x40
005887c4	data	missile_trail_texture	TextureImage *	missiletrail\mtrail2
00503958	data	missile_looks	MissileLook[11]	Each missile type's trail: its pieces, its ribbon's rings and colour, its side ribbons' and its plume's colour
00462390	function	decoys_init	void (void)	Clears countermeasures, loads ships\decoy.shp into decoy_model and makes decoy_particles: life 100 and up to 10 more, rate 50, size 50 to 100, grey from 0.25 to nothing
00462460	function	countermeasure_end	void __fastcall (int index)	Ends a countermeasure: every missile chasing it turns back to its target, and it ends in a sheet fireball of 200 over 50 ticks, drifting at its velocity
004624f0	function	decoys_free	void (void)	Frees every countermeasure and decoy_particles
00462900	function	decoys_update	void (void)	Once a frame after explosions_update: each countermeasure past its time ends; the rest turn about their Y axis by 0.01 for each tick and one more, drift by their velocity times the ticks, and stream their smoke
00540610	data	countermeasures	byte[100][36]	Countermeasures in flight: live, until, owner slot, velocity, scene object and two emitters
00541420	data	decoy_model	void *	ships\decoy.shp
00541424	data	decoy_particles	ParticleTemplate *	The countermeasures' smoke
00501c78	data	hud_beep_sounds	int[6][2]	hud_beep's sample of bank_stdsmp and volume for each sound: 15 to 20, at 60
005656b0	data	hud_missile_armed	short	The armed entry of hud_missile_ring, at six o'clock
0052a400	data	player_missiles_left	int	The ring's counts summed; nothing reads it
00569978	data	missile_empty_warned_at	int	game_ticks until which Betty says no more that the armed missile has run out as a launch is refused
00484060	function	hud_missile_ring_build	void (void)	Builds hud_missile_ring from the player's racks: an entry a type but the fuel pod, counts summed, the middle entry armed and the places round it
00412820	function	player_launch_missile	void __fastcall (int slot)	LAUNCH MISSILE: nothing with missiles disabled or jumping; the Kamov lets its launched craft go; types 1 to 5, 7 and 8 need the lock (else stdsmp 1 and, with none left, betty 0 at most once in 500 ticks); cloaked outside multiplayer drops the cloak; opens window 2 held; launches from the first rack of the armed type with a missile, at the target while locked; counts one off the ring
0057dff0	data	missile_lock_state	MissileLockState	The player's lock: 0 idle, 1 closing, 2 waiting out the lock time, 3 locked, 5 lost
0057dfec	data	missile_lock_ticks	int	From minus the armed type's lock time up while the lock builds and holds; down as it is lost
0057e000	data	missile_lock_turn	int	The ticks past the lock a lost lock kept, which turn the rings in degrees
0057dfb8	data	missile_lock_type	int	The missile type the lock began on
0057dfe4	data	missile_lock_entry	OrderEntry *	The player's Player Control entry, refreshed each frame
0057dfc8	data	missile_lock_point	Vec3	Where the lock rings close in on: the target node while the lock holds
0057dfc0	data	missile_lock_build_voice	int	The voice meant for the lock's building sound; starts 0, never -1, so the sound never plays
0057dff4	data	lock_rings	void *[3]	The lock's three ring objects over lock_ring_mesh
0057dfc4	data	lock_ring_mesh	void *	A square 256 across over tarring
00491080	function	lock_ring_mesh_create	void (void)	Makes lock_ring_mesh: one quad of 4 corners at 128 either way over tarring, its own coordinates, lit and added
004911d0	function	lock_rings_init	void (void)	Makes lock_rings, each over a quarter of tarring, and sets missile_lock_state to 0
004af190	function	player_missile_guiding	bool (void)	Whether a live missile the player launched still has a target
00539a94	data	camera_missile	int	The missile record the missile view (0x12) follows
00539a7c	data	camera_missile_gone	int	Set once the missile the missile view follows has ended
0045e500	function	object_loadout_by_tier	void __fastcall (GameObject *object, int tier)	Rack types for each missile attachment (kind 0) of the root's child parts: the attachment's id for the tier (+0x34 + 4 * tier); the player's ship in simulator mode 1 or missions 30 to 35 gets 5, 3, 1 in turn
0045e1a0	function	object_fit_missiles	void __fastcall (GameObject *object, bool multiplayer_models)	Hangs each rack's pod or missile (attachment_models kind 0, the second model in multiplayer) on the missile attachments of the root's child parts, its count from the model table; a type below 0 leaves count 0 and stops the fitting there; fatal past 20
00491320	function	lock_rings_free	void (void)	Frees the lock rings and their mesh
00456a80	function	radio_missile_warning	void (void)	While a missile homes on the player's ship in action, at most every 1000 ticks of frame_start (0x005297E4), Moose says one of plck_001 to plck_008 unless the radio is busy or 0x00529538 is set, dropped after 500
0041a390	function	launch_torpedo_run	void __fastcall (int slot)	A torpedo's launch: at step 2 it lets go of its tube, heard (sound 0x18), boosting at throttle 2 by motion_plain from the carrier's velocity with a torpedo's trail; 200 ticks on it flies itself, its order popped, targetable and colliding again, Launched posted
0041a610	function	launch_bay_init	void __fastcall (int slot)	A launch from a hangar bay: places the ship at the carrier's launch point for its gate (launch_attach), and keeps the gate's doors in the order state at +0x50 and +0x54: up to two children of the carrier's root, picked by its type and the gate
0041a9c0	function	launch_bay_run	void __fastcall (int slot)	A launch from a hangar bay: at step 2 the doors open (opendoor, sound 0x35); 200 ticks later the ship lets go and flies out at throttle 2 by motion_plain with the carrier's velocity; 200 ticks later (400 from the Pukov or the Varyag, climbing at the end) the doors close (sound 0x36) unless another ship launches through them; 300 ticks later it flies itself, its order popped, targetable again, and Launched posted
0041a4b0	function	launch_point_init	void __fastcall (int slot)	The first routine of the escape pods' styles and the Stork's: places the ship at its carrier's launch point for its gate (launch_attach), riding the part that holds it
0041ad10	function	launch_stork_run	void __fastcall (int slot)	A launch from the Stork: at step 2 the ship lets go and flies out at throttle 2 by motion_plain; 400 ticks later its throttle drops to 0; at the next update each of its parts plays deploy, and it flies itself by motion_forward, its order popped, targetable again, and Launched posted
0041b8b0	function	launch_zakov_init	void __fastcall (int slot)	A launch from the Zakov: places the ship at the Zakov's launch point its gate names (launch_attach), riding the part that holds it, then moves it forward along its nose by how far its bounds reach behind its centre (bounds_min)
0041b940	function	launch_zakov_run	void __fastcall (int slot)	A launch from the Zakov: at step 2 the ship lets go and flies straight out at throttle 2 by motion_plain; past 100 ticks it flies itself by motion_forward, its throttle and yaw input zeroed, its order popped, targetable again, and Launched posted
00461c40	function	camera_set_view_call	void __fastcall (int view, int object, char lock, char force)	Calls camera_set_view with the same arguments
00494e10	function	missiles_free	void (void)	Frees the missile and trail pools and clears missiles_initialised
0057e020	data	missile_lock_target	OrderEntry	The target and component the lock began on, at +4 and +6, laid out as an order entry for ai_target_node
0057dfe8	data	missile_lock_unused	int	Counted in lock states 2, 3 and 5, capped at 90; never read
0057e014	data	lock_ring_angles	float[3]	Each lock ring's own turn this frame
0057bf50	data	enemy_lock_voice	int	stdsmp sound 0 on voice 1, played again while the enemy lock light shows; -1 for none
00562df0	data	campaign_tier	int	The tier fighters asked for tier 0 take in single player: 0, then 1 after mission 11, 2 after 19, 3 after 21
005887fc	data	missile_net_ids	int[8][200]	In a network game, each remote player's missile id to a local record, -1 for none
00588400	data	player_loadouts	byte[8][84]	The loadout screen's choice for each player slot, 0x54 bytes: the ship, then 20 rack types, -1 for none
005883b4	data	skip_briefing	byte	Set when a mission starts without its briefing and loadout; the player's ship then takes the tier's loadout
00566660	data	missile_name_voice	int	The voice Betty last said the armed missile's name on, as ROTATE MISSILES turns the ring; ended before the next
0057bf3c	data	missile_name_until	int	game_ticks + 150 as Betty says a missile's name; nothing reads it
00401f00	function	object_hull_lost	void __fastcall (GameObject *object)	Ends a ship that lists components as its hull is destroyed: its order gives way as to Explode, its stack is emptied, it is marked exploding, and Destroyed is queued for it (event_destroyed)
0046f820	function	explode_capship_component	bool __fastcall (GameObject *object, ModelNode *node)	The routine create_object gives most capital ships, bases and stations at +0x614, by the type whose stats they take: for a destroyed part of class hull, marks the ship unpowered and exploding, hides its force fields, splits it in two by its record (0x0046F480; clip planes, a shockwave, bursts), credits a Kurgan, Antanov or Gurevich to the player, ends it (object_hull_lost) and returns false; true for any other part
0046ea50	function	explode_ulysses_component	bool __fastcall (GameObject *object, ModelNode *node)	The routine create_object gives type 0x16 at +0x614, run for each component lost: marks the ship unpowered. For Ulysses Top, shows Uly frnt dest, starts the top coming away (ulysses_split_create), throws off the back (type 0x4B) unpowered and exploding, clips Ulysses Top by the first portal and Uly frnt dest and the back's Uly back dest by the second, the portals facing back and ahead, posts component 0 Destroyed and ends the ship (object_hull_lost). For Ulysses Top, or Ulysses Fin, with the fin on (ends bit 0), throws off the fin (type 0x4C) spinning, sets off two fireballs at each of the first 3 kind 5 points of the fin, shows Uly mid sec dest, hides the fin, the middle and the low generator, flashes near and plays sound 0x41 for the fin alone, burns Uly bfin dest and posts component 1 Destroyed. Returns false
0046d090	function	explode_component_lost	void __fastcall (GameObject *object, ModelNode *root, uint link)	What the destruction of a component of assembly link sets off: first a few types extras (0x44, 0x45, 0x47, 0x48, 0x6D, 0x78, 0xA8), then each part of the assembly going up (explode_part_burst) by their radii together, 200 of the flame and sound 0xB at the root
0046ccf0	function	explode_part_burst	void __fastcall (GameObject *object, ModelNode *node, float reach)	A part going up as its component is destroyed: a lit fireball its size, a burning bit at every third of 20 points within 0.3 of its radius, and its mesh cut in four through the ship (model_slice), each quarter again in two, four, eight and two, flying off at their cuts times reach over 60 with the ship velocity, a hundredth of both a tick, for 100 to 119 ticks, toward a lit fireball where each ends; then the node children
00499bb0	function	node_forget	void __fastcall (ModelNode *node)	For a node being destroyed and those hanging from it: a turret base sets the turret kind of each of its owner guns whose base it is to -1; a part node leaves its owner components and the table at +0x518
00499cf0	function	node_free	void __fastcall (ModelNode *node)	Frees a node, after the nodes hanging from it in its holder's child list: a part's scene object at +0x0C, its capital shield and its frame; kind 3's sprites; kind 6's hit effect; any other's frame; then its children
0048ca80	function	hud_subtarget_clear	void (void)	Puts back the parts hud_subtarget picked out in red: for each part of the assembly it walks again, frees the copies, gives back subtarget_meshes or subtarget_levels, and its light mask and the first three of its colour values from subtarget_saved plus 0x174 a part, past what hud_subtarget saved for all but the first; then clears subtarget_object
0046bc00	function	split_slot_free	int __fastcall (void)	The first empty slot of the splits under way (0x0055335C), or 0 when all ten are taken
0046bc30	function	ulysses_split_create	void * __fastcall (GameObject *object)	Starts the Ulysses top coming away: a 0x38-byte record in a slot of 0x0055335C (split_slot_free) with ulysses_split_update and ulysses_split_free, the tick, two portals of flag 0x100 at +0x1C and +0x20, the root position at +0x10, and the step at +0x30 from 0
0046bcc0	function	ulysses_split_free	void __fastcall (void *record)	Frees the Ulysses split portals and its record, and clears its slot
0046f480	function	split_create	void * __fastcall (GameObject *object)	Starts a capital ship splitting in two: a 0x44-byte record in a slot of 0x0055335C with split_update and split_free, the tick, its sequence (explode_sequence_find), two portals of flag 0x100, the root position, engines_disabled, the Krasnaya arms and the Boridin breakaway core taken apart, and the points of each root child point list of kind 2 in the root frame (split_point_insert)
0046f6d0	function	split_point_insert	void __fastcall (void **list, Vec3 *point, bool sorted)	Adds a point to a split list, in ascending z where sorted, else at the end; one that belongs right after the head goes before it
0046f790	function	split_points_free	void __fastcall (void *list)	Frees a split point list
0046f7b0	function	split_point_nth	void * __fastcall (void *list, int n)	The nth point of a split list, the head for n of 0 or less, or null past the end
0046f7d0	function	split_free	void __fastcall (void *record)	Frees a split portals, its point list and the record, and clears its slot
00470030	function	split_update	bool __fastcall (void *record)	Runs a split once a frame: mode 0 sweeps a cut through the points with fireballs, bits and sounds, the portals in the scene and the ship held shaking, then parts the halves; mode 1 bursts about the ship, then shows the wreck; always true, freeing itself at the end
00471d30	function	explode_sequence_find	int __fastcall (uint type)	The index of a type record in the explosion sequences (0x004FFB50, 40 of 0x2C bytes), or -1
00471d70	function	explode_flash_near	void __fastcall (GameObject *object)	Flashes the screen for 100 ticks (0x00587CC8) where the camera stands within 5 radii of the object
00494940	function	screen_flash_draw	void (void)	Once a frame (mission_frame): while flash_ticks lasts, the flash sprite white at 0.012 a tick left, at most 1, counting it down by frame_duration; in view 0 the red of hud_interference instead; drawn on layer 2 under a hardware renderer; then hud_interference_fade
00587cc8	data	flash_ticks	int	How many ticks the screen flash has left: 100 when a capital ship comes apart near the camera
00587ccc	data	flash_sprite		The sprite over the whole view that the screen flash and the red of a hit show on, untextured and added, made as a mission starts
0046ef00	function	ulysses_split_update	bool __fastcall (void *record)	Runs the Ulysses top coming away once a frame. Below 900 ticks: a step a frame while behind 0.0744 steps a tick along the first point list of Ulysses Top, each a lit fireball of 3200 and 5 burning bits back along the ship, 6 on odd steps, at 0.1 bodies, with an explosion sound every 15th; the portals at the point of smaller z of the last two, in the scene below step 0x42; the ship held at +0x10, shaking by 25. At 900 ticks, once (ends bit 1): the portals go, the back turns and drifts, Ulysses Top and Uly mid sec dest hide, the flash near, an explosion, object_recentre, 3 fireballs at the top's kind 5 points, the ship turning and drifting and the back's wreck burning where the fin is gone, the front's wreck burning, and the record freed. Always true
00471290	function	explode_part_burn	void __fastcall (int slot, char *name, bool forever, bool flickers, bool no_lights)	Sets a wreck part burning: an electric ray between each pair of its kind 1 points but the last, fading, flickering if asked, for 5000 ticks unless forever; then unless no_lights its burn lights (part_burn_lights) and smoke (part_streams)
00471470	function	part_burn_lights	void __fastcall (ModelNode *node)	A red Burn light at the first point of each kind 4 point list of the part, in 15 slots at 0x0055AD24
004715d0	function	part_streams	void __fastcall (ModelNode *node, bool forever, void *particles)	A particle stream at each point of the part kind 3 point lists, along its vertex normal, for 5000 ticks or for good, into 0x0055AD60
00471590	function	burn_light_free	void __fastcall (int slot)	Frees a burn light slot and its light
0055ad24	data	burn_lights		15 burning wrecks lights, 8 bytes each: the light, and what is left of it, fading by 0.0001 a tick and flickering between half and full
0055ad60	data	burn_streams		64 burning wrecks smoke emitters, which explosions_update streams each frame
00553350	data	wreck_smoke_template		The particle template a burning wreck streams: grey puffs 50 to 150 across over about a second
005538c0	data	big_smoke_template		The particle template of great grey puffs 1000 to 2500 across, which the Boridin breakaway streams
0055ad20	data	pod_flame_template		The particle template of the red flame a Stalag's cargo pod bursts into: 200 ticks and up to 20 more, 200 across shrinking to 150, red fading to nothing
0055ad00	data	hat_sparks_template	ParticleTemplate *	The red sparks the Dark Reign's hat streams from below its star (emitter core): 130 ticks and up to 20 more, half-size 200, red fading to nothing, 1.5 a tick
005586e8	data	gate_core_sparks_template	ParticleTemplate *	The red sparks a prototype gate's power core streams once its inner core goes: 200 ticks and up to 20 more, half-size 200, red fading to nothing, 0.9 a tick
0055acf8	data	breakaway_core_sparks_template	ParticleTemplate *	The red sparks the Boridin breakaway's core streams once its projector generator goes: 130 ticks and up to 20 more, half-size 500, red fading to nothing, 1.5 a tick
00472140	function	krasnaya_left_arm_off	void __fastcall (GameObject *object, ModelNode *node, int link)	Throws the Krasnaya left arm off as an object of type 0xA3 and shows its wreck parts, with fireballs and a flash
00472420	function	krasnaya_right_arm_off	void __fastcall (GameObject *object, ModelNode *node, int link)	Throws the Krasnaya right arm off as an object of type 0xA3, the left arm's model, and shows its wreck parts, with fireballs and a flash
00473fb0	function	node_tree_stop	void __fastcall (ModelNode *node)	Sets the animation speed of a node and all under it to 0
0046acb0	function	eray_remove	void __fastcall (void *ray)	Frees an electric ray wherever it is in the 100 slots
004add50	function	node_point_group	void * __fastcall (ModelNode *node, int kind)	The point list of a kind on the node part, or null
004add90	function	node_find_named	ModelNode * __fastcall (ModelNode *node, char *name)	The first node under a node, depth first, whose part has the name
004ade20	function	node_find_link	ModelNode * __fastcall (ModelNode *node, int link)	The first node under a node whose part has the link id
004ade80	function	node_show_named	void __fastcall (ModelNode *root, char *name)	Clears the hidden flag of the node node_find_named finds
004ade90	function	node_hide_named	void __fastcall (ModelNode *root, char *name)	Sets the hidden flag of the node node_find_named finds
004adea0	function	node_clip_named	void __fastcall (ModelNode *root, char *name, void *portal)	Clips the node node_find_named finds by the portal: its frame +0xAC and frame flag 2
004adee0	function	node_tree_clip	void __fastcall (ModelNode *node, void *portal)	Clips a node and all under it by the portal; a null portal clears frame flag 2
004adf40	function	node_tree_unclip	void __fastcall (ModelNode *node)	Clears the portal of a node and all under it, leaving frame flag 2 set
0055335c	data	splits_under_way	void *[10]	The splits under way (split_create), which the Ulysses pieces share; explosions_update runs each once a frame, and object_draw darkens the engine glows of an object that has one
004ffb50	data	explode_sequences		How each capital ship type splits in two: 40 records of 0x2C bytes, by type (explode_sequence_find); make explode-tables transcribes them
004c50d0	function	portal_create	void * __fastcall (int corners, char *name)	A Surrender portal, a scene object of kind 8: corners times 0x20 plus 0xE0 bytes, turned to the identity and zeroed; the split makes planes of none (flag 0x100)
004c5150	function	scene_object_destroy	void __fastcall (void *object)	Takes a scene object out of its list and frees it
004ce9f0	function	portal_transform	int __fastcall (void *portal)	Puts a portal plane in the camera frame, its normal at +0xC8 and its point at +0xA0; sr_draw_layers runs it over the portals in the scene (list 4)
004ccf30	function	portal_clip	void __fastcall (void *portal)	Cuts the clipper polygon by a portal plane, keeping what lies on the side its normal points away from; the clipper runs it last
004c4ee0	function	sprite_set_free	void __fastcall (void *set)	Frees a sprite set
0049c670	function	particle_emitter_free	void __fastcall (void *emitter)	Frees a particle emitter
0046ba80	function	explosions_free	void __fastcall (void)	Frees the splits under way, each by its free routine, as the explosions are torn down
00415610	function	eject_init	void (void)	Makes eject_flash_template as the renderer starts: puffs of 50 to 100 ticks, growing to 100 across, from yellow to orange to nothing
004156b0	function	eject_free	void (void)	Frees eject_flash_template
0051cf94	data	eject_flash_template	ParticleTemplate *	The flash of a pilot's ejection, which eject_separate bursts 100 of at the cockpit's eject point
004156c0	function	eject_separate	void __fastcall (GameObject *object, int cockpit)	The root's child cockpit leaves the ship as the pilot's pod: the ship becomes a new object, a stand-in of type 1000 taking its type, combat and flight but no shields or armour, with Eject 106, tumbling, EJECT01 heard from it; every part re-hung from its object's root; the pod keeps the slot, unpowered, invulnerable, with no guns, shields or armour; a flash at the eject point, and the pod shoots out along it at 50
00456250	function	radio_say_pilot	void __fastcall (int pilot, int head, char *speech, int mode, HudmovieFlags flags, int expiry)	radio_say for a pilot of pilot_faces, with its film for the head movement and the pilot's number from 0xFFFF for whose the line is, outside a multiplayer mission; the ejection's lines go through it
00456d80	function	radio_wingman_ejected	void __fastcall (int slot)	As the pilot of a ship of the player's wing ejects, but the player's: its pod's slot goes to 0x00529590 and the rescue's words wait 1000 ticks (0x00529880, radio_rescue); unless 0x00529538 is set, the pilot says ejt_001 in its voice (ship_line) unless the radio is busy
00459090	function	cmd_DisableLights_node	void __fastcall (ModelNode *node, char shown)	DisableLights' walk: on each node under node whose part record holds has_static_light, sets the renderer object's flag 0x40000, which shows the mesh's baked colours, where shown, and clears it otherwise; then each child
004598d0	function	cmd_SetRescueProbabilities		The mission's SetRescueProbabilities: sets rescue_odds_rescued, rescue_odds_captured and rescue_odds_killed
0052a414	data	mission_over	int	Set to 1 as the camera has watched the mission's end long enough, or 270 ticks after the player's ship has landed, which ends the mission
00587cd4	data	mission_showing	int	What the mission's scene shows: 0 everything, 2 a launch's cutaway without the ship launched from, 3 set by the landing orders, 4 the ejection's cutaway with only the player's pod and the cutaway slot's ship
00539a44	data	camera_cutaway	Vec3	Where the ejection's views stand off from what they watch, set by camera_set_view: view 7 the object's X axis times 5000, 0x1C half the way from the object to the player's ship, 0x1D the way from the player's ship to the object
0041bb90	function	tractors_init	void (void)	As a mission loads: no tractors in use, and tractor_texture laser2
0041bbc0	function	tractors_free	void (void)	As a mission ends: frees every tractor in use
0041d090	function	tractor_create	int __fastcall (int slot)	Takes the first free of the five tractors for the ship in slot, with its green Tractor Light on the ship's target, reaching 10000; -1 where none is free
0041d1a0	function	tractor_free	void __fastcall (int index)	Frees a tractor: its two beams, its bubble and its light
0041cbc0	function	tractor_beam_mesh		A tractor's beam, TractorBeam_Mesh: a square 100 across and three ribbons 400 long crossing on its axis, over tractor_texture, added by the alpha of its own colours, never culled (flags 0x87800)
0041ce00	function	tractor_beam_aim	void __fastcall (void *beam, int ship, int pod)	Turns a beam hanging from the ship's hull (Nanny or Antanov) to the pod, and stretches its ribbons' far corners to reach it
0041ced0	function	tractor_beam_fade	void __thiscall (float alpha)	Sets the beam in ECX as solid as alpha, 0 to 1: each quad clear at its near corners and green at its far ones
0041cf80	function	tractor_bubble_glow	void __thiscall (float brightness, float time)	Runs green waves round the bubble in ECX at time, their crests brightness times 0.05
0041d050	function	tractor_nothing	void (void)	Works out a sine and a cosine for each of three turns, and keeps nothing; Scoop Up calls it with the bubble's eased size
0051d10c	data	tractors	void *[5]	The tractors in use: two beams, a bubble and a light each
0051d108	data	yamato_launch_particles	ParticleTemplate *	The particles of the Yamato's launch, of particle_pool, which launches_init makes for the launch's six emitters; the word before tractors, which Scoop Up takes for its tractor where tractor_create finds none free
0051d120	data	tractor_texture	void *	laser2, which the tractors' beams are drawn over
004e3e1c	data	scoop_up_stage_ticks	int[9]	How long each of Scoop Up's stages lasts, in ticks: 100 for the beams coming on, 50 for them going out, 250 for the wait; 0 for the rest
00469810	function	exhaust_ships_list	void (void)	Lists, once, the ships whose engine exhaust burns (exhaust_ship_add) in exhaust_ships and exhaust_ship_count, and sets exhaust_ships_listed
004699e0	function	exhaust_ship_add	void __fastcall (int slot)	Adds the ship in slot to exhaust_ships where it lists components and has an engine glow (0x00469BC0)
00469850	function	exhaust_burn	void (void)	Once a frame under Player Control: where the player's ship stands inside the engine glows of a listed ship whose throttle is up (exhaust_depth), sets exhaust_burning, whites the view out for 100 ticks times the depth, and on a tick that divides by 7 damages it on its fore quadrant by 23 times the depth, at most 1, as a collision
00469a10	function	exhaust_depth		How deep a point stands in a node's engine glows and its children's, summed: 1 at a glow's origin to 0 at its far corner, each glow's box stretched by the ship's throttle and engines
0054ea7c	data	exhaust_burning	byte	Set while the player's ship stands in a capital ship's engine exhaust (exhaust_burn), which keeps screen_flash_draw's red away
0054ea80	data	exhaust_ships	int[400]	The slots of the ships whose engine exhaust burns (exhaust_ships_list)
0054f0c0	data	exhaust_ship_count	int	How many exhaust_ships holds
0054f0c4	data	exhaust_ships_listed	byte	Set once exhaust_ships_list has listed the ships
00469840	function	exhaust_ships_reset	void (void)	As a mission ends (mission_free): clears exhaust_ships_listed, so the ships are listed afresh
00469bc0	function	node_carries_glow	char __fastcall (void *node)	Whether a node, or one hanging from it however deep, is an engine glow (node kind 2 at +0xAC)
004ad260	function	mission_free	void (void)	As a mission ends: frees its explosions, missiles, shots, particles, electric rays and tractors, and resets the exhaust's list, among the rest
004f7288	data	chase_swings	float[7]	The chase view's swing against the ship's rates of pitch, yaw and roll, then its limits: pitch down and up, yaw either way, roll either way (camera_chase)
005099b0	data	settings_path_format	char[17]	The settings file's path after the game's directory: %sstarlancer.ini
0050a800	data	texture_cache_name	char[13]	The hardware renderers' texture cache, which renderer_start opens: tcachehw.dat
0050e1d8	data	forces_folder	char[8]	The folder load_force_effects reads the force-feedback effects from: forces\
0045b9b0	function	vm_threads_run	void (void)	Once a frame (process_mission): runs on each thread that was running as the pass began, but those InterruptTriggerCode holds
00537580	data	vm_clock_ticked	byte	Set as the clock ticks (vm_clock_tick); process_mission runs the timers once, then clears it
00537400	data	vm_timers_running	byte	Whether process_mission runs the timers; set as the script starts
00537410	data	vm_first_finished	uint	Set once the thread pool's first thread, the first start part's, finishes
004ad0a0	function	mission_load	void (void)	The loading before each mission_start: the renderer and the textures set up again, hud_init, the loading screen, then objects_reset, guns_load_shell, explosions_init and the rest of the effects' setting up
0040cbc0	function	orders_numbering_start	void (void)	From now on each order order_push pushes takes the next number as its sequence, from 0 (order_number): SetAI's orders for a group numbered in turn
0040cbe0	function	orders_numbering_stop	void (void)	Orders pushed from now on take sequence 0 again
005185a8	data	order_number	int	The sequence the next order pushed takes while orders_numbered is set
005185b1	data	orders_numbered	byte	Set while SetAI numbers the orders it gives (orders_numbering_start)
00452060	function	flight_group_index	uint __fastcall (FlightGroup *group)	Index of a flight group record, or 0xFFFF for none (0, -1 or 0xFFFF)
00452500	function	heading_degrees	float __stdcall (float x, float y)	The angle of the direction (x, y) from the Y axis round to the X axis, in degrees half a turn on, from 0 up to 360, from sr_atan2 (mission_ships_sync)
00453590	function	record_kind	ushort __fastcall (void *record)	Which of the mission's records a value names: 0 a ship's, 1 a flight group's, 2 a squad's, the place past each section's last counted in; 0xFFFF for anything else
0045d480	function	for_each_ship_walk	void __fastcall (void *entity, uint *args, VmShipCommand *callback, byte depth)	for_each_ship's walk: the callback for a ship; for each of a flight group's ships, passing over the players' while vm_command_flag is set; and for each of a squad's members in turn, a component member tagged on the first argument
0045d700	function	for_each_ship_run	void __fastcall (MissionShip *ship, uint *args, VmShipCommand *callback)	for_each_ship's work for one ship: for_each_ship_note, then the callback
0045d720	function	for_each_ship_note	void __fastcall (MissionShip *ship)	Has the ship's object name the walk's first ship at +0x698, none for the first, and counts the ship
00537418	data	for_each_ship_first	MissionShip *	The first ship the running for_each_ship has run its callback for
00537575	data	for_each_ship_count	byte	The ships the running for_each_ship has run its callback for
0045d8e0	function	vm_tag_pop	void (void)	Takes the last tag off vm_component_tag_list
00588390	data	camera_marker	short	The camera's marker, which mission_start makes at (0, 0, -8000) in the slot after the mission's ships, and the flyby and target views move about, and the Yamato's launch moves beside the player's bay (0x00419C57)
00401cb0	function	order_target_walk	bool __fastcall (int slot, void *visit)	Hands each ship the slot's current order's target names to a routine until it returns true: the ship itself, a flight group's ships whole, a squad's by squad_walk
00401d80	function	squad_walk	bool __fastcall (int slot, uint squad, void *visit)	order_target_walk's walk of a squad: its members in turn while they are its own, a ship as the member names its component, a flight group's ships whole, a squad's own walk
00418a70	function	launches_init	void (void)	Clears the cutaway the player's launch picked, and makes the six particle emitters of the Yamato's launch
00418d80	function	launches_free	void (void)	Lets the Yamato's launch's emitters go
00418db0	function	launch_start	void __fastcall (int slot)	Has the first Launch among the ship's orders go: sets the first byte of its data. StartLaunch, the Kamov's LAUNCH MISSILE and multiplayer packets call it
00418df0	function	launch_find_gate	bool __fastcall (int slot, OrderEntry *carrier)	The search for a gate over order_target_walk: the ship becomes the carrier, its gate counted from 0, each launch point taking one off the order's number until it goes below 0
0041ae20	function	launch_reliant_init	void __fastcall (int slot)	The Reliant's launch: stands the ship between its tube's two doors, riding the Reliant's root; for the player makes the hangar in the cutaway slot laid over the tube, the ship on its retainer, the camera in the cockpit held, mission_showing 2
0041a360	function	launch_torpedo_init	void __fastcall (int slot)	A torpedo's launch: collides with nothing, and stands at its carrier's launch point by launch_attach
0041b9f0	function	launch_attach	void __fastcall (int slot, GameObject *on)	Places the ship at the launch point of an object its order's component names, its centre of mass there and turned as the point, the point's part the node it rides; launch points are attachments of kind 8, or 5 where the pod table has no model at the part's place
00461c60	function	camera_ease_to_player	void __stdcall (float share)	Eases the camera's angles by a share toward looking at the player's ship; every call gives 1
00461d00	function	camera_look_at_player	void (void)	Turns the camera to look at the player's ship
00499180	function	objectives_reset	void (void)	Every mission's first objective current, each other with a name listed
0057e05c	data	player_carrier	GameObject *	The ship the player launched from, which a launch's cutaway leaves out; once it explodes, the first Yamato. Null from the mission's start
0051d0ec	data	launch_cutaway	int	The player's launch cutaway: Reliant 1 bay, 2 below, 3 aside; Yamato 0 beside, 1 ahead, 2 aside; -1 before a launch
004192c0	function	launch_yamato_init	void __fastcall (int slot)	Places the ship in its Yamato side bay, shows the bay and enables portal clipping on its doors; the player's launch creates and aligns the hangar cutaway
00419840	function	launch_yamato_run	void __fastcall (int slot)	Releases the ship, opens the cutaway and carrier doors, accelerates it out, selects a cutaway, then restores normal flight; streams the player's six steam vents while waiting and leaving
0051d0b8	data	yamato_launch_vent_due	int[2]	The next burst ticks for the two outer steam vents in the Yamato launch hangar
0051d0f0	data	yamato_launch_emitters	void *[6]	The six steam emitters created by launches_init, hung from the Yamato launch hangar's doors and hull
00569934	data	launch_caption_on	int	Set while the display types out the mission's date, from the drop of the player's launch to its end
0057bf44	data	launch_caption_due	int	The game's tick after which the date shows a letter more
005799e0	data	launch_caption_shown	int	How many letters of the date show
005023d6	data	mission_dates	short[29]	The language string of each mission's date, which the launch types out: 0 for mission 0, then missions 1 to 28
004e3c98	data	launch_styles		The launch styles' routines, 24 bytes a style: init, update, two nulls, 0x00515D70 and a null
0052a1e0	data	wait_still_moving	byte	Set by WaitForJumpOrLaunch's walk where a ship still jumps, warps or launches
00468920	function	escort_marker_init	void (void)	Builds the escort point's marker as a mission runs: its mesh (escort_marker_mesh), Dockring mesh, of four rings of lines about its Z axis 640 apart, each a square of side 1280 with its corners cut, and twelve chevrons between them pointing along it, all red and added; its scene object (escort_marker), never culled and coloured by its own colours; and its clock at 0
00468ce0	function	escort_marker_free	void (void)	Frees the escort point's marker as the mission ends
00468d00	function	escort_marker_frame	void (void)	Once a frame, where the player's ship has an escort point (+0x724, SetEscortPoint): places the marker on it, drawn no farther from the camera than a set reach, pulses the red of each ring but the first and each place of chevrons in a band that runs along it every 300 ticks, and adds it to the world's layer in views 0 to 3
0054d100	data	escort_marker_clock	int	The ticks the escort point's marker pulses by, 0 to 299
0054d104	data	escort_marker_mesh	void *	The escort point's marker's mesh
0054d108	data	escort_marker	void *	The escort point's marker's scene object
0040aa50	function	escort_count_place	bool __fastcall (int slot, OrderEntry *entry)	Escort's walk: counts the ship off the place still to go (OrderState +0x00), and once it goes below nothing takes the ship as the one to escort (+0x04)
0040ae90	function	find_target_weigh	bool __fastcall (int slot, OrderEntry *entry)	Find New Target's walk: weighs a ship the searcher can aim at by the square of its distance, times the ships whose current order fights it, and mills round it, keeping the lightest to fight (+0x04) and to mill round (+0x10); never ends the walk
00401810	function	object_has_stats	bool __fastcall (int slot)	Whether the object in the slot is of a type with stats: below 0x100
00450d10	function	director_begin_shot	void __fastcall (void *path, MissionShip *tracked, float seconds, MissionShip *pace)	Begins a shot of the director's camera: the ship it looks at and the one its path rides along with, its seconds in ticks and its path's length, then its first curve
00450d90	function	director_begin_curve	void __fastcall (Curve *curve, char first)	Begins a curve of the director's path for its share of the shot's ticks, turning from its start ship's angles to its end ship's; the shot's first switches to view 13
00450f20	function	director_curve_end	void __stdcall (float t)	At t of 1 or more: CameraReached on the curve's end ship, then the curve that carries the path on, or view 0
00450fa0	function	director_frame	void (void)	The director's camera for a frame in view 13: the curve runs on, the camera stands at its point and looks at the tracked ship or turns by the angles
004510c0	function	director_progress	float10 __fastcall (void *director, Vec3 *position, float *t, void *unused, float *progress)	How far along its curve the director's camera is: places it, and posts CameraReached for a place a point marks that it passes
004511a0	function	director_place	void __fastcall (void *director, Curve *curve, float t, Vec3 *position, char exact)	Where the director's camera stands t of the way along its curve, or at its still ship, carried with the ship its path rides along with
00456f00	function	curve_weights_fill	void (void)	Fills curve_weights with the four Hermite weights at each 32nd of the way
00456f70	function	curve_point_stepped	void __fastcall (Curve *curve, Vec3 *point, float t)	A curve's point t of the way along, weighed from curve_weights at the 32nd below t
00456fb0	function	curve_axis_stepped	float10 __fastcall (Curve *curve, int axis, float t)	One component of curve_point_stepped
00457050	function	curve_point	void __fastcall (Curve *curve, Vec3 *point, float t)	A curve's point t of the way along: a cubic Hermite spline, each tangent weighed ten times
00457090	function	curve_axis	float10 __fastcall (Curve *curve, int axis, float t)	One component of curve_point
00457130	function	hermite_from	float10 __stdcall (float t)	2t^3 - 3t^2 + 1, the weight of a curve's start
00457160	function	hermite_to	float10 __stdcall (float t)	3t^2 - 2t^3, the weight of a curve's end
00457190	function	hermite_leaving	float10 __stdcall (float t)	t^3 - 2t^2 + t, the weight of a curve's leaving tangent
004571b0	function	hermite_arriving	float10 __stdcall (float t)	t^3 - t^2, the weight of a curve's arriving tangent, turned about
004571d0	function	curve_starting_at	Curve * __fastcall (MissionShip *ship)	The first curve that starts at a ship, or null
00457200	function	curve_next	Curve * __fastcall (Curve *curve, MissionShip *ship, char starting_only)	The curve that carries a path on from a ship: the first other that starts there, or unless starting_only ends there
00457250	function	curve_length	float10 __fastcall (Curve *curve)	A curve's length, over the whole of it
00457260	function	curve_length_between	float10 __fastcall (Curve *curve, float from, float to)	The sum of the chords between a curve's points at each 32nd of the way from one share to another
00457320	function	curve_path_length	float10 __fastcall (Curve *curve)	The length of the path from a curve through those that carry it on, up to one that ends at no ship
00457380	function	curves_rebuild	void (void)	Makes every curve afresh from its ships
004573b0	function	curve_rebuild	void __fastcall (Curve *curve)	Makes a curve afresh from its four ships' places, unless 0x0052A1D0 is set
00457460	function	curve_init	void __fastcall (Curve *curve, Vec3 *from, Vec3 *to)	A curve from one point to another that names no ships, with no tangents
004574a0	function	curve_ride	void __fastcall (MissionShip *ship, Vec3 *point, Vec3 *start, char still)	Carries a point of a path along with a ship: by how far start lies from where the mission placed it, and unless still by its move since
00457510	function	curve_next_marker	float10 __fastcall (Curve *curve, MissionShip **passed, float after)	The nearest share past after that a point marks on a curve, 0 for none, and the last point that marks after itself
004524e0	function	curve_index	uint __fastcall (Curve *curve)	Index of a curve record
0045ec40	function	camera_hold_ships	void __fastcall (int kind, int index, char hold)	Marks each ship of a ship, flight group or squad jumping, or lets them go: the ships a director's shot holds still
0045ead0	function	camera_hold_squad	void __fastcall (int squad, char hold)	camera_hold_ships for each member of a squad
0045f170	function	camera_shot_start	void (void)	Begins the first of the director's shots waiting: notes the ships it holds, then director_begin_shot
00461d30	function	camera_shot_stack	void __fastcall (void *path, MissionShip *tracked, float seconds, MissionShip *pace, int kind, int index)	Adds a shot for the director's camera after those waiting, and begins it where none waited
00529fc0	data	curve_weights	float[132]	The four Hermite weights at each 32nd of the way, 33 sets (curve_weights_fill)
005251e8	data	director		The director's camera's shot: the block director_progress and director_place reach its fields through, such as director_curve (+0x38), director_elapsed (+0x64), director_pace_start (+0x74), director_pace (+0x80), director_next_marker (+0x84) and director_still (+0x88)
00525210	data	director_yaw	float[2]	The yaw the director's camera turns from and to over its curve, in degrees
00525218	data	director_pitch	float[2]	The pitch the director's camera turns from and to over its curve, in degrees
00525220	data	director_curve	Curve *	The curve the director's camera flies along
00525244	data	director_tracked	MissionShip *	The ship the director's camera looks at, or null
0052524c	data	director_elapsed	uint	Ticks since the director's curve began
00525250	data	director_ticks	int	The director's shot's ticks: its seconds, whole, times 100
00525254	data	director_path_length	float	The length of the director's path
00525258	data	director_curve_ticks	int	The director's curve's share of its shot's ticks
0052525c	data	director_pace_start	Vec3	Where the ship the director's path rides along with stood as the shot began
00525268	data	director_pace	MissionShip *	The ship the director's path rides along with, or null
0052526c	data	director_next_marker	float	The share of the way along the director's curve to the next place a point marks, 0 for none
00525270	data	director_still	MissionShip *	The ship the director's camera stands at in a shot with no curve
00539940	data	camera_shots	uint[60]	The director's shots waiting, ten of 24 bytes: path, tracked ship, seconds, pace ship, and the kind and index of what it holds
00539a58	data	camera_shot_count	int	How many of the director's shots wait
00539a5c	data	camera_shot_hold_kind	int	The kind of what the first shot holds still: 0 a ship, 1 a flight group, 2 a squad
00539938	data	camera_shot_hold_index	int	The index of what the first shot holds still
00539a30	data	camera_held_kind	int	The kind of what the shot on screen holds still
00539a40	data	camera_held_index	int	The index of what the shot on screen holds still
00402140	function	ai_arrive	bool __fastcall (GameObject *object, Vec3 *point, float *orientation, float least)	Brings a ship to a point turned as an orientation, at a least throttle, through ai_arrive_steer; whether it is within 2000
00402160	function	ai_arrive_steer	bool __fastcall (GameObject *object, Vec3 *point, float *orientation, float least)	ai_arrive's work: straight at the point from behind it on its line, else round the circle that meets the line at it, slowing as it nears
004031a0	function	follow_curve_begin	void __fastcall (int slot, Curve *curve)	Begins a curve of a Follow Curve path: now, for its share of the order's seconds, and the first place a point marks on it
00403200	function	follow_curve_way	void __fastcall (int slot, Vec3 *point, Vec3 *up)	Ship Follow Curve's path for motion_follow: the curve's point as far as its ticks have gone, ShipReached at marked places and the curve's end, then the next curve
00403580	function	follow_back_curve	void __fastcall (int slot, Curve *before)	Begins the curve before one on a Follow Curve path backwards, or the path's last for none
00403600	function	follow_back_way	void __fastcall (int slot, Vec3 *point, Vec3 *up)	Ship Follow Curve Backwards' path for motion_follow: the curve's point as far back from its end as its ticks have gone, then the curve before
00458600	function	follow_curve_give	uint __fastcall (MissionShip *ship, uint *args, MissionShip *offset)	Gives a ship Ship Follow Curve with the command's curve, seconds and carrying ship as its data
00403de0	function	regroup_sync	void __fastcall (MissionShip *leader)	Formation Regroup's leader moves its flight group on: once every ship still in the mission has been ready for 15 of its updates, each goes on to its next step, setting off for its meeting point along a curve from 20000 to 400000 away and straight otherwise
00403f20	function	regroup_lay_curve	void __fastcall (RegroupState *state, Vec3 *from, Vec3 *to, MissionShip *ship)	The curve a regrouping ship flies to its meeting point from where it stands, its leaving tangent half the way across turned a right angle about Y, followed a step at a time
00403fb0	function	object_hold_turns	void __fastcall (GameObject *object)	Lets go of an object's turns: no roll, pitch or yaw input
00403fd0	function	formation_steer_to	bool __fastcall (GameObject *object, Vec3 *point, float limit)	Steers an object at a point with ai_steer within limit, and whether it is within two of its radii of it
00404000	function	waypoint_next	void * __fastcall (void *waypoint, bool *wrapped)	The waypoint after one on its route: the next of its flight group's, or after the last, its first again, which sets wrapped
00404040	function	patrol_set_off	void __fastcall (GameObject *object, PatrolState *state, void *waypoint)	A patrolling ship sets off for a waypoint at a pace of 0.15: in its formation about the leader, or alone to its place in a line of its group's ships through the waypoint
00404210	function	formation_set_pace	void __thiscall (GameObject *object, float pace, float more)	Sets an object's throttle for a speed of (pace * more + pace) * 200 over its top speed
00404230	function	formation_leader	MissionShip * __fastcall (FlightGroup *group, FormationPoint *point)	The ship of a flight group at the point nearest its formation's origin, among the points from the formation's first to the mission's last
004042e0	function	formation_ship_at	MissionShip * __fastcall (FlightGroup *group, FormationPoint *point)	The first of the mission's ships of a flight group that stands at a formation point, or null
00404330	function	patrol_sync	void __fastcall (MissionShip *leader)	Patrol Route's leader moves its flight group on: each ship takes where the leader stood; once every one is in place, each sets off for the next waypoint where the leader has come to its waypoint, and otherwise the leader aims at it again
004044d0	function	formation_face	bool __fastcall (GameObject *object, Vec3 *point, float limit, float *angle, bool steer)	Turns an object toward a point, with ai_steer eased by 0.1 or on the level, and whether the point then lies ahead
00404570	function	object_point_ahead	bool __fastcall (GameObject *object, Vec3 *point)	Whether a point lies ahead of an object: the cosine of its angle off the nose 0.9 or more
004045d0	function	object_within	bool __fastcall (GameObject *object, Vec3 *point, float *distance, float reach)	Whether an object stands nearer a point than reach, or two of its radii for 0, its distance in distance where given
00404620	function	patrol_places	void __fastcall (GameObject *object, PatrolState *state, bool keep)	A patrolling ship's places about its formation's leader, its point turned as the leader is and that 8 of the leader's radii ahead, and the leader's mark
00404700	function	object_point_in_front	bool __fastcall (GameObject *object, Vec3 *point)	Whether a point lies in front of an object, not behind its nose
00404750	function	object_turn_level	float10 __fastcall (short slot, Vec3 *point)	Turns an object toward a point on the level: yaw five degrees toward its side or the angle where less, pitch toward its height damped by the pitch rate, no roll; the angle off the nose on the level
004048c0	function	object_point_on_right	bool __fastcall (GameObject *object, Vec3 *point)	Whether a point lies to the right of an object's nose on the level, or dead ahead or astern
00404950	function	formation_size	float10 __fastcall (MissionShip *ship)	How far apart the corners of the box round a ship's formation's points lie, the points from the formation's first to the mission's last
00404a00	function	flight_group_widest	float10 __fastcall (FlightGroup *group)	The largest radius of a flight group's ships' objects
00404a60	function	regroup_curve_end	void __fastcall (int slot)	Ends Formation Regroup at its curve's end: no throttle, no turns, and the order popped
00404a90	function	curve_path_init	void __fastcall (Curve *curve, MissionShip *ship, int seconds, void *path, bool stepped, MissionShip *relative, MissionShip *offset)	Sets a ship to follow a curve, over seconds or a step at a time, offset by a ship and riding with another; Formation Regroup's go a step at a time with neither
00404b50	function	curve_path_begin	void __fastcall (void *path, Curve *curve)	Begins a curve of a path: from its first step, or now for its share of the path's ticks, and its next marker
00404be0	function	curve_path_follow	void __fastcall (GameObject *object, void *path)	Flies an object along its path: to the curve's start, then a step at a time turned at each point, or timed and placed on the curve; ShipReached at marked places and the curve's end, then the next curve or the order's end
004522f0	function	flight_group_middle	bool __fastcall (FlightGroup *group, Vec3 *middle)	The middle of the box round where a flight group's ships stood at the mission's last sync; false for a group without ships
004523b0	function	box_include	void __fastcall (Vec3 *least, Vec3 *most, Vec3 *point)	Widens a box, its least and its most corner, to hold a point
00452430	function	vec3_halfway	void __fastcall (Vec3 *a, Vec3 *b)	a = the point half way from a to b
00452480	function	ship_position	void __fastcall (MissionShip *ship, Vec3 *out)	Where a mission ship stood at the last sync: its runtime position
004524a0	function	flight_group_place	byte __fastcall (MissionShip *ship, FlightGroup *group)	A ship's place among its flight group's ships, or 0xFF
00452090	function	formation_point_index	int __fastcall (FormationPoint *point)	A formation point's index in section 15
00406a90	function	dock_port_search	bool __fastcall (int slot, OrderEntry *entry)	Dock's walk: the first port of a ship at which no other object's current order is Dock, into the order's data
00406c80	function	dock_find_points	void __fastcall (int slot)	Dock's station style: the ship's own first docking point and the port its target names, whose part plays deploy
00406e70	function	dock_berth	void __fastcall (int slot, Vec3 *position, float *orientation)	Where a docking ship's origin stands docked: the port less its own docking point, in the station's drawn frame, turned as the port
00406f20	function	dock_way	void __fastcall (int slot, Vec3 *point, Vec3 *up)	Dock's path for motion_follow: along the port's line behind the berth, closing by the square of the slide left; then docked
00407010	function	dock_station_init	void __fastcall (int slot)	The init of Dock's station style: the docking points, the first step by where the ship stands, and its side
004070f0	function	dock_station	void __fastcall (int slot)	The update of Dock's station style: round to the port's line, latch on, slide in, then set in the berth and post Docked
00407d10	function	dock_station_exit	void __fastcall (int slot)	The exit of Dock's station and Nanny styles: the first pass-through slot emptied
004e1618	data	dock_styles	uint[30]	Dock's five styles: init, update, exit, 0, name and 0 each
0040fc90	function	airipper_init	void __fastcall (void)	Sets the Rippers' tables up as a mission loads: every rippercargo entry empty, every set of beams free, and laser2 for their texture; a slip clears the first beam word of each set with a stride of 0x78
0040fcf0	function	airipper_free	void __fastcall (void)	Frees every set of Ripper beams in use, as a mission ends
00412140	function	airipper_fx_take	int __fastcall (void)	The next set of Ripper beams, freed first where in use: four tractor_beam_mesh beams; returns its index
004121c0	function	airipper_fx_free	void __fastcall (void *fx)	Frees a set of Ripper beams in use: its four beams' scene objects
00412200	function	airipper_fx_show	void __thiscall (int slot, float alpha)	Shows the set of beams of the Ripper's order: each from its pincer's point to the middle of its pair of the pod's points, the ribbons as long, faded to alpha by tractor_beam_fade, into the scene
00412340	function	ripper_carried	int __fastcall (int slot)	What the Ripper in slot carries: the first rippercargo entry naming it; asserts where none does
00412390	function	airipper_fx_pincers	void __fastcall (int slot, void *fx)	Notes where a set of beams comes from: the first point of the first point list of each of the Ripper's back pincers, and their frames
00412480	function	ripper_grab_offset	void __fastcall (int *type, Vec3 *out)	How far above a component the Ripper grabs it, from ripper_grab_offsets by type; for a type the table lacks, it reads past its end
0049a400	function	node_play_named_tree	void __fastcall (ModelNode *node, char *name, float time, int mode, float speed)	node_play_named on a node and every node under it
00401000	function	ai_sequence_sync	bool __fastcall (int slot, int point)	A multiplayer game's wait for every player at a point of an order's sequence; true at once in a single-player game
00518648	data	rippercargo	int[300]	Each Ripper's slot and what it carries, in pairs, -1 for none
00518afc	data	next_rippercargo	int	The rippercargo entry the next grab fills
00518b00	data	airipper_fx	byte[17400]	The Rippers' sets of beams, 150 of 0x74 bytes: in use, four beams, their pincer points and frames, the pod's two points and frames
00518640	data	next_airipper_fx	int	The set of Ripper beams airipper_fx_take takes next
00518af8	data	airipper_texture	void *	laser2, which the Ripper's beams are drawn over
004e2060	data	ripper_grab_ticks	int[10]	How long each step of Ripper grabs target object lasts, -1 for a step that doesn't
004e2088	data	ripper_drop_ticks	int[3]	The step table of Make ripper drop what it's carrying: -1 for every step, and never read
004e2094	data	ripper_end_drop_ticks	int[6]	How long each step of Ripper end drop object lasts, -1 for a step that doesn't
004e20ac	data	ripper_attach_ticks	int[10]	How long each step of Ripper attach cargo pod to Mammoth lasts, -1 for a step that doesn't
004e20d8	data	ripper_grab_offsets	int[8]	The types whose components the Ripper grabs from above, and how far: the Mammoth and the Stalag, (0, 2500, 0) each
0044f200	function	mesh_build_band	void * __fastcall (int segments, uint flags, float radius, float depth)	A band of segments quads round Z, between a circle of radius at Z 0 and another at depth, the texture across each quad once, v 1 on the first circle; its normals and bounds worked out
004666b0	function	objects_free	void __fastcall (void)	As a mission ends: each planet atmosphere's scene object, every object, and every ship type's model and data let go
00545868	data	planet_atmospheres	byte[144]	The planets' atmospheres, 4 of 0x24 bytes: the ring's scene object, the planet's spin a tick, where the planet stood as it was made at +0x14, and its slot at +0x20
005458f8	data	planet_atmosphere_count	int	How many of planet_atmospheres are in use
005458fc	data	planet_atmosphere_texture	void *	atmos, which objects_reset loads and the atmospheres are drawn over
00595bc0	data	planets_turned_at	int	The frame_start the planets with an atmosphere last turned at, in backdrop_frame
004e1fe8	data	land_styles	uint[12]	Land's two styles, the Yamato's and the Reliant's: init, update, exit, 0, name and 0 each
0040eb60	function	land_yamato_init	void __fastcall (int slot)	The init of Land's Yamato style: the first step, due 700 ticks on, and for the player's ship the landing bay, type 0xD5 (yamhanger.shp), made in the cutaway slot, the ship passing through everything
0040ebc0	function	land_yamato_cutaway	void __fastcall (int slot)	The cutaway of the Yamato's landing: the landing bay, type 0xD5, moved far below and turned as the world is, its hangar (part 6) lit through mask 0x3B, the ship stood in it, stopped at a throttle of 0.5, and view 0x0E or 0x25 picked at random (land_yamato_view)
0040ee80	function	land_yamato_update	void __fastcall (int slot)	The update of Land's Yamato style, by the step table at 0x0040F59C: the cutaway, the ship steered over the hangar, then to the pad (part 1), turned along the bay and level, stood on the pad, which its floor track lowers (land_yamato_pad_track), and the mission over; a ship other than the player's lets the landing go at once
004c1e40	function	mat3_multiply_transposed	void __fastcall (float *out, float *a, float *b)	out = a times the transpose of b, as land_yamato_update works out the ship's turn on the pad
0051863c	data	land_yamato_view	int	The view land_yamato_cutaway picked, 0x0E or 0x25, which nothing reads
004e2048	data	land_yamato_pad_track	char[6]	floor: the track of the landing bay's pad (part 1 of yamhanger.shp) that land_yamato_update plays to lower the ship
0040f5c0	function	land_reliant_init	void __fastcall (int slot)	The init of Land's Reliant style: the first step, due in 700 ticks, or at once for a ship sent home for its friendly fire
0040f600	function	land_reliant_cutaway	void __fastcall (int slot)	The cutaway of the Reliant's landing: view 0x23 or 0x26, the carrier moved to (0, -1000000, 0), the middle of its first launch tube, and the ship stood 20000 ahead of it and 5000 above
0040f940	function	land_reliant_update	void __fastcall (int slot)	The update of Land's Reliant style: the cutaway, the approach over the first launch tube, the sink into it through its upper door, and the mission's end 270 ticks after the ship is down
00453620	function	bridge_line	char * __fastcall (char *suffix)	The carrier's bridge officer's line ending in suffix, written into 0x00529CC0: yam where player_carrier is a Yamato or explodes, rel otherwise; the officer's film path, pilots\Yam_Brdge_Off.fm8 or pilots\Rel_Brdge_Off.fm8, into radio_report_film
004536d0	function	pilot_line	char * __fastcall (char *line)	The pilot's own line, mp and line for a male pilot or fp and line for a female one (pilot_female), written into 0x00529CC0
00453a50	function	pick_line	char * __fastcall (char **lines, int size)	One of lines at random by rand, size being their table's bytes
004566c0	function	pilot_says	void __fastcall (char *speech)	Plays the pilot's own line at once through the speech sample, without the radio's window, ending the line playing; nothing in a multiplayer mission
00456050	function	radio_reports_frame	void (void)	Each frame after radio_frame: each report whose game tick has passed goes, and one of kind 1 that is neither nobody's, object 0x3E9's nor an exploding ship's is queued (radio_say, mode 1, flags 5), named by a ship's pilot record or the report's string
004560d0	function	radio_report_free	int (void)	The first free report of radio_reports, or -1
00529d48	data	radio_reports	RadioReport[5]	The reports waiting their time to go to the radio's queue: PERMISSION TO LAND's answer, and those of the wingmen's keys and the radio's menu
005297f0	data	radio_report_film	char[50]	The film path bridge_line leaves for the report it makes
00562f16	data	pilot_female	short	Whether the pilot is female, which the pilot roster sets: the pilot's own lines are fp's rather than mp's
00453de0	function	permission_to_land	void __fastcall (int remote)	PERMISSION TO LAND, from frame_controls and the radio's menu with remote 0: heard once in 500 ticks, the pilot asks (pilot_says hud_012) and in 300 ticks in training (simulator_mode 1, or missions 30 to 35) the flight instructor clears the player's ship where landing_cleared is set, or the carrier's bridge answers (bridge_line), clearing it by a line mission_success picks or refusing it; a cleared ship lands on its carrier. With remote set, the bridge clears the ship whatever the script says (Land)
0052987c	data	permission_heard_from	int	The game_ticks from which PERMISSION TO LAND is heard again
0052a418	data	landing_cleared	int	Script variable 10: whether PERMISSION TO LAND clears the player's ship to land
0052a428	data	mission_success	int	Script variable 14: how the script rates the mission, -1 a total failure to 4 a success with a bonus, which picks the carrier's clearance
0052a3fc	data	backup_available	int	Script variable 3: whether the carrier sends backup; the radio's REQUEST BACKUP (0x004558D0) raises PlayerWantsBackup for the first request while it is set, and the carrier refuses otherwise
0052a45c	data	last_success	int	Script variable 27: mission_end_record's copy of mission_success as a mission the player comes through ends with a rating other than a total failure; mission 25's second part weighs its own rating by it
0052a460	data	objectives_met	int	Script variable 28: set by the script once the mission's objectives are met; the debriefing of a mission the ejected pilot was picked up in picks string 0x720 by it, and 0x721 without it (0x00424ECE, 0x0042545B)
0052a468	data	ghost_alive	int	Script variable 30: whether mission 1's Ghost lives, 1 in a new campaign; mission 1's script clears it as Ghost dies and mission 4's reads it
0052a404	data	mcgann_alive	int	Script variable 5, a campaign flag: whether McGann lives, 1 in a new campaign; mission 15 clears it as his Phoenix is destroyed
0052a40c	data	ivan_petrov_alive	int	Script variable 7, a campaign flag: whether Ivan Petrov lives; mission 28 clears it, and ending_movies_play plays his news report once it is clear
0052a410	data	kulov_alive	int	Script variable 8, a campaign flag: whether Kulov lives; mission 28 clears it, and ending_movies_play plays his news report once it is clear
0052a41c	data	al_rahan_alive	int	Script variable 11, a campaign flag: whether Al-Rahan lives, 0 in a new campaign; mission 7 clears it and mission 24 sets it as it starts
0052a420	data	sharif_alive	int	Script variable 12, a campaign flag: whether Sharif lives, 0 in a new campaign; mission 9 clears it and nothing reads it
0052a424	data	steiner_alive	int	Script variable 13, a campaign flag: whether Steiner lives; mission 28 clears it, and ending_movies_play picks one of his two news reports by it
0052a434	data	krasnaya_alive	int	Script variable 17, a campaign flag: whether the Krasnaya got away in mission 8; the end of chapter 2 plays new_chapter2_thread2.bik once it is clear
0052a438	data	rameses_alive	int	Script variable 18, a campaign flag: whether the Rameses survived mission 7; the end of chapter 1 plays new_chapter1_thread1.bik once it is clear
0052a43c	data	kozah_alive	int	Script variable 19, a campaign flag: whether Kozah lives; mission 9 clears it and nothing reads it
0052a448	data	fixed_gate_alive	int	Script variable 22, a campaign flag: whether mission 3's fixed gate stands, which missions 4, 11, 20 and 26 read
0052a44c	data	warp_gate_alive	int	Script variable 23, a campaign flag: whether mission 16's warp gate stands; read only by the news report after mission 16, which never plays
0052a464	data	czar_alive	int	Script variable 29, a campaign flag: whether the Czar survived mission 11; the end of chapter 2 plays new_chapter2_thread1.bik once it is clear
0052a470	data	reliant_alive	int	Script variable 32, a campaign flag: whether the Reliant flies; missions 7, 8 and 18 clear it. It picks mission 8's landing and the transfer movie of a career's end
0052a478	data	chapter2_thread3_shown	int	Script variable 34: set as the end of chapter 2 plays new_chapter2_thread3.bik; mission_reset_variables clears it before each attempt
0052a480	data	yamato_alive	int	Script variable 36, a campaign flag: whether the Yamato lives; once it is clear, missions 25 and 27 end without the landing, and a total failure in them in the shuttle at Fort Bear
0052a474	data	countdown	int	Script variable 33: seconds left, which mission 29's script sets; game_tick takes one off at every 100th of mission_ticks (0x00477889) and the display shows it as a clock in mission 29 (0x00486221)
0052a484	data	ion_cannons_hold_lock	int	Script variable 37: while it is set, the Dark Reign's ion cannon (aiioncan.cpp, order 110) keeps its target rather than losing it or giving up its search (0x0040D40F, 0x0040D7D9)
00474b40	function	friendly_fire_send_home	void __fastcall (int slot)	Outside a multiplayer game, for the player's ship while mission_ending is 0 and its current order has no priority: the mission's ending 6, or 7 where +0x678 is 3, Friendly Fire pushed aimed as the current order, and flag 0x10000000 set; for another player's slot without a prioritised order, Jump Out and the flag
004a7290	function	voice_init	void __fastcall (byte *stream, VoiceState *state)	Starts decoding a speech stream (voice.zig): the bit reader on its first byte, the header's step, coded levels, first gain and ratio, and the coefficients, the filter's memory and the past excitation cleared
004a7360	function	voice_read_bits	uint __fastcall (VoiceState *state, int bits)	The stream's next bits, eight at most, least significant first, taking the next byte below eight held
004a73b0	function	voice_frame	void __fastcall (VoiceState *state)	Decodes a frame of 432 samples: twelve coefficient levels, then each subframe's lag, pitch gain, gain and pulses into the excitation, the last 324 kept, and the synthesis filter over four blocks as the coefficients step
004a76a0	function	voice_pulses	void __fastcall (VoiceState *state, int coded, float *excitation, int step)	A subframe's pulses at a step: the plain code, or the variable code of two contexts with pulses, runs of zeros and escapes
004a7850	function	voice_skip_bits	void __fastcall (VoiceState *state, int bits)	The stream past its next bits, eight at most
004a7890	function	voice_fill	void __fastcall (float *excitation)	Fills in every other sample of an excitation read at a step of two, from six neighbours weighted 0.5974, -0.1146 and 0.0180
004a78d0	function	voice_synthesize	void __fastcall (VoiceState *state, int start, int blocks)	Filters blocks of twelve of the frame's samples into speech, each the sample plus the filter's weights times the twelve before
004a8050	function	voice_coefficients	void __fastcall (float *reflection, float *weights)	The synthesis filter's twelve weights from the twelve reflection coefficients, the lattice's impulse response
005090c0	data	voice_bit_masks	uint[9]	The masks voice_read_bits reads n bits by
005090e4	data	voice_levels	float[64]	The levels a reflection coefficient is quantized to; the last eight coefficients take the 32 from the 17th
005091e4	data	voice_symbols	byte[512]	For each of the pulse code's two contexts, the symbol the stream's next eight bits begin with
005093e8	data	voice_records	byte[348]	The pulse code's 29 symbols: the next context, the length in bits and the value, three dwords each
00461eb0	function	speech_start	int __fastcall (SpeechHeader *file, uint flags, int rate, int volume, int slot)	Plays a speech file on stream slot: unscrambled, its decoder started, and the speech sample set up as 16-bit stereo at 22050 Hz at Speechvolume times Mastervolume / 127; flags bit 0 loops it; the stream's own volume, volume / 127, is kept but applied nowhere
00462000	function	speech_unscramble	void __fastcall (SpeechHeader *file, int length)	XORs the stream from +0xC with AB 2D 9A AA repeating, length - 0x18 bytes, unless the file begins man or CB, and writes man over its length; the files are scrambled to 8 bytes before their end, so the last 8 scrambled bytes are left
00462070	function	speech_stop	int __fastcall (int slot)	Ends the stream in slot, 0 to 7, by clearing its state
004620a0	function	speech_playing	int __fastcall (int slot)	Whether the stream in slot plays, or -1 for a slot past the eight
004620d0	function	speech_stop_all	int (void)	Ends every stream and the speech sample
004620f0	function	speech_restart	int __fastcall (byte *stream)	Starts a stream's decoder again from its data, its frame spent
00462110	function	speech_init	int (void)	Once: the streams cleared, the speech timer started and its buffer of 0x4000 bytes allocated (cbox.cpp)
00462190	function	speech_timer	void (void)	The timer's callback: the first stream playing decodes 2048 frames into the speech sample's next buffer, each float rounded and held to 16 bits, and a stream over is ended
00462290	function	speech_fetch	int __fastcall (byte *stream, int floats, float *out)	Fills out with the stream's next samples as floats plus 12582912, each for both channels, decoding a frame as one runs out; 1 once the stream's samples are done, or looping it where its flag says
00539ad8	data	speech_streams	byte[27424]	Eight speech streams of 0xD64 bytes: the data, the sample count, a rate, the volume over 127, the loop flag, the state at +0x14, the decoder at +0x18, the frame's sample at +0xD5C and the samples played at +0xD60
00563f18	data	speech_sample	void *	The Miles sample the speech plays on, which sound_init allocates
00563f20	data	speech_buffers	void *[2]	The speech sample's double buffer
004562d0	function	radio_say	void __fastcall (char *film, char *speech, int mode, short name, HudmovieFlags flags, int object, int expiry)	Says a line outside a multiplayer mission: mode 0 at once, window 0 opened held unless it is open, the speech stopped, the speaker's name, object and side kept for the window, the speech read and the film played; 1 queued; 2 queued unless the radio is busy; a full queue drops it
004561c0	function	radio_say_ship	void __fastcall (int slot, int head, char *speech, int mode, HudmovieFlags flags, int expiry)	radio_say for the ship in slot, unless a stand-in, exploding or without a pilot record, with the film its record names for the head movement
004561a0	function	radio_busy	bool (void)	Whether a line plays or waits in the queue
00456510	function	radio_frame	void (void)	Each frame: while lines wait, the window is shut or open and no speech plays, the next line is taken and said unless its time has passed
005295a0	data	radio_queue	byte[580]	The radio's five queued lines, 0x74 bytes each: the film's flags, the speaker's name, the film, the speech, whose it is and the tick it expires at
00529594	data	radio_queue_count	short	How many lines wait in radio_queue
00529870	data	radio_queue_write	int	Where the next line queued goes
00529cbe	data	radio_queue_read	int	Where the next line said comes from
005048d8	data	pilot_faces	PilotFace[194]	The pilots' faces, one for each pilot of pilot_stats, which object_set_pilot points an object at as pilot_record: the string that names the pilot, a halfword 0x53, the side, a halfword, and the films of its face for the four head movements, talking, laughing, the 45th's own pilot and dying
004a6520	function	talkie_unpack_vectors	void __fastcall (int *out, byte *packed, int count, int bits)	Unpacks count numbers of bits each from packed, least significant bit first, sign-extending from the top bit: a delta frame's motion vectors, 10 bits a part (talkie.zig)
004a6590	function	talkie_patterns	void __fastcall (byte *patterns, byte *blocks, int count)	Draws count blocks of four colours, 8 bytes each, four palette entries and two bits a pixel from the last, into 16 pixels each
004a66a0	function	talkie_frame	void * __fastcall (TalkieState *state, byte *chunk)	Decodes a chunk of a face film, fLED a delta frame and fYEK a key frame, frees it, and returns the frame decoded
004a66f0	function	talkie_delta	bool __fastcall (TalkieState *state, byte *chunk)	A delta frame: the frames swapped, the vectors, whole blocks, patterns and map unpacked, and the frame assembled from the one before (blocks_assemble)
004a6980	function	talkie_key	int __fastcall (TalkieState *state, byte *chunk)	A key frame: the size and palette read, the see-through colour found and the palette converted for the display, the frames and tables made, and the pixels expanded with RefPack
004a6cc0	function	talkie_state_new	TalkieState * (void)	A face film's decoder, 0x544 bytes cleared
004a6cf0	function	talkie_state_free	void __fastcall (TalkieState *state)	Frees a decoder and its frames and tables
004a6d80	function	talkie_read_chunk	byte * __fastcall (FILE *file)	Reads the next chunk of a face film from the archive's stream, 8 bytes of header and its size, unscrambled; null at fDNE or the end
004a6e30	function	talkie_unscramble	void __fastcall (byte *chunk, int size)	XORs a chunk with A3 27 B7 DD repeating, from its header's end up to 8 bytes before its end
004be884	function	blocks_assemble	void __cdecl (uint *map, byte *previous, byte *next, int vectors, int *offsets, byte *blocks, int width, int across, int down)	Assembles a frame of 4 by 4 blocks from its map: an entry below vectors copies the block from the frame before moved by its offset, any other a block given, the entry less vectors
004be937	function	blocks_unpack_map	void __cdecl (uint *out, byte *packed, int count, int bits)	Unpacks count entries of bits each from packed, least significant bit first: a delta frame's block map
004c7dc0	function	read_le_bytes	uint __fastcall (byte *bytes, int count)	The first count bytes as a little-endian number
0048d030	function	hudmovie_init	void (void)	Once: the face film's decoder, its timer at 15 a second, and pilots.hog opened, which is fatal to fail
0048d0c0	function	hudmovie_shutdown	void (void)	Ends the film's timer, frees its frame and decoder, and closes pilots.hog
0048d120	function	hudmovie_play	int __fastcall (char *film, HudmovieFlags flags)	Plays a face film by name from pilots.hog, the 45th Volunteers' films up to mission 13 and the 45th Tigers' from mission 14 on, its first chunk decoded into the window's frame. With a film playing already, the speech starts at once unless flags bit 3; otherwise it waits for the window (hudmovie_waiting). Bit 0 loops the film, bit 1 holds it while the speech plays, bit 2 takes its palette. Fatal where pilots.hog lacks the film
0048d420	function	hudmovie_stop	void (void)	Stops the film and frees its frame and decoder
0048d460	function	hudmovie_timer	void (void)	The film's timer, 15 a second: the next chunk decoded and copied into the window's frame; at the end, the film looped or, holding for the speech, static.fm8 played once the speech is over
0057c280	data	hudmovie_state	TalkieState *	The face film's decoder
0057c290	data	hudmovie_file	FILE *	pilots.hog's stream, at the film's chunks
0057c27c	data	hudmovie_start	int	Where the film's chunks begin in pilots.hog, to loop back to
0057c288	data	hudmovie_frame_count	int	How many frames the film has shown
0057c284	data	hudmovie_width	int	The film's width
0057c3b0	data	hudmovie_height	int	The film's height
0057c3a0	data	hudmovie_frame	byte *	The frame decoded last, 4 bytes of size then the pixels
0057c3a4	data	hudmovie_frame_new	int	Set as a frame is decoded and cleared as the radio's window draws it; nothing reads it
0057c3a8	data	hudmovie_playing	int	Whether a film plays
0057c298	data	hudmovie_waiting	int	Set while the line said with the film waits for the radio's window to open: the timer holds the film, and hud_draw starts the speech once hudmovie_waited passes 0x5B
0057c3ac	data	hudmovie_waited	int	The ticks the line has waited for the radio's window, which hud_draw counts and the window shows as a shape from 0x131, or 0x148 for a speaker not friendly, on by one each 4
0057c294	data	hudmovie_chunk	byte *	The film's chunk read last
0057c39c	data	hudmovie_flags	HudmovieFlags	The film's flags as hudmovie_play took them
0057c3b4	data	pilots_hog	void *	pilots.hog, opened by hudmovie_init
0057c3bc	data	hudmovie_image	byte *	The window's copy of the frame, width by height pixels
0057c3c0	data	hudmovie_timer_handle	void *	The film's timer
0050276c	data	hudmovie_static	char[18]	pilots\static.fm8, the film of a dead channel, played once a line's film is over and the speech goes on
00453710	function	ship_line	char * __fastcall (int slot, char *suffix)	The name of the line ending in suffix that the pilot of the ship in slot says, written into 0x00529CC0: for a friendly ship in the voice allied_voices gives its pilot, for a hostile one in rus, chn or arb by its pilot face's +0x06; null for a pilot with none. Any other side's leaves the buffer as it was
004538e0	data	allied_voices	byte[186]	ship_line's case for each pilot up to 0xB9 flying a friendly ship: the voice its lines start with, 0 ban, 1 dic, 2 fre, 3 vip, 4 enq, 5 sil, 6 tak, 7 jor, 8 vix, 9 cut, 10 cla, 11 ski, 12 jui, 13 fac, 14 haw, 15 arr, 16 ner, 17 rhi, 18 sta, 19 fla, 20 wor, 21 ego, 22 none
00456710	function	radio_landing_reminder	void (void)	Each frame, unless the player's ship is landing: while landing_cleared is set and mission_ending 0, the reminder runs (0x00529878). As it begins, in training (simulator_mode 1, or missions 30 to 35) the flight instructor says trnprm_001; otherwise every 4500 ticks of frame_start (0x00529D40) Moose says moolnd_001 to 003 unless 0x00529538 is set
00456860	function	radio_jump_reminder	void (void)	Each frame: while jump_ready or warp_ready is set and mission_ending 0, the reminder runs (0x00529874). As it begins, the flight instructor in training (simulator_mode 1, or missions 30 to 35) says trnjmp_001, Moose otherwise jmp_001 to 004 or wrp_001 to 004. Outside training Moose then calls every 2000 game ticks (0x00529D44), moo_w1001 to moo_w4004, counted at 0x00529598, and 300 ticks after the fourth call player_jump
00456b10	function	radio_rescue	void (void)	Each frame, once frame_start passes 0x00529880 after a wingman's pilot ejected (0x00529590): unless the pod explodes or 0x00529538 is set, the pilot of player_wing[5] says res_001 to 003 in its voice (ship_line) unless the radio is busy; 0x00529590 goes back to -1
00456b90	function	radio_remarks_frame	void (void)	Each frame after radio_reports_frame: radio_landing_reminder, radio_jump_reminder, radio_missile_warning and radio_rescue
00456dd0	function	radio_enemy_taunt	void __fastcall (int slot)	As the ship in slot hits the player's ship with damage of kind 0, 1 or 5: a hostile ship not listing components, at most once in 2000 ticks of frame_start (0x005297EC), says tnt_001 to 013 in its voice (ship_line) unless the radio is busy, 0x00529538 or 0x00529CB4 is set
00456e50	function	radio_launch_line	void __fastcall (int carrier)	As the player's launch goes, unless 0x00529538 is set and while the radio is free: the flight instructor says trnlch_001 in training (simulator_mode 1, or missions 30 to 35), and otherwise the Reliant's bridge officer (pilot 0x3C) relbdg_001 to 006 or the Yamato's (0x54) yambdg_001 to 005
00529878	data	landing_reminded	int	Whether radio_landing_reminder has begun
00529d40	data	landing_reminder_next	int	The frame_start past which radio_landing_reminder next speaks
00529874	data	jump_reminded	int	Whether radio_jump_reminder has begun
00529598	data	jump_calls	int	How many of Moose's calls to jump radio_jump_reminder has made
00529d44	data	jump_call_next	int	The game tick from which radio_jump_reminder makes its next call
005297e4	data	missile_warning_next	int	The frame_start past which radio_missile_warning may speak again
00529590	data	ejected_wingman	int	The slot of the pod of the wingman who ejected last, until radio_rescue; -1 for none
00529880	data	rescue_at	int	The frame_start past which radio_rescue says the rescue's words
00529cb8	data	kill_remark_next	int	The game tick past which a kill draws radio_kill_remark's remark again
005297ec	data	taunt_next	int	The frame_start past which radio_enemy_taunt may taunt again
00529cc0	data	radio_line_buffer	char[128]	Where ship_line, bridge_line and pilot_line write the lines they name
00529538	data	generic_comms_disabled	short	The script's DisableGenericComms: set, the radio's remarks but the jump reminder's are left unsaid; radio_reset clears it
00529cb4	data	taunts_disabled	short	The script's DisableTaunts: set, radio_enemy_taunt says nothing; radio_reset clears it
0051cf74	data	objectives_none_shown	short	Set where OBJECTIVES WINDOW paged through every objective and found each hidden, for the objectives window to say No current objectives. (string 0x54A); mission_start clears it
0050252c	data	objectives_no_name	char[38]	ERROR: No mission Objectives defined!, which the objectives window shows for an objective with no name or a mission past the table
00454b80	function	attack_standing	int __fastcall (int slot)	How the wingman in slot stands to ATTACK MY TARGET: 1 busy (flag DoNotDisturb, or its current order has a priority), 2 its current order aimed at the player's target already, 0 free
00454c20	function	wingmen_attack_my_target	void (void)	ATTACK MY TARGET to the wingman 0x00529596 names, or -1 for one picked the likelier the farther from the player: the pilot says hud_001; a free wingman fights the player's target (Fight) and answers _amt_ in its voice as a report 300 ticks on; one busy or on it already only answers. -2 and -3 send it over a multiplayer game
00454f40	function	back_off_standing	int __fastcall (int slot)	How the wingman in slot stands to BACK OFF: 1 flag DoNotDisturb, 0 its current order Fight aimed at the player's target, 2 otherwise
00454fa0	function	wingmen_back_off	void (void)	BACK OFF to the wingman 0x00529596 names, or -1 for one picked at random: the pilot says hud_002; a wingman fighting the player's target pops the order and sets it aside for 3000 game ticks (+0x6AC, +0x6B0), and answers _bkoff_ in its voice as a report
00455280	function	help_standing	int __fastcall (int slot, int *attackers, int count)	How the wingman in slot stands to HELP ME: 1 busy (flag DoNotDisturb, or its current order has a priority), 2 its current order Fight aimed at one of the attackers, 0 free
00455330	function	wingmen_help_me	void (void)	HELP ME to the wingman 0x00529596 names, or -1 for one picked the likelier the farther from the player: the pilot says hud_003; the attackers are the hostile ships whose Fight aims at the player, or else the player's hostile target; a free wingman fights one at random and answers _hlpme_ in its voice as a report
004539a0	function	pilot_full_replies	bool __fastcall (int slot)	Whether the pilot of the ship in slot answers the wingmen's commands from the fuller set of replies: by 0x004539D0 for pilots up to 0x78, Bandit, Diceman, Viper, Enriquez and Hawkeye
004539d0	data	full_replies_cases	byte[121]	pilot_full_replies's case for each pilot up to 0x78: 0 for the fuller set of replies, 1 for the other
00529596	data	wingman_addressed	short	Who the wingmen's commands go to: -1 a wingman the game picks, -2 and -3 another player of a multiplayer game, or the slot the radio's menu names
0057e044	data	simulator	byte	Set while the front end runs mission 29 as its simulator: mission_start then gives the wing no pilots, and the wingmen's keys go unheard
00474b20	function	friendly_fire_reset	void (void)	Clears friendly_fire_warning's damage, count and quiet tick, as mission_run starts a mission
00474e60	function	order_friendly_fire_init	ObjectRoutine	The init of order 117, Friendly Fire: stage 0 for 300 ticks; Moose says one of ff_013 to ff_023, or where +0x678 is 2 or 3 the carrier aborts, abrt_001 by pilot 27 for the Reliant and 28 otherwise
00474f20	function	order_friendly_fire	ObjectRoutine	Order 117, Friendly Fire: stage 0 the player flies on; stage 1 for 700 ticks ai_steer toward player_carrier mixed 0.3 with the player's controls 0.7, throttle 0.7 of the player's; stage 2 pops it, clears flag 0x10000000, clears the carrier's flag 0x20, pushes Land on the carrier and Jump Out beyond 1000000 of it, and sets the flag again. In a multiplayer game, Jump Out alone
00562cec	data	friendly_fire_damage	float	The player's damage to friends since friendly_fire_warning last warned
00562cf0	data	friendly_fire_count	int	The warnings friendly_fire_warning has given, held at 1
00562ce8	data	friendly_fire_quiet_until	int	The game tick up to which friendly_fire_warning gives no warning
00500820	data	friendly_fire_warnings	char *[3][4]	Moose's warnings of the player's hits on friends, a set of four for each count: ff_001 to ff_012
00500850	data	friendly_fire_home_lines	char *[11]	Moose's words as the player is sent home, ff_013 to ff_023
004287c0	function	interface_palette_ramp	void __fastcall (uint rgb)	The front end's copy of hud_palette_ramp: entries 1 to 15 of VFX's global palette, or on an 8-bit pane interface_text_remap, a ramp of rgb at palette_ramp_brightness, which its text is drawn through. The main menu writes in 0x40BCFF, gold 0xFDB951 under the pointer, and the developers' text in 0xFF0000
004288e0	function	interface_init	void (void)	The front end's start-up: reads bank_stdsmp (stdsmp.fat), opens handel.fnt, interface\optfnt.fnt and interface\smlfnt2.fnt (interface_font_handel, interface_font_large, interface_font_small), and makes interface_text_remap
004289d0	function	interface_run	int __fastcall (int screen)	The front end: runs the screen of interface_screen, from screen, each until it returns nonzero, the render hook 0x0043E730 between them. Returns 1 to fly without the briefing, 2 to fly, 3 to quit, 4 or 5 to set the display up again
00428b60	function	main_menu	int (void)	Front end screen 0 over interface\sl_splash2.tga, with interface\frontend.spr (interface_shapes): SINGLE PLAYER to screen 12, MULTI PLAYER to 14, GAME OPTIONS to 1, QUIT, which asks (interface_confirm) and returns 3, and INSTANT ACTION, which flies mission 29 in ship 2 as the simulator until it is left. POTATO typed with Control turns on developer_mode: then the number keys type mission_number, Shift or Control with Enter flies it from its briefing, and Shift with F1 to F12 without, in ship 0 to 11
004291c0	function	main_menu_draw	void (void)	The main menu's render hook: the panels' labels in interface_font_large, QUIT and INSTANT ACTION in interface_font_small, their buttons, the item under the pointer lit (main_menu_hotspots) with a panel's labels in gold, the dialogs, the pointer's shape, and with developer_mode M and mission_number in font_01
004360d0	function	interface_pointer_update	void (void)	Moves interface_pointer_x and interface_pointer_y by the mouse, within the screen, runs interface_pointer_ticks on by the ticks since it last ran, back to 0 at 64, and reads the buttons (interface_pointer_down, interface_pointer_right_down)
0042aa80	function	interface_confirm	bool __fastcall (short message)	The front end's YES or NO dialog, with quit.spr (dialog_shapes): asks language_string(message), or dialog_text for -1, until Escape, which answers NO, or a click on a button (dialog_buttons), answered once the button comes up; true for YES
0042ab60	function	interface_confirm_draw	void (void)	Draws interface_confirm's dialog while dialog_open: the box, the buttons with the one under the pointer lit (dialog_button), the question 400 wide in lines 14 apart, and YES and NO
0042ade0	function	interface_message_draw	void (void)	Draws the front end's message dialog while 0x0051D7D8 is set: the box, the message, language_string(0x005202D0), 400 wide in lines 16 apart, and OK
0043eb30	function	interface_hit	int __fastcall (short *rects, int count, int x, int y)	The first of count rectangles of four shorts, corner and size, that holds x, y with the edges left out, or -1
00494a70	function	background_load	void (void)	Reads background_name as a TGA and hands it to the device (sr + 0x50), or runs background_hook where one is set; with no name, clears the picture
00494b50	function	background_set	void __fastcall (char *name)	Shows the picture of name behind the frames, loading it (background_load) unless background_name is it already, case aside; null clears it. The front end's screens and loading_screen set one
004ab3f0	function	loading_screen	void (void)	The first frame of mission_load's loading screen: LOADING written as loading_line, which no overlay draws, and interface\sl_splash.tga, sl_splash800.tga or sl_splash1024.tga, by the screen's width, rendered alone
0051dac4	data	interface_screen	int	The front end's screen, which interface_run runs: 0 main menu, 1 GAME OPTIONS, 3 audio, 7 briefing, 8 the landing movie, 10 and 11 the multiplayer sessions, 12 pilot roster, 13 saved games, 14 connection, 15 video, 16 controls, 17 and 18 a session's loadout
00520274	data	interface_pointer_x	int	The front end's pointer across (interface_pointer_update), 320 as the main menu starts
00520270	data	interface_pointer_y	int	The front end's pointer down, 200 as the main menu starts
0051da0c	data	interface_pointer_down	int	Whether the front end's pointer's left button is down, which chooses what is under it
0051d9d4	data	interface_pointer_right_down	int	Whether the front end's pointer's right button is down
0051dabc	data	interface_pointer_ticks	int	The ticks into the pointer's animation: shape 1 + ticks / 4 of the screen's set, 16 of them
0051d544	data	main_menu_item	int	The main menu's item under the pointer (main_menu_hotspots), or -1
0051d60c	data	interface_shapes	void *	The shown screen's shapes, which each screen reads as it starts and frees as it leaves: the main menu's interface\frontend.spr, the pointer's 16 shapes, the lit panels and the buttons; the pilot roster's interface\frntend2.spr
004e5b90	data	main_menu_hotspots	short[5][6]	The main menu's items: corner, size, what choosing returns (3 for QUIT) and the lit shape; SINGLE PLAYER, MULTI PLAYER, GAME OPTIONS, QUIT and INSTANT ACTION
005d5641	data	developer_mode	byte	Set by the main menu's POTATO, typed with Control, until the game quits: the developers' keys and the mission's number shown
0051d7d0	data	dialog_message	int	The string id interface_confirm asks, or -1 for dialog_text
0051d4b8	data	dialog_shapes	void *	quit.spr while interface_confirm's dialog is up
00520294	data	dialog_button	int	The dialog's button under the pointer: 0 YES, 1 NO, -1 none; in SET GAME DIFFICULTY (difficulty_dialog), 0 START, 1 BACK, 2 and 3 the arrows down and up; its low byte is also interface_text_remap's entry for level 16, -1 and so clear while no dialog's button is under the pointer
004e5cb8	data	dialog_buttons	short[2][4]	interface_confirm's YES and NO: corner and size
0051d7bc	data	interface_font_large	void **	interface\optfnt.fnt, opened by interface_init: the main menu's labels and the dialogs
0051d568	data	interface_font_small	void **	interface\smlfnt2.fnt, opened by interface_init
0051d604	data	interface_font_handel	void **	handel.fnt, opened by interface_init
00520284	data	interface_text_remap	byte[16]	The remap table the front end's text is drawn through: 0xFF for level 0 and each level 1 to 15 itself, which interface_palette_ramp colours; level 16, which a few glyphs use in their first column, reads the low byte of dialog_button after it
0059506c	data	font_01	void **	font_01.fnt, opened with the display's fonts: the main menu's developers' text
00588744	data	background_name	char[64]	The name of the picture shown behind the frames (background_set)
00588740	data	background_hook	void *	A routine background_load runs in place of loading background_name, where set
0041d7d0	function	wgate_tunnel_colours	void __fastcall (void *object, int kind)	A tunnel's colours by ring: black and clear at the mouth and the last ring, the deep colour on the ring before the last, and between them from the mouth's colour to the middle's in a straight line over 0.3 of the rings, then to the end's by the square root; blue, or red for kind 2; a software renderer's white to black
0041dcd0	function	wgate_wipe_level	float10 __cdecl (float from, float at)	cosine_ease from from down to 0, at clamped to 0 to 1: how bright a collapsing tunnel's wipe leaves a vertex
0041dd70	function	wgate_tunnel_build	void * __fastcall (float *radii, short kind, float size)	A tunnel's mesh object (Wgate_Mesh): rings of segments by the detail round a centre vertex, a gate's 80 times 1.2 to the 8 less the ring times its size across, a warp's 344 or so; two triangles a segment between rings, warp128 added with a highlight by the normals in a second pass but for the last band, coordinates a unit along for eight rings, flattened, and wgate_tunnel_colours
0041e280	function	wgates_init	void (void)	The gates' start with each attempt: the tunnels' segments and rings by the detail, their textures (warp128 or ddwarp128, laser2 or ddlaserr), the flags cleared, the warps' two particle templates, the records, and the projection's beams and their ends cleared
0041e4a0	function	wgates_free	void (void)	The gates' end with a mission: the particle templates, every record, and the Boridin breakaway's projection let go
0041fa50	function	wgate_tunnel_shape	void __fastcall (int record)	Each vertex of a record's tunnel at its ring's radius round the axis and at its ring's depth, the last ring at the one before's, and the record's +0x1C deeper; at the high detail each sways across and down by up to 41.7 (a gate) or 5.83 times the segments
0041fdf0	function	wgate_portal_set_up	void __fastcall (void *record)	A record's portal hangs from its tunnel, faces along the axis, and stands at ring rings - 5 as the tunnel stands now
0041fe60	function	wgate_create	int __fastcall (int slot, int kind, Vec3 *at)	Takes the first free of the 32 records for a tunnel of a kind at an object, its +0x18, +0x1C and +0x2C by the object's type whatever the kind (wgate_warp_sizes): a gate's hangs from the object's frame at at, turned a half turn about Y, with two flash squares (warpin3) and its rings' depths; a warp's stands at the object with four beams and emitters; kind 3, the Boridin's (Wboridin_Mesh, with two beams), which nothing asks for; the portal made. -1 where all are taken
00420830	function	wgate_free	void __fastcall (int record)	Lets a record go, with what its kind made
00420920	function	wgate_find	int __fastcall (int slot)	The first record whose tunnel stands at an object, or -1
00420950	function	wgate_tunnel_scroll	int __fastcall (void *object)	A tunnel's hook as it is drawn: scrolls its texture 3.5 across and 0.6 along for each thousandth of a tick since it last did, the first time only noting the tick
00420a00	function	wgates_frame	void (void)	Each frame, from shield_bubbles_draw, for each record of a gate: its rings' depths sway by its time, its tunnel is shaped and its normals and bounds follow, its portal goes into the scene, and its tunnel too unless the player's ship rides the worm
004221e0	function	wgate_tunnel_fade	void __thiscall (void *object, float at)	A collapsing gate's tunnel fading: at of its vertices, counted from the centre, take a pale grey, the ring before the last green
00422380	function	wgate_tunnel_burn	void __thiscall (void *object, float at)	A collapsing gate's tunnel burning out: a share of its vertices flickering by sin(at times 1000), counted from the centre, take a dull red, the ring before the last blue
00422540	function	wgate_tunnel_dent	void __fastcall (int slot)	A ship dents the tunnel of its record as it passes; the list at +0x80 it is run for is never filled
00422680	function	node_tree_second_passes	void __fastcall (ModelNode *node, bool on)	Turns the second pass on or off of each group with a second texture of the meshes of a node and every node under it
00422700	function	worm_create	void * __fastcall (void)	The worm the player's ship rides between gates (Worm_Mesh): 31 rings of 16 segments 10000 across and 200000 apart, drawn solid with warp128 and a highlight added by its normals, coloured by worm_colours
004229b0	function	worm_wobble	void __thiscall (void **worm, float unused)	Each vertex of the worm sways across and down by up to 2000 about its place round the tube, at its own pace by the frame's tick
00422ad0	function	worm_colours	void __fastcall (void *object)	The worm's colours by ring, as a proto gate's tunnel's over 31 rings
00423020	function	wgate_warp_sizes	int __fastcall (int slot)	The entry of wgate_warp_size_table for an object's type, or -1
00423050	function	node_tree_show_light_sprites	void __fastcall (ModelNode *node, bool shown)	Hides the light sprites (node kind 3) of a node and every node under it, or shows them again
00469c10	function	environment_effects_create	void (void)	From backdrop_create: the effects cleared, Planet Bombard's flashes and the ice field built
00469c20	function	environment_effects_free	void (void)	From backdrop_free: Planet Bombard's flashes and the ice field let go
00469c30	function	environment_effects_clear	void (void)	Every effect off and asked for none, and the objects' flag changes asked for at the next jump dropped
00469c50	function	environment_effects_frame	void (void)	From backdrop_frame: the ice field while it is on, then environment_effect_2
00469df0	function	ice_field_create	void (void)	The ice field's rocks, 200, 500 or 800 by the detail, each a farast2 triangle showing one of five pictures, a grey of its own, 2500 from the camera in one of two bands and two arcs, a size and a turn rate of its own
0046a130	function	ice_field_free	void (void)	Lets the ice field's rocks and their mesh go
0046a170	function	ice_field_frame	void (void)	While the ice field is on, each rock within about 49 degrees of the camera's axis stands at its place from the camera, facing it and turned by its rate, in the background layer
0046a250	function	ice_rock_mesh	void * (void)	The ice field's triangle: its point at its place, its base a unit up, drawn with farast2 by the coordinates each rock gives it, lit, and blended by the rock's colours
0046a500	function	bombard_flashes_create	void (void)	Planet Bombard's ten flashes (Boom_Mesh, pbang), 25000 across one time in ten and 3000 to 18000 otherwise, which nothing draws
0046a300	function	bombard_hook	int (void)	The routine create_object gives Titan's last part at +0x170, which its object runs as it is drawn: returns 0, and while environment effect 2 is on, as mission 25 sets it, first moves the Planet Bombard flashes on (bombard_flashes_frame)
0046a4b0	function	bombard_flash_shade	void __thiscall (void *object, float grey)	Colours each vertex of a Planet Bombard flash's object its own grey, alpha 1
0046a6d0	function	bombard_flashes_free	void (void)	Frees the ten Planet Bombard flashes' objects, from environment_effects_free
0046a700	function	bombard_flash_start	void __fastcall (int flash)	Starts a Planet Bombard flash: hung from the root of Titan (bombard_planet) at its first part's radius, turned at random within 0.3 of a half turn about each axis of one of three spots
005524a8	data	bombard_flashes		The ten Planet Bombard flashes, 0xC bytes each: the mesh object, whether it shows, and the tick it started or starts next
005531a8	data	bombard_planet	int	The slot of the Titan create_object made last, which the Planet Bombard flashes stand on
00552520	data	bombard_flashes_framed_at	int	frame_start at the flashes' last frame, which nothing reads
0046a312	function	bombard_flashes_frame	void (void)	The body of bombard_hook, which jumps into it: each of the ten flashes idle past its time starts (bombard_flash_start), one shown 35 ticks goes idle up to 1000 ticks at random, and one showing takes its size from the pbang sheet's cells and a grey of 0.1, then 0.3 down to nothing; nothing draws them
0046a6f0	function	environment_effect_2	uint (void)	Whether effect 2 is on, which nothing calls; bombard_hook reads the bit itself
0051d1a4	data	wgate_records	void *[32]	The gates' records (wgate_create, 0x88 bytes each)
0051d224	data	wgate_mask	uint	A bit for each record in use
0051d198	data	wgate_segments	int	The tunnels' segments round, by the detail
0051d128	data	wgate_rings	int	The tunnels' rings along, by the detail
0051d130	data	wgate_segment_step	float	One over wgate_segments
0051d12c	data	wgate_ring_step	float	One over wgate_rings
0051d1a0	data	wgate_texture	void *	The tunnels' texture: warp128, or ddwarp128 without a hardware renderer
0051d13c	data	wgate_exiting	bool	Set while a ship goes out through a tunnel, which the next Fixed Gate Jump Out waits for
00422ca0	function	krasny_split	void __fastcall (int slot)	Splits the Krasny that a collapsing gate caught a third of the way through it: flash_ticks 100; ends its Fixed Gate Jump In as the update does but for its light sprites, posting FixedGateJumpedIn; unpowered and exploding, turning by (-4e-05, 2e-05, -0.0013) and drifting at (0.2, 0.14, 40) in its frame; of the root's children only bad front slice shows; no shield generator; every advanced gate's order state at step 2 from 0; bad front slice burns for 5000 ticks, flickering, with lights; at each of its kind 2 points three bits back along the ship at 0.3 bodies and a fireball of 1500, 10 ticks apart; the gate as its last attacker; object_hull_lost; clears krasny_caught
0051d134	data	krasny_in_time	bool	Set by wgates_init and wgates_free; cleared once a Krasny is a third of the way through a gate before a collapse catches it (Did not take out gate in time), after which no collapse can
0051d13d	data	krasny_caught	bool	Set by order_fixed_gate_collapse_init in missions 16 and 66 where a Krasny runs Fixed Gate Jump In and krasny_in_time is set; holds the collapse's second step; order_fixed_gate_jump_in splits the Krasny a third of the way through while it is set (krasny_split), which clears it
0051d13e	data	wgate_riding	bool	Set while the player's ship rides the worm: the scene leaves out the gates' tunnels (wgates_frame) and every object, which mission_frame's objects pass passes over (0x00492CD3), hud_missile_lock does nothing, and camera_set_view refuses every switch, forced or not
0051d19c	data	worm	void *	The worm the player's ship rides, made anew for each of its jumps out
0051d140	data	projection_beams	void *[6]	The six beams of the Boridin breakaway's warp projection (WProject Mesh), made anew by order_start_warp_projection_from_boridin_init
0051d160	data	projection_ends	void *[6]	Frames at the ends of the projection's beams, which order_start_warp_projection_from_boridin moves each update
0051d178	data	projection_emitters	void *[6]	The emitters at the ends of the projection's beams, streaming warp_large_particles
0051d190	data	projection_tunnel	void *	The projection's tunnel, an advanced gate's of size 240 (wgate_tunnel_build)
004e3f68	data	wgate_spread	int	Where the next ship comes out of Fixed Gate Jump In, turned 0.3 about the tunnel's axis a step, from -2 to 2; -2 at the start
004e3f50	data	wgate_segments_by_detail	int[3]	9, 12 and 16
004e3f5c	data	wgate_rings_by_detail	int[3]	6, 8 and 12
004e3f38	data	wgate_warp_size_table		Two entries of 12 bytes: an object type, how much deeper every vertex of a tunnel at an object of the type stands (+0x1C), and a warp's size there (+0x18): the Badanov 15000 and 10000, the Yamato 100000 and 50000
00552308	data	ice_rock_count	int	The ice field's rocks: 200, 500 or 800 by the detail
0054f108	data	ice_rocks	void *[800]	The ice field's rocks' mesh objects
0054fd88	data	ice_rock_offsets	Vec3[800]	From the camera to each of the ice field's rocks, 2500 long
00552524	data	ice_rock_spins	float[800]	How fast each of the ice field's rocks turns, in radians a tick
005524a0	data	ice_texture	void *	The ice field's texture, farast2
005524a4	data	ice_mesh	void *	The ice field's triangle (ice_rock_mesh)
004ff990	data	ice_rock_pictures	float[30]	The five pictures of rocks in farast2, three texture coordinates each
0055249c	data	environment_effects_on	uint	The environment effects on, a bit each
005531a4	data	environment_effects_asked	uint	The environment effects asked for, which environment_update turns on and off
004ff748	data	environment_effects_ready	uint	The effects environment_effect_set takes: 0 and 2
00588338	data	mission_terminated	int	How many times the script has ended the mission (TerminateMission): mission_run zeroes it and ends its loop once it is set, and a mission below 28 then ends as the player's ship's destruction does
00524fe0	data	simulator_yamato_limit	int	No code writes it by its address, and it is 0 in the file: in the simulator's training create_object makes a Reliant of a player's ship made as a Yamato while it is 18 or less (0x00466CDF on), which never happens, since the training flies a Grendel's twin
00524fe4	data	simulator_mode	int	The game's mode: 0 none, PREPARING FOR LAUNCH; 1 the Reliant's simulator's training, Calibrating Simulator; 2 Instant Action, Preparing for Instant Action
004ab2b0	function	loading_line_draw	void (void)	The loading screens' overlay (sr + 0x88): loading_line in hud_font_large (optfnt.fnt) through the last of text_ramps, centred across and its top 40 pixels above the screen's foot
004ab300	function	loading_players_draw	void (void)	mission_load's overlay: loading_line_draw's line, then in a network session each player's name down the left, 18 pixels apart, and READY (string 0x145) 0x165 across beside each one ready, or beside all where 0x005D5E7C is set
004ab470	function	loading_step	void (void)	Before each of renderer_load's loads after the first: the message pump, LOADING (string 0x32A) as loading_line, loading_line_draw as the overlay, and a frame rendered and flipped
004ab4b0	function	renderer_load	void (void)	The loading renderer_start ends with: VFX's palette made of the renderer's, LOADING as loading_line and interface\splash.tga behind a frame rendered alone, then the ships' stats, particles_init, backdrop_create, nebula_create, attachment_models_load, engine_glows_build, guns_init, missiles_init, shieldfx_init with shields_init, eject_init, ai_first_setup and the pilots' stats, a loading_step before each but the first
005d6200	data	loading_line	char[128]	The line the loading screens write under their picture (loading_line_draw)
005955a0	data	text_ramps	byte[16][16]	Sixteen remap tables of a font's coverage levels, which fonts_open builds: level c of table k to 255 less 63 k c / 225 of the renderer's palette under a hardware renderer, the greys at the top of palette.tga, and to 31 k c / 225 under the software one; level 0 clear (0xFF). The loading screens draw through the last
00595074	data	hud_font_large	void **	optfnt.fnt, opened by fonts_open: the loading screens' line
00430490	function	pilot_roster	int (void)	Front end screen 12 over interface\main2sin.tga with interface\frntend2.spr (interface_shapes): the pilot male or female (pilot_female), the call sign (call_sign) typed in pilot_roster_draw or picked from callsign_list, Enter or a click off the call sign ending its typing (the profile's name, profile_save, callsign_add); START GAME asks the difficulty (difficulty_dialog), then campaign_new and returns 1; LOAD GAME leads to screen 13, MAIN MENU and Escape to screen 0, and QUIT asks (interface_confirm) and ends the game (game_exit)
00430c60	function	pilot_roster_draw	void (void)	The pilot roster's render hook: the pilot chosen lit, the labels in blue, the call sign's frame (interface_box) and the call sign, white while it is typed a character a frame (text_entry_step) with its cursor, the buttons with the one under the pointer lit and its label white, the list of call signs where it is open, SET GAME DIFFICULTY or QUIT's dialog where either is up, and the pointer
00430300	function	difficulty_dialog	int (void)	SET GAME DIFFICULTY over the pilot roster (difficulty_dialog_open): sets difficulty to 1, then its arrows step it down and up, going round, until START (1), or BACK or Escape (0); a press acts once, until the button comes up
00430b80	function	callsign_add	void (void)	Puts call_sign in callsign_list unless it is there: in the first empty place, or, the list full, in the last, the rest moved up a place and the first let go; then callsigns_save
004aae00	function	callsigns_load	void (void)	Reads callsign_list from starlancer.ini's CallsignList section, name00 to name09, the first PLAYER (string 0xBF) where there is none, counting the places (callsign_count)
004aaee0	function	callsigns_save	void (void)	Writes callsign_list to starlancer.ini's CallsignList section as name00 to name09, then reads it back (callsigns_load)
004812b0	function	text_entry_set_up	void __fastcall (void *pane, int unused, char *buffer, int size, int length, void **font, byte *remap)	Sets up the line text_entry_step types into: its pane, its buffer and size, its length, and the font and remap it is measured and drawn with
004812f0	function	text_entry_step	char __fastcall (void **font, int max_width)	Takes the next typed character (typed_key_pop) into the line text_entry_set_up set up: a backspace takes the last character off; another goes on the end, and is taken back off where the line grows max_width wide in font, or with no font as long as its size less one. Returns the character
004aadb0	function	typed_key_pop	char (void)	The first character queued at typed_keys, taken off, or 0 for none
00435c60	function	interface_box	void __fastcall (int x, int y, int width, int height, float brightness)	Frames a box on the front end's screen: its top and left edges in 0x00A7FF, its right and bottom in 0x005785, each a pixel short of the corner the other starts from, and a second frame a pixel inside in 0x0086CD
004a8300	function	window_proc	int __stdcall (void *window, uint message, uint wparam, int lparam)	The game window's procedure: among the rest, queues WM_CHAR's characters at typed_keys, a hundred at most, refusing file_name_refused's while typed_file_name is set
004aaa30	function	game_exit	void (void)	Ends the game, as QUIT on the pilot roster answered YES does: shuts the texture cache, the input, the sound, the music and the rest down, and exits
0049cd20	function	campaign_pilots_reset	void (void)	Sets the campaign's pilots afresh as the pilot roster starts a new campaign: every fourth byte from 0x005047D2 to 2, and the player's wing's pilots at 0x0058A958 to -1, 0x55, 0x6C, 0x56, 0xAC and 7
005d5e8c	data	callsign_list	char[10][50]	The call signs of the last ten pilots, which starlancer.ini keeps (callsigns_load, callsigns_save) and the pilot roster lists
00595d98	data	callsign_count	short	How many of callsign_list's places callsigns_load read: always 10, an empty one counting too
00562dcc	data	call_sign	char[32]	The pilot's call sign, which the pilot roster types or picks and profile_load gives from the profile's name; the saved games are named by it
005d547c	data	typed_keys	char[100]	The characters typed into the game's window, which window_proc queues from WM_CHAR and typed_key_pop takes off
00595d70	data	typed_key_count	int	How many characters typed_keys holds
0050954c	data	file_name_refused	char[10]	The characters a file's name can't hold, which window_proc refuses while typed_file_name is set
005d6088	data	typed_file_name	short	Set while the text typed names a file, as the pilot roster's call sign names the saved games: window_proc refuses file_name_refused's characters
0052019c	data	roster_typing	int	Whether the pilot roster's call sign is typed
0052016c	data	roster_cursor_shown	int	Whether the call sign's cursor shows while it is typed, which turns on or off once 25 ticks have passed (roster_cursor_blink)
00520164	data	roster_cursor_blink	int	The timer's tick after which the call sign's cursor next turns on or off
005202b8	data	roster_list_open	short	Whether the pilot roster's list of call signs is open
00520130	data	roster_item	int	The pilot roster's item under the pointer, -1 for none: the male pilot, the female pilot, LOAD GAME, START GAME, MAIN MENU, the call sign, QUIT, the list's arrow
0051d534	data	difficulty_dialog_open	int	Set while SET GAME DIFFICULTY is up over the pilot roster (difficulty_dialog)
0051da54	data	roster_female	int	Whether the roster's pilot is female, which the pilot roster and the saved games set with pilot_female; nothing reads it
00562cf8	data	profile	byte[208]	The pilot's profile, profile.bin, 0xD0 bytes: the mission the campaign had moved on to, the call sign at 0x00562CFC (32 bytes), then the rank, the tier, the kills, the medals, the ribbons, and each mission's rating and kills from 0x00562D1C. campaign_new reads it or makes a new one; the pilot roster, vr_rooms, mission_start and the multiplayer screens copy call_sign into it before each profile_save; mission_end_record copies the campaign into it; WinMain puts the tallies back from it before a network game's campaign mission (0x004A99CC)
00500acc	data	profile_name	char[12]	profile.bin, the pilot's profile in the game's folder
004ab6a0	function	splash_to_menu_play	int (void)	As WinMain opens the front end, unless launched by a lobby: plays splash to mm.bik (play_bink_movie_no_clear), the splash turning into the main menu, then puts 0x005D54E8 in bink_copy_extra; returns 1
004ab6e0	function	play_bink_movie_no_clear	void __fastcall (char *name)	Plays a movie in a loop of its own at 15 frames a second (BinkSetFrameRate, BINKFRAMERATE), its sound through Miles, over what the screen shows: each pass the message pump, the keyboard and the pointer, then bink_frame once BinkWait lets it, until Escape, the pointer's right button, the movie's end (bink_ended) or the game quitting; nothing where the transitions are off (sr + 0x15F8)
004ab850	function	play_bink_movie	void __fastcall (char *name)	Plays a movie as play_bink_movie_no_clear does, at its own rate and full volume (BinkSetVolume 0x8000), on a screen bink_frame clears to black first (bink_clear); nothing where the transitions are off on a renderer that is not a hardware one. renderer_load plays the intro with it
004ab9d0	function	play_bink_movie_no_clear_resourced	void __fastcall (char *name)	Plays a movie as play_bink_movie_no_clear does, found in the disc's archive (cd_hog, hog_locate) and opened where it lies (BinkOpen with BINKFILEHANDLE), but at the movie's own rate: it sets 15 frames a second without BINKFRAMERATE. A chapter's end plays its movie and the news with it
004abb80	function	play_bink_movie_resourced	void __fastcall (char *name)	Plays a movie as play_bink_movie does, found in the disc's archive (cd_hog, hog_locate) and opened where it lies (BinkOpen with BINKFILEHANDLE). The hangar's movies and a chapter's zoom play with it
004abd40	function	hangar_movie_play	void (void)	Before each mission WinMain flies, unless a lobby launched the game: opens the mission's disc (cd_hog_open, 1 past mission 18, else 2) and plays the next of three hangar movies (hangar_movie_last) with play_bink_movie_resourced: y_h_ta.bik to y_h_tc.bik past mission 18, else r_h_ta.bik to r_h_tc.bik
004abde0	function	play_landing_movie	void (void)	As the pilot comes back from a mission WinMain flew: nothing after mission 25's second part or mission 27 with variable 36 clear, nor for mission_ending 6 and 7. Where the mission ends a chapter (chapter_of_mission) and is not rated -1, the chapter's end: the zoom, the chapter's movie with newsloop.fat's loop, and the news the game's variables call for. Otherwise the landing, r_h_land.bik or yamland_generic.bik from the disc at 15 frames a second, then the thread's movie from the game's folder, opened in memory (landing_thread_bink), under the first sound of the land bank; the thread and the bank by the rating
004ac620	function	ending_movies_play	void (void)	The story's end, once mission_end_record moves the pilot past mission 28: new_chapter6_thread1.bik (play_bink_movie_resourced), the news by variables 8, 7 and 13, each after acntran.bik, then acntran.bik and new_chapter6.bik (play_bink_movie_no_clear_resourced), then the credits (credits_play)
004ac780	function	credits_play	void (void)	The credits after the story's end: eight pages over credits.spr's pictures to music\new_sim07.wav, the developers' names in interface\smlfnt2.fnt (credits_draw as the render hook). Each page fades in by 0.03 a frame and stands until 750 ticks have passed, then fades out by 0.03 a frame over 150 ticks; Escape ends them. Then the music fades out by 15 and the credits wait for it to stop
004ac9a0	function	credits_draw	void (void)	The credits' render hook: wipes the pane, makes VFX's palette of the page's palette block at credits_brightness (palette_to_vfx), draws the page's picture, then the page's lines (credits_lines) in orange or white at that brightness, each at its x or centred at 320 where x is 0
0050a170	data	credits_line_counts	short[8]	How many lines each page of the credits has
0050a180	data	credits_lines	void *[8]	Each page of the credits' lines, 8 bytes each: the string, x (0 to centre the line at 320), y, and 1 for white or 0 for orange
005d6b34	data	credits_brightness	float	How bright the credits' page is drawn, its palette and its text alike, from 0 to 1
005d6c94	data	credits_page	int	The credits' page shown, 0 to 7
005d6c48	data	credits_shapes	void *	credits.spr as credits_play loads it
0043ca30	function	landing_movie_screen	int (void)	Screen 8 of interface_run: after a second's wait, play_landing_movie; returns 3. No code found selects it
00432fc0	function	multiplayer_connection_screen	int (void)	Screen 14 of interface_run, the multiplayer connection: interface\main2mul.tga behind it, interface\frntend3.spr, and tooltips of the game's strings (tooltips_init with 1)
0043ca50	function	multiplayer_sessions_screen	int (void)	Screens 10 and 11 of interface_run, the multiplayer sessions, by 0x0051D54C: interface\mulfade.tga behind them, interface\frntend3.spr, and tooltips of the game's strings (tooltips_init with 1)
0044b950	function	session_loadout_screen	int (void)	Screens 17 and 18 of interface_run, a multiplayer session's loadout, by 0x0051D54C, with the multiplayer scenarios (dm_scenarios) and tooltips of the game's strings (tooltips_init with 1)
00475a60	function	pickup_count	int (void)	Counts a pickup of the ejected pilot by a nanny ship (0x00562ED4): 1 once there have been more than two, which WinMain follows with a transfer's movie; else 0, the count kept for the mission (0x00562E9A)
004ac510	function	bink_frame	void __fastcall (void *bink)	A movie's frame due: decoded (BinkDoFrame), copied into the middle of the screen (BinkCopyToBuffer), the screen wiped black first where bink_clear is set; then the next frame next (BinkNextFrame), or the movie marked ended at its last (bink_ended)
005d6c40	data	bink_movie	void *	The movie a player plays, play_landing_movie's landing too (HBINK)
005d6084	data	bink_playing	void *	The movie playing, which the message pump pauses while the window is away (BinkPause); the briefing's too
005d6c90	data	bink_ended	int	Set by bink_frame as a movie's last frame shows, which ends its loop
005d6c38	data	bink_clear	int	Set by play_bink_movie, play_bink_movie_resourced and play_landing_movie for bink_frame to wipe the screen black before the first frame
005d60c0	data	bink_looping	int	Set while a movie's loop runs: the players' (play_bink_movie and the rest) and play_landing_movie's
005d60bc	data	game_quitting	int	Set as the game is to quit, which ends a movie's loop and then the game (game_exit)
005d62bc	data	bink_copy_flags	int	The surface type the movies are copied in (BinkCopyToBuffer): 3 for a screen whose green is 0x3E0, 4 otherwise
00595d68	data	bink_copy_extra	int	Flags added to bink_copy_flags as a frame is copied (BinkCopyToBuffer), which the front end's screens set
005d5e80	data	transitions	int	Whether the movies between the front end's screens play: [Device] Transitions, 1 unless set (0x004A9081), which the front end's video options write
005d6ca4	data	intro_played	short	Counts the renderer's starts that played the intro: renderer_load plays it while this is 0
005d6c8c	data	hangar_movie_last	int	The hangar's movie played last, 0 to 2, which hangar_movie_play steps on before each; WinMain sets it to 0 as it opens the front end (0x004A9587)
005d61f4	data	landing_thread_bink	void *	The thread's movie play_landing_movie plays after the landing, opened in memory (BinkOpen with BINKFROMMEMORY) (HBINK)
00595c64	data	lobby_launch	int	Set where a lobby launched the game: WinMain then plays neither the intro, the splash's movie, the hangar's nor the landing
00509c00	data	chapter_of_mission	char[32]	The chapter each of missions 1 to 32 ends, 0 for none: missions 7, 11, 19, 21 and 25 end chapters 1 to 5; play_landing_movie indexes it by mission number from 0x00509BFF
00509be8	data	chapter_movies	char *[6]	Each chapter's movie for play_landing_movie: dummy.bik, then new_chapter1.bik to new_chapter5.bik
005009bb	data	medal_of_mission	char[28]	The medal each mission awards, by mission number, 0 for none (mission_end_record): missions 6, 11, 16, 21, 23 and 27 award medals 1 to 6 where the mission is rated a success with its bonus
00500a08	data	medal_movies	char *[6]	Each medal's ceremony, medals 1 to 6 (mission_end_record indexes it from 0x00500A04): new_silver.bik, new_black eagle.bik, new_valour.bik, new_legion.bik, new_navy_cross.bik and new_medal_of_honour.bik
00439fb0	function	vr_rooms	char __fastcall (VrView *view)	The Reliant's rooms, the Yamato's after mission 18, from view: each view's way in and loop from the disc's archive (vr_movie), the hotspots that lead on and each view's action; Escape opens in_game_options. Through the briefing room's door it runs the briefing (interface_run 7) and returns 1 to fly the mission; 0 for the main menu
0043c1c0	function	vr_draw	void (void)	The rooms' render hook: the movie's frame due, looping or arriving at its last; the crew; the label of the exit under the pointer, the news report's or the fish food's; the food falling; the pointer
0043ba40	function	news_report	void (void)	The news report on the rooms' television: the scene of the next mission's number (%s.box, from a table on the stack) spoken over rel_tv_in_loop.bik, or b_tv_news_.bik on the Yamato, mission 1's in three parts; ends on Escape, either button or the speech's end
00438d50	function	reliant_induction	int (void)	A new pilot's induction before mission 1's rooms: Enriquez's scenes (enr_intro.box to enr_outro.box) at the television, the locker, the simulator pod, the CD player, the ITAC and the television again, each over its movie, the ways between them played over the screen; Space or the speech's end moves on, Escape or the right button ends it. Returns the count of ways taken
00439330	function	induction_draw	void (void)	reliant_induction's render hook: its movie's frame due, back to the second at its last
004394d0	function	in_game_options	int (void)	The in-game options over the rooms, interface\ingameop.tga with interface\frntend7.spr: SAVE, LOAD, AUDIO, CONTROL DEVICES, VIDEO, BACK, MAIN MENU, QUIT and ABOUT STARLANCER. Returns 0 for BACK or Escape, 1 once a game is loaded, -1 for the main menu
004398b0	function	in_game_options_draw	void (void)	in_game_options' render hook: the buttons and their labels, the item under the pointer lit, the panels' labels, ABOUT STARLANCER's box, the dialogs and the pointer
0042a520	function	about_box	void (void)	ABOUT STARLANCER: reads interface\frntend2.spr and shows its box over in_game_options (about_open) until Escape or a click on OK, once the button comes up
00437df0	function	vr_crew_pick	void (void)	Picks the crew the rooms show on the way to the briefing room's door by how mission_number less 1 went: its medal by medal_of_mission, or a promotion, picks the first table; a mission_success of 0, or a pickup, the second; else the third. One of the carrier's table at random (rand), its sprite set (%s.spr) and line (%s.mp3) from the disc's archive; on the Yamato a second from yamato_second_crew, which yamato_crew_next goes round
00437dd0	function	vr_timer	void __stdcall (uint id, uint message, uint user, uint unused1, uint unused2)	The rooms' timer, 15 times a second (timer_start): counts vr_timer_ticks up
00461d80	function	speech_play	int __fastcall (SpeechHeader *file, uint flags, int rate, int volume)	speech_start on the first stream free, or -1 for none: the news report's and the induction's scenes, and the briefing's words
0043efc0	function	itac	void (void)	The ITAC, which Use ITAC opens in the rooms (itac.cpp): its screens from inter\itac\, its fonts, sounds and movies
0044f3d0	function	simulator_pod	void (void)	The simulator pod, which Enter Simulator Pod opens in the rooms, in a loop of its own: FLIGHT SIMULATOR leads to the training missions' screen through training.bik, to Instant Action, mission 29, or out; the training missions' screen to missions 31, 30 and 32, Instant Action or out. It flies a mission itself, in a Grendel, its kills and mission_number put back after it, then shows its screen again, FLIGHT SIMULATOR after Instant Action. The Yamato's pod opens and closes with hud_controls_up_.bik and hud_controls_down.bik
0044f840	function	simulator_pod_draw	void (void)	The simulator pod's render hook (sr + 0x88): with the pointer over a choice, its lit shape from simgfx.spr and its name centred at (320, 440) in white in optfnt.fnt; the screen's title at (42, 85) in itacbig.fnt, FLIGHT SIMULATOR in 0xC18415 or Training Missions in 0x00E200; and the pointer, shape pointer_clock / 4 + 1 of vr_frontend_shapes
004362f0	function	medal_display	void (void)	The locker, MedalDisplay by its assertions, which Open Locker opens in the rooms, in a loop of its own: on the Yamato lockzomi.bik first, then the lid going up (rel_locklup.bik, locklidup.bik), the medals and ribbons the pilot has coming into view frame by frame from (r)medal%d.spr and (r)bar%d.spr; once up, a button or Escape sends it down (rel_lockldo.bik, lokliddo.bik), and Escape or its end closes it. Three of the four lid movies open into bink_movie rather than vr_movie, which the drawing and the waits read
00437fc0	function	cd_player	void (void)	The CD player, which Use CD player opens in the rooms, in a loop of its own over rel_bunk2cd.tga, or brd2cd.tga after mission 18: twelve pieces of music\%s.wav for each carrier, a row clicked to choose one and again to play it, and the buttons of cdplay.spr to play, pause, stop, step, repeat, play at random, turn the volume and leave. A piece that ends is followed by the next while it plays. PLAY SELECTED TRACK alone takes the Yamato's list after mission 18; the rest take the Reliant's
0042dab0	function	audio_screen	int (void)	Screen 3, the audio settings, which GAME OPTIONS and the in-game options' AUDIO open
0042e2e0	function	audio_screen_draw	void (void)	Screen 3's render hook: the sliders' labels, tracks and knobs (audio_knobs), 3D SOUND with its arrows, the one under the pointer lit (in_game_options_item), the provider's name, the buttons, the dialogs and the pointer
0042e2b0	function	sound_3d_reopen	bool __fastcall (char fallback)	Closes the 3D provider and opens sound_3d_provider's instead; where it won't open, opens provider 0 if fallback is set. Whether it opened
005d5630	data	sound_3d_provider	int	The 3D provider the audio screen chose, [Sound] 3DProvider: 0 Miles's own, 1 Aureal A3D, 2 Creative Labs EAX, 3 RSX
004e76a0	data	audio_items	short[24]	Screen 3's six items, a corner and a size each: RESET TO DEFAULT, OK, MAIN MENU, 3D SOUND's arrows back and on, CANCEL CHANGES
004e76d0	data	audio_knobs	short[16]	Screen 3's knobs, a corner and a size each, which move with their volumes: the effects', the music's, the speech's and the master's
00520188	data	audio_knob_held	int[4]	Which of screen 3's knobs the pointer holds, by audio_knobs' order
0051d550	data	audio_knob_held_last	int[4]	audio_knob_held as it was last pass, whose effects' letting go tries the volume
005202b0	data	options_held	int	Set while the press that chose one of screen 3's items is down, and while screen 15's brightness knob is held
0042b690	function	controls_screen	int (void)	Screen 16, the control devices, which GAME OPTIONS and the in-game options' CONTROL DEVICES open
0042cd30	function	controls_screen_draw	void (void)	Screen 16's render hook: the panes, the labels, dimmed where they can't be used, the 12 rows of controls_list from controls_first, the buttons, the one under the pointer lit, the check boxes, the arrows, the ticks, the dialogs and the pointer
0042b660	function	controls_scroll_down	void (void)	Screen 16's list a row down, while its last row is not shown
0042b680	function	controls_scroll_up	void (void)	Screen 16's list a row up, while its first row is not shown
00520234	data	controls_first	int	The row of controls_list that screen 16's list shows first
0051d528	data	controls_waiting	int	The action whose row on screen 16 waits for a key or a joystick button, -1 for none
0051da04	data	controls_arrow	int	Screen 16's list arrow under the pointer, lit: 0 up, 1 down, -1 none
0051db44	data	interface_button_lit	int	The button under the pointer that screen 16 and a multiplayer screen (0x0043CA50) light, by its place in the screen's table; -1 for none
0042a620	function	game_options	int (void)	Screen 1, GAME OPTIONS: AUDIO, CONTROL DEVICES and VIDEO by their icons, MAIN MENU, QUIT and ABOUT STARLANCER, over interface\main2opt.tga
0042afb0	function	game_options_draw	void (void)	GAME OPTIONS' render hook: the buttons, the item under the pointer lit (roster_item), the title and the labels, ABOUT STARLANCER's box, the dialogs and the pointer
004e6958	data	key_names_english	byte[3204]	key_config_defaults' copy of key_names, by the executable's English names, which default.txt names the keys by
004bcf70	function	key_names_rename	void (void)	Renames every binding and every entry of key_names by the names the keyboard's layout gives them (key_name_get), and each of typing_characters but the space by what its key types; WinMain calls it as it starts
004bcff0	function	key_name_get	bool __fastcall (int code, char *name, int size)	The name the keyboard's layout gives the key of DirectInput scan code code, by GetKeyNameTextA, its extended flag set past 0x80, in size bytes; Unknown and false where Windows has none
00501418	data	typing_scan_codes	byte[39]	The scan codes of typing_characters' keys: A to Z, the space bar, the period, the comma and 1 to 0
00501440	data	typing_characters	char[40]	abcdefghijklmnopqrstuvwxyz .,1234567890, which key_names_rename lowers to what each key types in the layout, the space aside; nothing else reads it
0042e9b0	function	video_screen	int (void)	Screen 15, the video settings, which GAME OPTIONS and the in-game options' VIDEO open
00431730	function	saved_games	int (void)	Screen 13, the saved games, which LOAD GAME and the in-game options' SAVE and LOAD open: to save to while 0x0051D5F4 is set, else to load from
0051d478	data	vr_view	VrView *	The view the player is in, or on the way into
0051d9e4	data	vr_phase	int	Where the view's movies stand: 1 settled, its loop or the way in's last frame, with the hotspots live; 2 on the way in
00520298	data	vr_arrived	int	Set as the way in ends: the view's action or its loop next
0051d7e8	data	vr_movie	void *	The movie the rooms, the news report and the induction play (HBINK)
0051d9d8	data	vr_first_frame	void *	The pictures of the movie's first frame, put back as a loop goes round to its second
0051d7c4	data	vr_screen	void *	The rooms' frame, 640 by 480 at 16 bits, which the movie is copied to (BinkCopyToBuffer)
0051dab4	data	vr_copy_flags	int	The surface type the rooms' movie is copied in: 3 for a screen whose green is 0x3E0, 4 otherwise
0051db34	data	vr_pointer_x	int	The rooms' pointer across, 320 as they open
0051dacc	data	vr_pointer_y	int	The rooms' pointer down, 200 as they open
0051d618	data	vr_pointer_shape	int	The rooms' pointer's shape: 0 the left arrow, 11 the pointer, 21 the right arrow, those between as it turns
0051d7e4	data	vr_pointer_toward	int	The shape the rooms' pointer's place calls for, which vr_pointer_shape turns two toward on each tick
00520244	data	vr_pointer_frame	int	The rooms' pointer's animation, 0 to 8
00520184	data	vr_exit_under	int	The exit under the rooms' pointer, by its place in the view's exits, or -1
00520264	data	vr_skipping	int	Set for the frame the pointer shows the skip's shape, before the way in jumps to its last frame
0051d48c	data	vr_timer_ticks	int	vr_timer's count, 15 a second
005d6c3c	data	vr_timer_seen	int	vr_timer_ticks as the rooms' loop last took it up
0051d560	data	vr_hum_bank	void *	vrsnd.fat from the disc: the ship's hum, 4 on the Reliant and 5 on the Yamato, and the views' sounds
0051d9fc	data	vr_steps_bank	void *	wlksmp.fat from the disc: the steps and doors around the rooms' places
0051d548	data	vr_pointer_shapes	void *	interface\vrgfx.spr: the rooms' pointer
0051d4e0	data	vr_frontend_shapes	void *	interface\frontend.spr, whose palette the rooms set
0051dac0	data	fish_movie	int	Which of the fish tank's fourteen movies plays
0051d4bc	data	fish_over_food	int	Set while the pointer rests on the fish tank's food
0051d600	data	fish_food_ticks	int	The ticks the fish's food has fallen for, -1 while none falls
0051d9cc	data	fish_shapes	void *	fish.spr from the disc: the fish's food falling and the tank's front
004e8138	data	fish_movies	char *[14]	The fish tank's movies, in the order they play: move_a_ and the rest, each %s.bik
0051d454	data	news_playing	short	Set while the news report plays in the rooms
005202a4	data	in_game_options_open	int	Set while in_game_options is up
0051d4e4	data	in_game_options_item	int	in_game_options' item under the pointer, or -1
00520278	data	in_game_options_shapes	void *	interface\frntend7.spr while in_game_options is up
0051db4c	data	about_open	int	Set while ABOUT STARLANCER's box is up
0051d540	data	about_shapes	void *	interface\frntend2.spr while ABOUT STARLANCER's box is up
0051da98	data	crew_shapes	void *	The sprite set of the crew member the rooms show on the way to the briefing room's door (vr_crew_pick)
0051daa8	data	crew_line	void *	The crew member's line of speech, an MP3 file from the disc
0051daa4	data	crew_showing	short	Set while the crew member shows over the way in
0051d498	data	yamato_crew_shapes	void *	The Yamato's second crew member's sprite set
0051d4a4	data	yamato_crew_showing	short	Set while the Yamato's second crew member shows
005202f4	data	yamato_crew_next	int	The Yamato's second crew member next, 0 to 2, which vr_crew_pick goes round
00506ad0	data	vr_reliant_start	VrView	The view the Reliant's rooms start in, the first of the Reliant's views
0050b2b8	data	vr_yamato_start	VrView	The view the Yamato's rooms start in
00506cb0	data	vr_reliant_pod_from_itac	VrView	The simulator pod, turned to from the ITAC, which WinMain opens the rooms in after most of a new pilot's inductions
00506bf0	data	vr_reliant_pod_from_cd_player	VrView	The simulator pod, turned to from the CD player, which WinMain opens the rooms in after an induction that ended at the CD player
0050967c	data	new_intro_name	char[14]	new_intro.bik, the new pilot's intro WinMain plays before mission 1's induction
00437010	function	interface_briefing	int (void)	Screen 7, the briefing (InterfaceBriefing, its asserts' name), which vr_rooms runs through the briefing room's door, and WinMain after mission 28 for mission 29, the campaign's end: the door (inter\rbriefdor.tga, inter\briefdoor.tga on the Yamato) with AWAITING CLEARANCE as it loads, the way in (rel_c2bre.bik; amonoff_.bik and briefing room 350.bik) with vrsfx.fat's door and the room's chatter, Enriquez at the room's screen, which plays the mission's movie (new_m01.bik to new_m28.bik) until Escape, the right button or its end, the loadout between the hologram's movies, and her last word (ms_speech\enrbr_tag%02d.ut); for mission 29 enddebriefing.ut in place of the movie, until it ends, and no loadout or last word. Returns -1, or 1 where the loadout's in-game options lead to the main menu or back to the rooms (briefing_outcome)
00437d30	function	briefing_door_draw	void (void)	interface_briefing's render hook as it loads: AWAITING CLEARANCE (strings 0x292 and 0x293, %s %s) centred at (320, 440) in white in hud_font_large, over the door, the background
0043e730	function	briefing_draw	void (void)	The front end's render hook, which interface_run sets before each screen: while briefing_state is 1 or 2, the briefing room (briefing_room), Enriquez's frame, shape briefing_frame + 2 + briefing_segment_start, and her next frame once game_ticks passes briefing_next_frame, 6.666 ticks on, round the segments of the carrier's tables in the briefing and up to 60 in the last word; in the briefing, the mission's movie's frame due on the room's screen and the screen's frame over it, the movie over at its last (briefing_movie_playing)
0043eaf0	function	background_set_tga	void __fastcall (char *name)	Calls sr + 0x78, as the front end's loops do after sr_render, then shows %s.tga of name behind the frames (background_set)
0043eab0	function	interface_background_set	void __fastcall (char *name)	Calls sr + 0x78, as the front end's loops do after sr_render, then shows interface\%s.tga of name behind the frames (background_set)
004ab290	function	fpu_precision_restore	void (void)	Sets the x87 control word to 53-bit precision, rounding to the nearest and affine infinity (_control87(0x50000, 0x70300)), which Direct3D leaves at 24 bits
004adc20	function	screenshot_save	void (void)	Saves the screen (sr + 0x7C) as screenshot%04d.tga, numbered by screenshot_count: the O key's in the briefing and the loadout, the 0 key's in flight and in the locker
005d6ca8	data	screenshot_count	int	The number of the next screenshot screenshot_save saves
00520280	data	briefing_state	int	What briefing_draw draws: 0 nothing, 1 the briefing, 2 Enriquez's last word
0051da94	data	briefing_frame	int	Enriquez's frame in the segment of her animation the briefing plays, or in her last word
0051d488	data	briefing_segment	int	The segment of Enriquez's animation the briefing plays, 0 to 11
0051d4d4	data	briefing_segment_start	int	The first shape of briefing_segment past Enriquez's first, shape 2
0051d4d8	data	briefing_next_frame	int	The game_ticks past which Enriquez's next frame is due
0052027c	data	briefing_movie_playing	int	Set while the mission's movie plays on the briefing room's screen
0051d4b4	data	briefing_outcome	int	How interface_briefing ends, which vr_rooms and WinMain read: 0 the mission flown, 1 back to the rooms where the loadout's in-game options loaded a saved game, 2 the main menu
0051db48	data	briefing_from_loadout	byte	Set by the developers' Enter with Control in the main menu, which leads to interface_briefing: the way in and the briefing left out, from the loadout on
00520254	data	briefing_shapes	void *	rbrief.spr or brief.spr, then rbrief2.spr or brief2.spr for the last word, from resource.hog: the briefing room, shape 0, the palette, block 1, Enriquez's frames from shape 2, and the screen's frame
0052024c	data	briefing_room	void *	The pane briefing_draw copies the briefing room from, shape 0 of briefing_shapes (VFX pane)
005202b4	data	briefing_room_window	int *	briefing_room's window, the screen's size (VFX window)
0051d608	data	briefing_movie_window	int *	The window the mission's movie is copied into, the movie's size at 16 bits (VFX window)
0051d450	data	briefing_movie_pane	void *	The pane of briefing_movie_window, which briefing_draw copies onto the room's screen (VFX pane)
0051da14	data	briefing_tag_said	int	Set once Enriquez's last word has been said
0051d9f0	data	briefing_speech	SpeechHeader *	Enriquez's words in interface_briefing, from speech_hog: her last word, or enddebriefing.ut at the campaign's end
004e5c58	data	briefing_reliant_segment_lasts	short[12]	The last frame of each segment of Enriquez's animation in the Reliant's briefing room
004e5c40	data	briefing_reliant_segment_starts	short[12]	The first shape past shape 2 of each segment of Enriquez's animation in the Reliant's briefing room
004e5c28	data	briefing_yamato_segment_lasts	short[12]	The last frame of each segment of Enriquez's animation in the Yamato's briefing room
004e5c10	data	briefing_yamato_segment_starts	short[12]	The first shape past shape 2 of each segment of Enriquez's animation in the Yamato's briefing room
0050a940	data	screenshot_name_format	char[19]	The name screenshot_save gives a screenshot, by screenshot_count: screenshot%04d.tga
004ca620	function	tga_write	int __fastcall (char *name, byte *pixels, byte *palette, int width, int height, int bytes_per_pixel, int rle)	Writes a picture as a Targa file: colour-mapped with a palette of 256 RGB triples, grey without one at a byte a pixel, true colour otherwise, run-length encoded with rle, from the top row down. -1 where the file cannot be made
004447c0	function	gunships_create	void (void)	Makes the twelve ships' gunships' objects of their gun models (gunship_object_create), for the internal guns view
004447f0	function	missiles_create	void (void)	Makes the ten missiles' icons' objects (missile_icon_create) of their models, loaded with their red textures
00444bb0	function	marker_create	void * (void)	A hardpoint's marker: a square 0.7 by 1.12 of hpoints over its whole texture, its faces sorted 10 nearer, blended onto what lies behind, its scene object coloured white by its own colours; an I3DOBJECT named Panel on the overlay, clickable, its tooltip Hardpoint, added to the interface
00445490	function	guns_draw	void __fastcall (void *texture, int ship, int face)	The info panel's texture with the list of the chosen ship's guns, for the internal guns view
004456f0	function	missile_info_draw	void __fastcall (void *texture, int missile, int face)	The info panel's texture finfo or binfo with a missile: its name and description in capitals, CLICK MISSILE and TO ATTACH TO SHIP centred, and its four rows, a dash for a figure of -1 and every row of the fuel pod
00445cc0	function	gunship_object_create	void __thiscall (int ship, float x, float y, float z)	A ship's gunship's GameObject of its gun model, its parts added and linked, placed
00445d80	function	missile_flight_create	void * __fastcall (int missile)	A missile flying to or from the chosen ship: a GameObject of its model with meshes of its own (node_tree_meshes_copy), unlit and added, at 0.007; an I3DOBJECT of it, shown, not clickable, its user data the missile, added to the interface
00445ef0	function	missile_icon_create	void __thiscall (int missile, float x, float y, float z)	A missile's icon's GameObject of its model, its parts added and linked, placed, lit and opaque, at 0.007
004460e0	function	gunship_light_masks	void __fastcall (void *node)	Each part of a gunship's tree lit by the green light, or by the bright green one where its first texture is of the second kind
00446610	function	sink_ship_share	void __fastcall (void *anim)	Sink Ship at its share: sinking, the next ship sinks, and as the last to sink passes it the missiles begin to rise from the last; rising, the next ship rises
00446950	function	missiles_risen	void (void)	The first missile risen: on the missile page its objects shown and the interface free (missile_page_show), then the function stack run; back on the ship page, the missiles put away
004469a0	function	ship_page_rebuild	void (void)	The last ship risen back onto the arc: the ship page's still part grabbed as the background again, the ships clickable with their rectangles made again, the rest shown, and the function stack run
00446b90	function	missile_page_show	void (void)	The ships put away but the chosen one, the panels, buttons, markers of empty racks, scrollers and cursor shown, and the interface free
00446e90	function	belly_up_back	void (void)	The markers put away, the scene made, and Ship to Belly Up played back from its start
004472b0	function	missile_icon_press	void __stdcall (int button, int x, int y, int index)	A missile's icon pressed: a copy of it flies to the next empty hardpoint (anim_attach_missile, missile_flight_create), with sound 4; the missile page shown and the missiles offered again
004479a0	function	ships_sink_next	void __fastcall (void *after)	The ship on the arc after the one whose Sink Ship is after, or the first, the chosen passed over, sinking
00447a10	function	ships_rise_next	void __fastcall (void *after)	The ship on the arc after the one whose Sink Ship is after, or the first, the chosen passed over, rising
00447a80	function	missiles_sink_next	void __fastcall (void *after)	The missile after the one whose Sink Missile is after, or the first, sinking
00447ae0	function	missiles_rise_next	void __fastcall (void *after)	The missile before the one whose Sink Missile is after, or the last, rising
00447b40	function	markers_zoom_next	void __fastcall (void *after)	The marker after the one whose Zoom Hardpoint is after, or the first, zooming in
00447ba0	function	markers_unzoom_next	void __fastcall (void *after)	The marker after the one whose Zoom Hardpoint is after, or the first, zooming away
00447cc0	function	missile_hover	void (void)	The pointer onto a missile's icon or one hung on the ship: the info panel's front drawn with what it showed, its back with the missile, and the panel turned to show its back
004486a0	function	anim_sink_ship	void * __fastcall (int ship)	Sink Ship: a ship on the arc sinking 2 below its slot over 800 ms, easing in; at 0.07 of its way sink_ship_share, at its end sink_ship_end
004487f0	function	anim_sink_missile	void * __fastcall (int missile)	Sink Missile: a missile's icon sinking 2 below its slot of the tier's over 800 ms, easing in; at 0.07 of its way sink_missile_share, at its end sink_missile_end
00448950	function	anim_belly_up	void * __fastcall (int ship)	Ship to Belly Up: the chosen ship turning over 1000 ms, eased by the cosine, from its spin's angles to (-pi/2, pi, 0); its end belly_up_end
00448b10	function	anim_attach_missile	void * __fastcall (int *data)	Attach Missile: a missile flying over 1000 ms from its icon to a hardpoint of the chosen ship, its place and angles eased by the cosine: the hardpoint data names, or the empty rack's after as many empty ones as fly; null where there is none. Counts it as flying (loadout_attaching)
00448ff0	function	anim_rotate_scroll	void * __fastcall (void *object)	Rotate Scroll Button: a scroller turning from half a turn about Y to none over 1000 ms, evenly, for the view nothing opens
00449310	function	node_tree_colour	void __thiscall (void *node, float alpha, float red, float green, float blue)	Every part of a node tree given the colour, as the gunships are given a faint green
00449590	function	missiles_place	void (void)	Each missile the tier offers put on its slot of the arc as the disc stands, facing away from its axis, across and down scaled by the disc's size while it spins
00449940	function	loadout_directories	void (void)	The folders the loadout's models are read from under the current one: the ships', inter\missiles and inter\gunships
00449ad0	function	racks_fit_tier	void (void)	The red light fading in, the racks cleared, and each missile hardpoint's missile for the campaign's tier, its word read whole, hung at once on the next rack (rack_fit)
00449bb0	function	racks_fit_saved	void (void)	The red light fading in, the racks cleared, and each missile hardpoint in turn taking the campaign's saved rack of its turn, where it holds a missile, hung at once
00449ca0	function	racks_default	void (void)	Use Default Loadout: the interface busy, the racks cleared, and each missile hardpoint's missile for tier 0 flown to it as its icon's press flies it
0044a110	function	guns_view_toggle	void (void)	View Internal Guns: the gunship shown where the ship stands and the clip plane swept across, or back
0044a750	function	markers_make	void (void)	The chosen ship turned belly up: its fitted count cleared, and a marker made for each missile hardpoint in place of the last, 0.05 along its Y axis and 0.3 nearer the camera, facing the camera, at 0.001, shown where its rack is empty, with its Zoom Hardpoint
0044aac0	function	rack_fit	void __fastcall (int ship, int missile, char instant)	A missile hung on the chosen ship's first empty rack, of the markers' count or of 20 where instant, which makes the count 20: its GameObject (missile_object_create) a child of the part's node at the hardpoint, lit by the red light; its Ship Missile clickable with the missile's name; unless instant, its marker put away
0044ae40	function	rack_empty	void __fastcall (int *data)	A rack emptied: its missile's GameObject freed, its Ship Missile standing for nothing, the node's child cleared, its marker shown and clickable, one fewer fitted
0044aee0	function	racks_clear	void (void)	The chosen ship's racks, as many as the markers count, emptied and their missiles' nodes destroyed; every Ship Missile not clickable
0044afa0	function	missile_object_create	void * __fastcall (int unused, int missile)	A missile hung on the ship: a GameObject of its model, its parts placed and linked, turned half a turn about Y, lit and opaque, at 0.8 of the chosen ship's scale
0044b3b0	function	node_tree_meshes_copy	void __fastcall (void *node)	Every part of a node tree given a copy of its mesh or levels of its own, flagged to free them
004465f0	function	marker_zoom_share	void __fastcall (void *anim)	Zoom Hardpoint at a fifth of its way: the next marker zooms the same way
00446660	function	sink_missile_share	void __fastcall (void *anim)	Sink Missile at its share: sinking, the next missile sinks; rising, the one before it rises
00446c70	function	belly_up_end	void __fastcall (void *anim)	Ship to Belly Up's end: turned over, the markers made and the first zooming in; turned back, loadout_turned_back set
00446c90	function	attach_missile_end	void __fastcall (void *anim)	Attach Missile's end: the copy lit and one fewer flying; at the hardpoint, the missile hung (rack_fit) and the interface free; back at its icon, the missiles offered again; the copy freed
00446fb0	function	sink_missile_end	void __fastcall (void *anim)	Sink Missile's end: sunk, every ship shown and the first rising; the first risen, missiles_risen
00447010	function	sink_ship_end	void __fastcall (void *anim)	Sink Ship's end: the last ship sunk, every ship put away but the chosen; the last to rise risen, ship_page_rebuild
00447090	function	marker_zoom_end	void __fastcall (void *anim)	Zoom Hardpoint's end: the last marker gone, belly_up_back
004473b0	function	ship_missile_press	void __stdcall (int button, int x, int y, int index)	A Ship Missile pressed, but on the ship page: a copy of its missile flies back from its hardpoint to its icon, the rack emptied (rack_empty), with sound 5; frees the missile's data the copy keeps
00447d80	function	missile_icon_enter	void __stdcall (int button, int x, int y, int index)	The pointer onto a missile's icon: missile_hover
00447db0	function	ship_missile_enter	void __stdcall (int button, int x, int y, int index)	The pointer onto a Ship Missile, on the missile page: missile_hover
00449aa0	function	stack_guns_view	void (void)	A function-stack entry: guns_view_toggle
00523968	data	loadout_missile_shown	int	The missile the info panel shows, -1 while it shows the chosen ship; the racks' fitting leaves the last missile it hung in it
00523e88	data	loadout_missile_pressed	int	The missile whose icon was pressed last
00524750	data	loadout_attaching	int	How many Attach Missiles have been made and have not ended; the next attach passes as many empty hardpoints
00524560	data	loadout_marker_count	int	How many missile hardpoints the chosen ship has, as markers_make counts them; rack_fit makes it 20 for an instant fit
005246d4	data	loadout_markers	void *[20]	The hardpoints' markers' I3DOBJECTs
00524594	data	loadout_marker_zooms	void *[12]	The markers' Zoom Hardpoints
00524228	data	loadout_ship_missiles	void *[12]	The Ship Missile I3DOBJECTs, one for each rack of the chosen ship's, standing for the missile hung on it
00523a04	data	loadout_flights	void *[20]	The missiles flying to the chosen ship or back to their icons
00523cfc	data	loadout_missile_icons	void *[12]	The missiles' icons' I3DOBJECTs
005239cc	data	loadout_missile_sinks	void *[12]	The missiles' Sink Missiles
00524564	data	loadout_ship_sinks	void *[12]	The ships' Sink Ships
00523e80	data	loadout_belly_up	void *	Ship to Belly Up, made again each time the missile page is turned to
005245e4	data	loadout_hpoints	void *	The hardpoints' markers' texture, hpoints
00523728	data	loadout_gmissiles	void *	The gmissiles texture, which node_tree_gmissiles gives the ships' Missiles surfaces
00523ae4	data	loadout_missiles_kept	void *	The first Missiles texture node_tree_gmissiles took off, which node_tree_gmissiles_undo gives back
00524450	data	loadout_missile_files	void *[12]	The missiles' model files, loaded with their red textures
00524614	data	loadout_flight_count	int	How many missiles fly
00524724	data	loadout_object_count	int	How many GameObjects the loadout has made
0052448c	data	loadout_objects	void *[50]	The loadout's GameObjects: the ships, the missiles' icons, the gunships, then the missiles flying
00524610	data	loadout_guns_open	byte	Set while the internal guns view is open
00524974	data	loadout_scroll_open	byte	The flag of a view nothing opens, which nothing sets
00523e74	data	loadout_missile_count	int	How many missiles' icons the loadout makes, 10
00523aa4	data	loadout_gunship_count	int	How many gunships the loadout makes
0052372c	data	loadout_gunship_files	void *[12]	The ships' gun models
00523a64	data	loadout_gunships	void *[12]	The gunships' I3DOBJECTs
00448df0	function	anim_move_clip_point	void * (void)	Move Clip Point: the ship clipper sweeping over 1500 ms between two keys guns_view_toggle places, its place eased by the cosine and its size rising from a thousandth to whole half way and falling back; clip_sweep_step each step and clip_sweep_end at its end
004490e0	function	clip_sweep_step	void __fastcall (void *anim)	Move Clip Point's step: the ship clipper, the chosen ship's gunship and the ship shown; gun portal1 and gun portal2 moved to the clipper, facing along X and back, and set on the gunship and on the ship; the clipper turned by (0, pi/2, 0)
00446e30	function	clip_sweep_end	void __fastcall (void *anim)	Move Clip Point's end: the interface free and the ship clipper put away; played forward, the ship put away, leaving its gunship; played back, the gunship put away, loadout_guns_open cleared and the ship clipped by the disc again; then ifuncstack_run
00448ef0	function	anim_move_panel_clip	void * (void)	The panel clip's Move Clip Point, for the view nothing opens: 750 ms, its place eased by the cosine, panel_clip_step each step
004491c0	function	panel_clip_step	void __fastcall (void *anim)	The panel clip's Move Clip Point step, for the view nothing opens: the info panel clipped by the panel portal, which stands where the panel clip does
0044a470	function	scroll_view_toggle	void (void)	The view nothing opens: the ship's panel turned behind a portal, the ships sunk and the scrollers turned round, or back; every call waits on loadout_scroll_open, which nothing sets
00427bc0	function	i3danim_frame	void * __fastcall (void *anim, int index)	The animation's frame at an index, walked along its frame list from the first
00426af0	function	i3dobject_free	void __fastcall (void *object)	Frees an I3DOBJECT: its name, its tooltip, its rectangle and the object
00523958	data	loadout_clipper	void *	The ship clipper's I3DOBJECT: a two-sided square of hologlow 14 across, put away until the internal guns view sweeps it across the chosen ship
005245c4	data	loadout_clip_sweep	void *	The ship clipper's Move Clip Point
00523eb4	data	loadout_gun_portal1	void *	gun portal1, which clips the gunship behind the ship clipper
00523eb0	data	loadout_gun_portal2	void *	gun portal2, which clips the chosen ship ahead of the ship clipper
0052396c	data	loadout_ship_objects	void *[12]	The ships' I3DOBJECTs, the Shroud's at 0x00523994
00523acc	data	loadout_flip_info	void *	Flip Shipinfo of the info panel
00523ae8	data	loadout_info_panel	void *	PnlShipInfo's I3DOBJECT, before PnlShipName's and PnlPageTitle's
00523e7c	data	loadout_panel_clip	void *	The panel clip object, for the view nothing opens
00524558	data	loadout_panel_portal	void *	panel portal, for the view nothing opens
005239fc	data	loadout_panel_clip_sweep	void *	The panel clip's Move Clip Point, for the view nothing opens
0043eb80	function	restart_screen	int (void)	The restart screen, which WinMain turns to after a single-player mission the pilot did not come through: interface\restart.spr (restart_shapes) fading in by palette_ramp_brightness, a press on a button choosing, then fading out, Escape choosing MAIN MENU or cutting the fade short. REPLAY MISSION FROM BRIEFING loads the game as the mission began (restart_load) and returns 2, REPLAY MISSION FROM LAUNCH does the same and returns 1, MAIN MENU returns 0
0043ed90	function	restart_screen_draw	void (void)	The restart screen's render hook: shape 0x11's palette at palette_ramp_brightness, the picture (shape 0x12 at 1, 1), the button under the pointer lit (shape 0x13, restart_lit), the labels REPLAY MISSION FROM BRIEFING, REPLAY MISSION FROM LAUNCH and MAIN MENU (strings 0x32D to 0x32F) in interface_font_small in orange, and the pointer while restart_pointer
00475a40	function	medal_award	void __fastcall (int medal)	Marks medal 1 to 6 the pilot's (pilot_medals), as mission_end_record awards it
00475a50	function	ribbon_award	void __fastcall (int ribbon)	Marks ribbon 1 to 5 the pilot's (pilot_ribbons), as mission_end_record awards it
0051d4d0	data	restart_shapes	void *	interface\restart.spr, which restart_screen loads (hog_load): its picture, the lit button and the pointer's frames
0051db50	data	restart_pointer	short	Set while the restart screen shows the pointer; cleared as a choice is made
005201a0	data	restart_lit	short	The restart screen's button under the pointer, 0 to 2, or -1 for none; it stays lit as the screen fades out
00520840	data	replay_briefing	int	Set as the restart screen's REPLAY MISSION FROM BRIEFING is chosen (0x004AA572): WinMain's loop then runs the mission's briefing again before it flies it (0x004AA2E0 on), and clears it (0x004AA360)
00562dfc	data	pilot_medals	int[6]	The pilot's medals, medals 1 to 6, 1 where awarded (medal_award indexes it from 0x00562DF8): the locker shows them (medal_display), and the profile keeps them
00562e14	data	pilot_ribbons	int[6]	The pilot's ribbons, one for each chapter finished, 1 where awarded (ribbon_award indexes it from 0x00562E10): the locker shows them (medal_display), and the profile keeps them
00562ed4	data	pickups	short	The times a nanny ship has picked the ejected pilot up in the campaign (pickup_count), from 0 at campaign_new; past two, WinMain ends the career with a transfer
0050099f	data	ribbon_of_mission	char[28]	The ribbon each mission awards, by mission number, 0 for none (mission_end_record): missions 7, 11, 19, 21 and 25, which end chapters 1 to 5, award ribbons 1 to 5 unless the mission is a total failure
004cc350	function	refpack_expand	void (byte *stream, byte *out, int unused)	Expands a RefPack stream to out, until its terminator: the header size is read and never used, nothing is checked, and each command is fetched 4 bytes at a time, up to 3 past the stream. hog_unpack calls it with the stream at the end of the output block, so the output must not overtake the input still to read. The code runs to 0x004CC46F, past where Ghidra ends the function
0043fc60	function	itac_timer	void __stdcall (uint id, uint message, uint user, uint unused1, uint unused2)	The ITAC's timer, 30 times a second: itac_ticks and itac_repeat_ticks on, and itac_repeat_phase as the ticks round five, which the panes wipe in by and the scrolling and the arrows' auto-repeat step by
0043fc90	function	itac_timer_20hz	void __stdcall (uint id, uint message, uint user, uint unused1, uint unused2)	The ITAC's second timer, 20 times a second: a count at 0x0052306C that nothing reads
0043fca0	function	itac_section_load	void __fastcall (int section)	A section's picture, inter\itac\ and its itactrans name .tga, converted to the screen's format into itac_backdrop, its panes hidden, itac_text_top 0, and its third handler (itac_section_handlers), which builds them
0043fde0	function	itac_panes_hide	void (void)	Hides the ITAC's four panes (itac_pane_records)
0043fe00	function	itac_section_update	void __fastcall (int section)	While no fade runs: the section's fourth handler, the lit shapes (itac_lit_draw), then unless itac_frozen the more mark and the tooltips
0043fe40	function	itac_hit	int __fastcall (short *rects, int count)	The first of count rectangles (x, y, width, height) that holds the pointer, its edges left out, or -1
0043fe90	function	itac_section_draw	void __fastcall (int section, float fade)	A section's title at (167, 22) in itacbig in (236, 105, 77), from itac_titles, or itac_titles_coalition for sections 3 to 6 on the Coalition's side, then its fifth handler with fade
0043ff50	function	itac_panes_draw	void (void)	While no fade runs, copies each shown pane of the ITAC to the screen, a wiping one as far as it has wiped, which then wipes 14 pixels further on each new tick of itac_timer
00440010	function	itac_movie_play	void __fastcall (char *path, char *background)	Plays a movie of the ITAC's in a loop of its own, from the game's folder at 15 frames a second, the section's title and text fading over it (itac_movie_draw), Escape ending it; then background as the screen's picture, where there is one
00440170	function	itac_pause	void (void)	Holds the ITAC for 16 ticks of itac_timer, reading input but drawing nothing, as a debriefing or another item is chosen
004401f0	function	itac_movie_draw	void (void)	The ITAC's render hook during itac_movie_play: the movie's frame due over the whole screen, the fade a step on each frame drawn, the section's title and text at the fade, and the pointer unless itac_frozen
004403f0	function	itac_draw	void (void)	The ITAC's render hook: the section's title and text (itac_section_draw), then unless itac_frozen its update (itac_section_update) and the pointer, shapes 2 to 22 of itacgfx.spr
004404a0	function	itac_pointer_update	void (void)	Moves the rooms' pointer by the mouse, within the screen, and keeps the ITAC's buttons: itac_left_down and itac_left_held
004405c0	function	itac_text_colour	void __fastcall (int red, int green, int blue, float brightness)	Sets VFX's global palette entries 1 to 15 to a ramp from black to the colour at the brightness, at most 1, which the ITAC's text is drawn through
004406a0	function	dynamiclist_getbyindex	void * __fastcall (void *node, int index)	The node index nodes on from node (its assert's name)
004406e0	function	dynamiclist_insert_after	void __fastcall (void **cursor, void *node)	Links node in after the node at cursor, or makes it the first; a node is its next and its previous, then its data
00440710	function	dynamiclist_append	void __fastcall (void **head, void *node)	Links node in at the end of the list at head
00440740	function	dynamiclist_count	int __fastcall (void *node, char from_here)	The nodes to the end of a list, from its first unless from_here
00440770	function	itac_language_init	void (void)	Loads itaclang.dll and reads its strings from id 1 on with LoadString until one fails, into one block (itac_strings)
004408e0	function	itac_language_close	void (void)	Frees the ITAC's strings and unloads itaclang.dll
00440910	function	itac_string	char * __fastcall (int id)	The ITAC's string of id, from 1 (itac_strings)
00440920	function	itac_scroll_text_draw	void __fastcall (void *box)	Writes a scrolling box's text into its pane, broken into lines of its width less 5, 15 pixels apart, from its scroll; sets itac_scroll_least, and itac_more where the text runs past the box
004409f0	function	itac_scroll_text_update	void __fastcall (void *box)	A scrolling box's arrows: a press starts a scroll of a line, 3 pixels on each tick of itac_timer for five, kept between the top and itac_scroll_least; the box's text written again on every tick
00440b10	function	itac_panes_reset	void (void)	Clears the ITAC's four panes: shown, wiping and the width wiped
00440b30	function	tooltips_init	void __fastcall (int use_language)	Clears the tooltips, reads newfont.fnt for them and inter\itac\itacgfx.spr (itac_shapes); their strings are language_string's where use_language, else itac_string's
00440bb0	function	tooltips_close	void (void)	Closes newfont.fnt and frees itacgfx.spr
00440bd0	function	tooltip_add	void __fastcall (void *record)	Adds a tooltip, at most 30
00440c10	function	tooltips_clear	void (void)	Drops every tooltip
00440c40	function	tooltips_update	void (void)	The tooltip under the pointer, shown 100 ticks after the pointer comes to rest on it, or at once where one showed within the last 30
00440d80	function	tooltip_draw	void (void)	Draws the tooltip shown: its text in newfont.fnt in a filled box, kept within the screen
00440eb0	function	itac_tooltips_add	void (void)	Adds the ITAC's nine buttons' tooltips, View Debriefings to Exit ITAC; it walks ten records, the tenth the start of itac_movies
00440f90	function	itac_lit_draw	void (void)	The shapes of itac_lit_shapes the shown section lights where the pointer is over them, with block 30's palette of itacgfx.spr
00441060	function	itac_repeat	int (void)	Auto-repeat of a list's arrows: true as the left button goes down, then while it is held on the fourth tick of itac_timer and every fifth after
00441090	function	itac_more_draw	void (void)	Where itac_more is set: (more), ITAC string 0x78C, right-aligned at itac_more_x and itac_more_y in itacsml
004246c0	function	debrief_enter	void (void)	DEBRIEFINGS opened: the latest debriefing chosen (debrief_select_latest), the list from its start, and the body's box: pane 1, its arrows at 0x004E4918, 400 by 191, at the top of its text
004247a0	function	debrief_loaded	void (void)	DEBRIEFINGS loaded: itac_rebuild set, the panes reset, and built with its panes wiping in
004247c0	function	debrief_update	void (void)	DEBRIEFINGS each frame: a build asked for, the body scrolled, another debriefing chosen from the list, the list stepped through with auto-repeat, and REPLAY MISSION, which sets replay_briefing
00424930	function	debrief_draw	void __stdcall (float fade)	DEBRIEFINGS drawn: its panes while no fade runs, the labels Mission Kills, Overall Kills, Rank and Level, their values at the fade, and REPLAY MISSION after a mission for the latest debriefing
00424be0	function	debrief_build	void __fastcall (char wipe)	After the campaign's first mission: sound 5 of itacsnd.fat, the body written, the list drawn, and the header's pane wiping in; with wipe, the body's and the list's too
00424cf0	function	debrief_text_draw	void (void)	The header, FROM and TO, and the body of the debriefing chosen: after a pickup whether the objectives were met and the pickup, otherwise the paragraphs of debrief_texts by the mission's rating, then a medal, a promotion, a ribbon and new fighters where the mission brought them
00425780	function	debrief_list_draw	void __stdcall (float fade)	The list of the missions flown in pane 2, Mission and each place from 1, the chosen in blue, each a hotspot (debrief_list_hotspots)
004258e0	function	debrief_select_latest	void (void)	Chooses the latest debriefing: campaign_place of mission_number less 1
004e9288	data	itac_section_handlers	void *[45]	Five handlers for each of the ITAC's nine sections: opened, left, loaded, each frame and drawn
004e9340	data	itac_buttons	short[36]	The ITAC's nine buttons: x, y, width and height each, 58 by 51 along the foot of the screen
004e9418	data	itac_movies	char *[27]	Each of the ITAC's sections' movie in, movie out and picture, in inter\itac\
004e9484	data	itac_titles	short[10]	The ITAC string of each section's title
004e9498	data	itac_titles_coalition	short[10]	The ITAC string of sections 3 to 6's titles on the Coalition's side
004e94d8	data	itac_lit_shapes		The shapes itac_lit_draw lights under the pointer: x, y, shape and a halfword unread, then a mask of the sections they light in, 12 bytes each, up to an x of -1
004e4954	data	campaign_missions	int[24]	The campaign's missions in the order they are flown, by their places in it
004e49b0	data	campaign_place	int[30]	Each mission's place in the campaign's order, by its number; the missions the campaign has none of share the next one's
004e4918	data	debrief_arrows	short[8]	The rectangles of the debriefing's arrows, scrolling its body on and back
004e4928	data	debrief_list_arrows	short[8]	The rectangles of the debriefing's list's arrows
004e4948	data	debrief_replay_button	short[4]	The rectangle of REPLAY MISSION's button
004e4a26	data	debrief_medal_text	short[6]	The ITAC string of the paragraph on each medal, 1 to 6, reading on into debrief_ribbon_text
004e4a32	data	debrief_ribbon_text	short[6]	The ITAC string of the paragraph on each ribbon, 1 to 5
004e4a3e	data	debrief_pickup_text	short[5]	The ITAC string of the paragraph on a pickup by a nanny ship, by the campaign's pickups, 1 to 3
004e4a48	data	debrief_promotion_text	short[9]	The ITAC string of the paragraph on a promotion, by the rank, 1 to 8
004e4a5a	data	debrief_tier_text	short[7]	The ITAC string of the paragraph on the fighters a tier brings, 1 to 3
004e4a68	data	debrief_texts	short[1260]	Five tables of the debriefings, by the rating from success with its bonus down to failure, each of 28 rows by the mission: the header's ITAC string, then up to eight paragraphs' ended by string 9
004e5bcc	data	rank_names	short[9]	The game's string of each rank's name
004e5bec	data	tier_names	short[4]	The game's string of each tier's name: Bronze, Silver, Gold and Platinum
0051d2e8	data	debrief_box	byte[36]	The debriefing's scrolling box: its pane, arrows, text place and size, place on screen, scroll, steps, text and redraw callback
0051d30c	data	debrief_list_first	int	The first debriefing listed
0051d310	data	debrief_replay_hover	int	Set while the pointer is over REPLAY MISSION
0051d314	data	debrief_list_count	int	The debriefings listed, in debrief_list_hotspots
0051d318	data	debrief_list_hotspots	short[52]	The listed debriefings' rectangles, 13 at most
0051d380	data	debrief_selected	int	The debriefing chosen, a place in the campaign's order, or -1
005202fc	data	itac_windows	void *[4]	The ITAC's four VFX windows its panes write into, 620 by 450 and three 450 by 450, 16 bits
0052030c	data	itac_movie_done	short	Set as itac_movie_play's movie ends or is skipped
0052030e	data	itac_switching	short	Set while a list's choice holds the ITAC (itac_pause)
00520314	data	itac_backdrop	void *	The section's picture in the screen's format, which each pane is filled from before its text is written
00520318	data	itac_sounds	void *	inter\itac\itacsnd.fat
0052031c	data	itac_more_x	int	
00520320	data	itac_more_y	int	
00520324	data	itac_fade_state	short	The fade of the section's title and text over its movies: 0 none, 1 in, 2 out
00520328	data	itac_repeat_phase	int	itac_repeat_ticks round five, which itac_repeat fires at 0
0052032c	data	itac_rebuild	int	Set for a section to build its panes on its next update
00520330	data	itac_pane_records	short[28]	The ITAC's four panes: x, y, shown, wiping, the width wiped, width and height
005207e0	data	itac_repeat_ticks	int	Ticks of itac_timer since the left button went down
00520820	data	itac_left_held	int	Set while the left button is down on this pass and was on the last
0052082c	data	itac_fade	float	How far the section's title and text have faded in or out
0052083c	data	itac_text_top	int	The y of a debriefing's header lines in their pane
00520844	data	itac_text	char[10000]	A section's box text as it is written
00522f54	data	itac_pointer_shown	int	
00522f58	data	itac_text_remap	byte[256]	Each coverage level of the ITAC's fonts to itself, level 0 clear
00523058	data	itac_side	short	The side sections 3 to 6 show: 0 the Alliance's, 1 the Coalition's
0052305c	data	itac_panes	void *[4]	The VFX panes of itac_windows
00523070	data	itac_scroll_tick	int	The tick of itac_timer a box's scrolling last moved on
00523074	data	itac_font_large	void *	inter\itac\itacbig.fnt
00523078	data	itac_debriefings	int	The debriefings on offer: campaign_place of mission_number
0052307c	data	itac_wipe_tick	int	The tick of itac_timer the panes last wiped at
00523084	data	itac_section	short	The section shown, -1 before the first
00523088	data	itac_after_mission	int	Set by WinMain for the ITAC after a mission: DEBRIEFINGS at once; cleared by the debriefing's first update
0052308c	data	itac_frozen	byte	Set over a section's movie in: no pointer and no update
00523094	data	itac_more	byte	Set where a box's text runs past it
005231ac	data	itac_strings	char **	itaclang.dll's strings, by id less one
005231bc	data	itac_shapes	void *	inter\itac\itacgfx.spr: the ITAC's pointer, buttons and arrows lit, and REPLAY MISSION's button
005231c0	data	itac_ticks	int	The ticks of itac_timer
005231c4	data	itac_font_small	void *	inter\itac\itacsml.fnt
005231c8	data	itac_scroll_least	int	How far the box last written can scroll
005251dc	data	itac_video_request	void *	The video report VIDEO REPORTS asks the ITAC to play, which the ITAC's loop plays after the frame (0x0043F883): every sound ended, the archive of its disc opened, its movie played (play_bink_movie_resourced), then the hum and the section's picture again
005d6094	data	itac_replay_offered	int	Set by WinMain for the ITAC after a mission, which offers REPLAY MISSION for the latest debriefing
00562e2c	data	mission_ratings	short[28]	How each mission of the campaign was rated as it ended, by mission_number less 1; mission_end_record keeps it, but for the last
00562e9c	data	mission_pickups	short[28]	The campaign's pickups by a nanny ship where one picked the ejected pilot up in each mission, by mission_number less 1 (pickup_count)
00562ed6	data	mission_promotions	short[28]	The rank the pilot was promoted to at each mission's end, by mission_number less 1, 0 for none (mission_end_record)
004759d0	function	iff_write_dword	void __fastcall (uint value, short big_endian)	Writes a dword to save_file as it lies in memory, or byte-swapped where big_endian is set (byte_swap32); game_save's writer
00475930	function	iff_write_chunk	void __fastcall (uint id, void *data, uint size)	Writes an IFF chunk to save_file: the id, a zero, the data, then goes back to set the size big-endian, and writes a zero byte after an odd end, which the size leaves out (iff_write_byte)
00475a20	function	iff_write_byte	void __fastcall (char value)	Writes one byte to save_file
00475d70	function	restart_choice_keep	void (void)	Keeps the loadout's saved ship and racks (0x00562F18) in restart_ship_kept and restart_racks_kept, as restart_load loads the restart point
00475da0	function	restart_choice_put_back	void (void)	Puts back the 42 bytes restart_choice_keep kept at 0x00562F18, so that a replay keeps the ship and missiles chosen last
004908b0	function	iff_reader_init	void __fastcall (void *reader)	Makes an IFF reader, a class of 0xE0 bytes over the binary file class: its file closed and its form stack empty
004908e0	function	iff_reader_destroy	void __fastcall (void *reader)	iff_close, then bin_file_destroy
00490930	function	iff_open	int __thiscall (void *reader, char *path)	Opens path to read as IFF (bin_file_open, mode rb, not fatal), the reader at the file's own chunks; 1 where it opened
00490980	function	iff_close	void __fastcall (void *reader)	Frees the reader's form stack and closes its file
004909d0	function	iff_find_form	int __thiscall (void *reader, uint type, int from_current)	Finds the first FORM of type among the chunks of the form entered, or of the file, from the first (iff_rewind) or past the current one, and enters it (iff_enter_form); 1 where found, else the reader put back as it was and 0
00490af0	function	iff_rewind	void __fastcall (void *reader)	The reader to the first chunk of the form entered, or of the file, and its header read
00490b20	function	iff_enter_form	void __fastcall (void *reader)	Enters the FORM the reader stands on: pushes its start, size, type and end on the form stack, its chunks then those searched
00490bb0	function	iff_read_header	void __fastcall (void *reader)	Reads the chunk header at the reader's position where it is short of the end of the form entered or of the file: the id, the size big-endian, and a FORM's type
00490c40	function	iff_find_chunk	int __thiscall (void *reader, uint id, int from_current)	Finds the first chunk with id that is not a FORM among the chunks of the form entered, forms passed over whole; found, the reader stands at its data with its size from the file, and 1; else put back as it was and 0
00490d50	function	iff_read_string	int __thiscall (void *reader, char *dest)	Reads bytes up to and with a terminator into dest, without a limit; returns the count
00490d80	function	byte_swap32	uint __fastcall (uint value)	Reverses a dword's four bytes
0045e640	function	bin_file_read_be	uint __thiscall (void *file, byte *bytes, int count)	A big-endian number of count bytes from memory, for an archive's directory
0045e670	function	bin_file_fatal	void __cdecl (char *format, ...)	Prints Fatal Error and the message, then exits the game
0045e6b0	function	bin_file_open	int __thiscall (void *file, char *name, int mode, int fatal)	Keeps the name, 79 characters at most, upper-cased, and the mode, then opens the file (bin_file_open_now); fatal where a file is open already
0045e710	function	bin_file_open_now	int __thiscall (void *file, int fatal)	Opens the file by its mode and measures it; not opened, a fatal error where fatal is set. In archive mode it finds the name in a big-endian directory instead
0045e890	function	bin_file_close	void __fastcall (void *file)	Closes the file where it is open; a failure is fatal
0045e8d0	function	bin_file_read	uint __thiscall (void *file, void *dest, uint count)	Reads count bytes at the position, cut at the file's end; fatal where the file is not open or is written only, count is 0, or the read comes short. Returns the count read
0045e9f0	function	bin_file_read_byte	char __fastcall (void *file)	bin_file_read of one byte
0045ea10	function	bin_file_seek	void __thiscall (void *file, int position)	Seeks to the base plus position unless the file stands there; a failure is fatal
0045ea80	function	bin_file_destroy	void __fastcall (void *file)	bin_file_close
004315c0	function	saved_games_scan	void (void)	Lists the saved games of the call sign: for slots 0 to 99, stopping at the first file missing, each one's name (saved_games_names), pilot (saved_games_pilots) and mission (saved_games_missions); the count in saved_games_count
00431580	function	saved_games_scroll_down	void (void)	The saved games' list one row on, where more than 10 are found and the last is not shown
004315a0	function	saved_games_scroll_up	void (void)	The saved games' list one row back, where more than 10 are found and the first is not shown
00432480	function	saved_games_draw	void (void)	The saved games screen's render hook: the title, the list with the selected row lit, the selected save's details and date, the arrows and buttons, the name typed with OK while saving, then the dialogs and the pointer
0042a870	function	save_error_dialog	void (void)	The box saying the game could not be saved (string 0x561), in its own loop until OK (save_error_open)
0042a950	function	save_error_draw	void (void)	Draws save_error_dialog's box: quit.spr's box and OK, the message and OK's label
0049cd70	function	update_pilots	void (void)	Sets the wing's fifth and sixth pilots (alpha_pilots) by mission_number, then gives each of the wing's places that has none the first free pilot of pilot_pool; asserts where the pool has run out. Runs at each mission's start and end
004b1580	function	deaths_add	void __fastcall (int slot, int count, bool report)	Counts the local player's deaths in a multiplayer mission (mp_deaths)
00441460	function	killboard_kills	void (void)	Adds up the KILLBOARD pilots' kills: each starts with its own, and each mission before mission_number but 12, 13, 17 and 22, and for Klaus Steiner 19 to 23, adds (rand / 32767 - 0.5) times its spread plus its mean, rand seeded with killboard_seed; it runs over a twentieth record past the nineteen, into loadout_text_remap
00500a20	data	save_chunks	uint[15]	The records a saved game keeps after its name, in order, each an id, an address and a size: MISS, VERS, VARS, PILO, ALPH
00562f44	data	save_version	int	The saved games' version, VERS, which game_save sets to 1; nothing checks it
00562f70	data	save_file	FILE *	The file game_save writes, opened wb
00562f48	data	restart_racks_kept	short[20]	The loadout's saved racks, kept as restart_load loads the restart point (restart_choice_keep)
00562f74	data	restart_ship_kept	short	The loadout's saved ship, kept as restart_load loads the restart point (restart_choice_keep)
00562df8	data	mp_deaths	int	The local player's deaths in a multiplayer mission (deaths_add), in the saves' MISS; 0 in single player
00562f10	data	killboard_seed	int	The seed killboard_kills gives rand, in the saves' MISS; the co-op host's new game sets it
005047d0	data	pilot_pool	byte[260]	The pilots that replace the wingmen who die: a pilot by the pilot stats' number, a status (0 dead, 1 in the wing, 2 free) and a byte nothing uses. update_pilots takes the first free; a save keeps the first record alone (PILO)
0058a958	data	alpha_pilots	short[6]	The pilots of the player's wing, Alpha 1 to 6: -1 for the player, then the five wingmen's (ALPH); campaign_pilots_reset starts them, update_pilots keeps them, and mission_start gives the wing's ships them
004e5c78	data	mission_display_numbers	short[32]	The number the player sees for each mission, by mission_number: the campaign's missions counted in the order they are flown, 1 to 24; the autosave's name and the saved games' list show it
0051d5f4	data	saved_games_saving	int	Whether the saved games screen saves (1) or loads (0)
005201a4	data	saved_games_no_fade	int	Set where the saved games screen plays no movie as it is left for the roster, as the co-op host screen has it
005202d8	data	saved_games_no_exit	byte	Set where the saved games screen hides MAIN MENU and QUIT, as the multiplayer debriefing has it
0051d9f8	data	saved_games_selected	int	The saved game selected on the saved games screen, or -1
0051da1c	data	saved_games_first	int	The saved game the list's first row shows
00520248	data	saved_games_count	int	How many saved games saved_games_scan found
0051d61c	data	saved_games_missions	int[100]	Each saved game's mission_number, as saved_games_scan read it
0051dbac	data	saved_games_pilots	char[100][48]	Each saved game's call sign, as saved_games_scan read it
0051ee70	data	saved_games_names	char[100][48]	Each saved game's name, as saved_games_scan read it
0051da5c	data	saved_games_name	char[20]	The name typed on the saved games screen, 18 characters at most
0051da10	data	saved_games_rank	int	The selected saved game's rank, which its details show
00520258	data	saved_games_tier	int	The selected saved game's tier, which its details show as the level
0052013c	data	saved_games_medals	int[6]	The selected saved game's medals; nothing draws them
0051d7b4	data	saved_games_time_text	char *	The selected saved game's date as the details show it, or null
0051dad0	data	saved_games_time	char[100]	The date text: the hour and minute, two spaces, and the date
0051db38	data	saved_games_arrow	int	The saved games' list arrow under the pointer
005202c4	data	saved_games_ok_under	short	Whether the pointer is over the saved games screen's OK while a name is typed
0052026c	data	save_error_open	int	Set while save_error_dialog's box is up
004521e0	function	object_place	void __thiscall (GameObject *object, float x, float y, float z)	Places an object at x, y, z: its root where it is and where it goes next, and the root's frame; object_set_position without the multiplayer game's copies
0040b140	function	find_scoop_up_nearest	bool __fastcall (int slot, OrderEntry *entry)	Find Scoop Up's walk: a ship the searcher can aim at, ejected or not, nearer to where the searcher will be next than the nearest so far becomes the nearest; never ends the walk
0042f440	function	video_screen_draw	void (void)	Screen 15's render hook: the labels, BRIGHTNESS's only where sr + 0x38 bit 0 is set, the values, the arrows' boxes, the buttons, the brightness's track and knob (video_brightness_knob), the button under the pointer lit, LIGHT MAPS' and VR TRANSITIONS' boxes, the arrow under the pointer lit (in_game_options_item), the dialogs and the pointer
004e76f0	data	video_items	short[68]	Screen 15's 17 items, a corner and a size each: the arrows back and on of RESOLUTION, 3D RENDER MODE, TEXTURE DETAIL, GRAPHIC DETAIL and DEFAULT VIEW, RESET TO DEFAULT, one empty, LIGHT MAPS' box, OK, MAIN MENU, VR TRANSITIONS' box and CANCEL CHANGES
004e7778	data	video_brightness_knob	short[4]	Screen 15's brightness knob, a corner and a size, which moves with the brightness
004e5bf4	data	video_defaults	int[7]	What screen 15's RESET TO DEFAULT sets: the display mode, the device, the texture detail, the graphic detail, the light maps, the view and the transitions
00520174	data	video_mode	int	The display mode screen 15 shows, by its index among the device's
0051d4e8	data	video_device	int	The 3D device screen 15 shows
005201a8	data	video_texture_detail	int	The texture detail screen 15 shows
0051d7c0	data	video_graphic_detail	int	The graphic detail screen 15 shows
00520198	data	video_light_maps	int	Whether screen 15 shows the light maps on
0051da00	data	video_transitions	int	Whether screen 15 shows the transitions on; VR TRANSITIONS sets transitions with it and writes it at once
005d54e0	data	graphic_detail	int	Gdetail in the Device section of the settings: 0 to 2, 2 by default, which the warp gates' segments, the loadout's coarse level and several effects read
00524fdc	data	simulator_pod_screen	int	The simulator pod's screen: 0 FLIGHT SIMULATOR, 1 the training missions'; 5 while Instant Action is taken, after which it is 0 again
00524fe8	data	simulator_pod_shapes	void *	inter\simpod\simgfx.spr, the simulator pod's lit choices
004ebb38	data	simulator_pod_items	byte[2][88]	The simulator pod's choices by screen, 0x58 bytes a screen: the count, a word; the rectangles, a pointer to x, y, width and height words each; the lit shapes, dwords from +8; the next screens, dwords from +0x28, read on the first screen alone; and the names' strings, words from +0x48
00520138	data	itac_left_down	int	Set while the left button is down on this pass, which itac_pointer_update keeps for the ITAC and the simulator pod
0051d7c8	data	pointer_clock	int	The ticks of the pointer's animation in the ITAC and the simulator pod: on by the game's ticks each pass, back to 0 at 0x40, or at 0x54 over the ITAC's sections
004ad3b0	function	front_end_leave	void (void)	As the front end or the simulator pod starts a mission, before mission_load: clears the render hook (sr + 0x88), shows the frame (sr + 0x78), then interface_close and 0x004A2AB0
00428980	function	interface_close	void (void)	Closes the front end's three fonts and ends every voice (sound_end_all), among the rest, as a mission begins
00438890	function	cd_player_draw	void (void)	The CD player's render hook (sr + 0x88): the button under the pointer lit from cdplay.spr, REPEAT TRACK MODE and RANDOM TRACK MODE lit while on, CD PLAYER in itacbig.fnt at (117, 129), the twelve rows in smlfnt2.fnt from (117, 171), the piece chosen in white, the name of the button under the pointer centred at (320, 440), and the pointer, shape 12 in the palette of block 11
0051d480	data	cd_player_shapes	void *	cdplay.spr, the CD player's lit buttons and its pointer
0051d564	data	cd_player_under	int	What lies under the CD player's pointer, as interface_hit finds it: a button, 0 to 9; a row of the list, 10 to 21; or -1
0051d9d0	data	cd_player_track	int	The CD player's piece chosen, by its row, or -1 for none
0051db40	data	cd_player_held	int	Set while the left button stays down in the CD player, so that a press counts on the pass it goes down
0051da18	data	cd_player_paused	int	Set while the CD player has the music paused
0051da08	data	cd_player_repeat	int	The CD player's REPEAT TRACK MODE: a piece plays over and over, and nothing follows its end
005202c8	data	cd_player_shuffle	int	The CD player's RANDOM TRACK MODE: another piece at random follows the end of one
0051d7ac	data	cd_player_playing	int	Set while the CD player plays, from PLAY SELECTED TRACK or a row clicked again until STOP THE CURRENT TRACK: the next piece follows the end of one
004e5b88	data	cd_player_volume	int	The CD player's volume, 0 to 127, 127 as the game starts, which its buttons set the music stream to with AIL_set_stream_volume
00436b20	function	medal_display_draw	void (void)	The locker's render hook (sr + 0x88): the lid's movie stepped when its next frame is due, medal_display_frame stepping with it but at the last, which sets vr_arrived; the awards the pilot has at their shapes for the frame; with the lid up and arrived, the name of the award under the pointer, or Close Locker, centred at (320, 440); and the front end's pointer
00437de0	function	medal_display_timer	void __stdcall (uint id, uint message, uint user, uint unused1, uint unused2)	The locker's timer, 15 times a second (timer_start): counts medal_display_ticks up
0051d45c	data	medal_display_medals	void *[6]	The sets of the medals' shapes the locker shows, (r)medal%d.spr for each the pilot has
0051da34	data	medal_display_ribbons	void *[6]	The sets of the ribbons' shapes the locker shows, (r)bar%d.spr for each the pilot has
005201ac	data	medal_display_frame	int	The frame of the locker's tables its awards are drawn at: up from -1 as the lid goes up, down from 0x15, or 0xE on the Yamato, as it goes down, a step for each frame of the lid's movie but its last
0051db54	data	medal_display_lid_up	int	Set while the locker's lid goes up and stays up, clear as it goes down
0051d494	data	medal_display_under	int	The award under the locker's pointer, as interface_hit finds it, or -1
0051d474	data	medal_display_ticks	int	The ticks of the locker's timer, which only go to vr_timer_seen
004e77c0	data	medal_display_reliant_medal_shapes	byte[6][64]	The shape of each of the Reliant's medal sets for each frame of the locker's lid, 0 for none
004e7940	data	medal_display_yamato_medal_shapes	byte[6][16]	The shape of each of the Yamato's medal sets for each frame of the locker's lid, 0 for none
004e79a0	data	medal_display_yamato_medal_x	int[6]	Where the Yamato's locker shows each medal, across
004e79b8	data	medal_display_yamato_medal_y	int[6]	Where the Yamato's locker shows each medal, down
004e79d0	data	medal_display_reliant_medal_x	int[6]	Where the Reliant's locker shows each medal, across
004e79e8	data	medal_display_reliant_medal_y	int[6]	Where the Reliant's locker shows each medal, down
004e7a00	data	medal_display_yamato_ribbon_shapes	byte[6][16]	The shape of each of the Yamato's ribbon sets for each frame of the locker's lid, 0 for none
004e7a60	data	medal_display_reliant_ribbon_shapes	byte[6][23]	The shape of each of the Reliant's ribbon sets for each frame of the locker's lid, 0 for none
004e7aec	data	medal_display_yamato_ribbon_x	int[6]	Where the Yamato's locker shows each ribbon, across
004e7b04	data	medal_display_yamato_ribbon_y	int[6]	Where the Yamato's locker shows each ribbon, down
004e7b1c	data	medal_display_reliant_ribbon_x	int[6]	Where the Reliant's locker shows each ribbon, across
004e7b34	data	medal_display_reliant_ribbon_y	int[6]	Where the Reliant's locker shows each ribbon, down
0051da9c	data	crew_first	int	The frame of the way's movie the crew member shows from (vr_draw)
0051daa0	data	crew_frames	int	For how many frames of the way's movie the crew member shows, after which crew_showing clears
0051daac	data	crew_line_size	int	The size of crew_line in bytes (hog_file_size), which AIL_set_named_sample_file takes
0051d49c	data	yamato_crew_first	int	The frame of the way's movie the Yamato's second crew member shows from
0051d4a0	data	yamato_crew_frames	int	For how many frames the Yamato's second crew member shows
004e7b4c	data	yamato_crew_counts	int[3]	How many crew each of the Yamato's three tables holds: 5, 5 and 3
004e7dc8	data	reliant_crew_counts	int[3]	How many crew each of the Reliant's three tables holds: 4, 6 and 5
004e7b58	data	yamato_crew_honoured	byte[5][48]	The Yamato's crew after a mission that awards a medal, or a promotion: each the sprite set's name (char[20]), the frame shown from and the frames shown (ints at +0x14 and +0x18), and the line's name (char[20] at +0x1C)
004e7c48	data	yamato_crew_failed	byte[5][48]	The Yamato's crew after a failure, or a pickup, laid out as yamato_crew_honoured
004e7d38	data	yamato_crew_won	byte[3][48]	The Yamato's crew after any other rating, laid out as yamato_crew_honoured
004e7dd8	data	reliant_crew_honoured	byte[4][48]	The Reliant's crew after a mission that awards a medal, or a promotion, laid out as yamato_crew_honoured
004e7e98	data	reliant_crew_failed	byte[6][48]	The Reliant's crew after a failure, or a pickup, laid out as yamato_crew_honoured
004e7fb8	data	reliant_crew_won	byte[5][48]	The Reliant's crew after any other rating, laid out as yamato_crew_honoured
004e80a8	data	yamato_second_crew	byte[3][48]	The Yamato's second crew, who come in turn (yamato_crew_next), laid out as yamato_crew_honoured, without lines
004a8600	function	renderer_open		Starts the renderer with the display settings (renderer_start), trying others where it fails, and writes those it starts with to the Device section of the settings: Tdetail, Gdetail and Lmaps among them
004c95f0	function	image_shrink	void __fastcall (TextureImage *image, int ratio_x, int ratio_y)	Makes an image ratio times smaller across and down: one with mipmaps, by the same ratio both ways, gives up its finest levels; any other is averaged over blocks and has its mipmaps made again
00419f60	function	launch_badanov_init	void __fastcall (int slot)	Places a ship at one of ten positions in the Badanov or Krasny bay, riding part 4. Gates below 5 use one side, other gates the opposite side. Position uses the last drawn level bounds; orientation turns a quarter turn about Y and tilts down by 0.37699112 radians about X
0041a100	function	launch_badanov_run	void __fastcall (int slot)	Opens doors 1 and 2 unless door 1 is already moving. After 200 to 299 ticks, releases the ship at throttle 2 with the carrier's velocity and gate-based yaw. After 300 more ticks, clears controls, restores forward motion, clears carrier pass-through, pops the order, restores targeting and posts Launched
0041a4d0	function	launch_pod_run	void __fastcall (int slot)	Releases the first escape pod with plain motion, throttle 2 plus a random fraction of 0.5, gate-based yaw and sound 0x33. After 200 ticks, clears throttle, restores forward motion and ends the order. Yaw and carrier pass-through remain unchanged
0041b690	function	launch_pod_other_run	void __fastcall (int slot)	Plays sound 0x33 at the other escape pod, then releases it on the next update at throttle 2 with plain motion. After 200 ticks, clears throttle and yaw, restores forward motion and ends the order. Carrier pass-through remains unchanged
0041b770	function	launch_rogue_init	void __fastcall (int slot)	Places the ship at its gate's launch point on the rogue base, riding the part that holds it, then moves it 500 behind the point along its forward axis
0041b7f0	function	launch_rogue_run	void __fastcall (int slot)	Releases a ship from the rogue base with downward motion at throttle -2. After 100 ticks, clears throttle and yaw, restores forward motion, clears carrier pass-through, pops the order, restores targeting and posts Launched
004adac0	function	frame_camera_place	void __fastcall (SurrenderFrame *frame)	Puts frame in the camera's frame: its position less the camera's, turned into the camera's axes, at +0xA0, and the camera's orientation transposed, at +0x7C. hud_draw reads +0xA8, the depth, to tell whether a nav point stands in front of the camera
0048ceb0	function	hud_message_add	void __fastcall (char *text)	Adds text to the display's message lines, dropping the oldest first where there are four already, each shown until 1000 ticks after it was added. The multiplayer kill messages come through it, and in a network session one message of mission_frame's, language string 0x558, once the local player is the first player still flying but not the first slot
0048cf20	function	hud_messages_draw	void __fastcall (int x, int y)	Draws the display's message lines, each as - %s in font_new, from x, y down, 11 pixels apart. hud_draw draws them in every view, placed (-110, -140) from the middle
0048cf90	function	hud_message_drop	void __cdecl (void)	Drops the oldest of the display's message lines, moving the others up
0048d010	function	hud_messages_expire	void __cdecl (void)	Drops the oldest of the display's message lines once its time is up
0057bc5c	data	hud_messages	char[4][100]	The display's message lines, oldest first, which hud_init clears
0057bf48	data	hud_message_count	int	How many of the display's message lines there are, at most four
0056679c	data	hud_message_until	int[4]	The tick each of the display's message lines goes at
0057999c	data	subtarget_object	short	The object whose subtarget hud_subtarget picked out in red, or -1; mission_frame picks it out again in view 0 where the player target differs
0057999e	data	subtarget_component	short	The component of subtarget_object picked out in red
00569944	data	subtarget_meshes	void *[10]	The meshes of the parts hud_subtarget picked out in red, in place of which they show copies; hud_subtarget_clear gives them back
00579e04	data	subtarget_levels	void *[10]	The levels of the parts hud_subtarget picked out in red, for parts that have levels, in place of which they show copies
005656c0	data	subtarget_saved	byte[372]	A copy of a scene object hud_subtarget picks out in red, made for each part over the last; hud_subtarget_clear reads part n at 0x00565780 plus 0x174 times n
0050c2e8	data	mp_ship_type	int	The ship type the local player flies in a network game: WinMain makes the player's ship of it and gives it to the loadout (0x004A986E, 0x004A9923), and mission_start fits the cockpit for it in a multiplayer scenario; WinMain clears it before a network game's campaign mission (0x004A9A40)
004b58d0	function	mp_script_sync	void (void)	MultiPlayerSync's work: in a network session (net_session), clears 0x00563000 and sets 0x005DCC8C, and on the host (net_session 1) sets the local player's byte of 0x005DC1F0 (player_index); nothing in single player
00566630	data	fosters_last_stand	int	Set by PlayFostersLastStand: hud_target_keys then pauses the game, the music, the voices, the 3D voices and the radio's line, plays foster_movie_name from the disc's archive (play_bink_movie_resourced), resumes it all and clears it; hud_init clears it too
00502564	data	foster_movie_name	char[11]	foster.bik, Foster's last stand, which hud_target_keys plays as fosters_last_stand asks
0055230c	data	next_jump_changes	byte[400]	What DisableObjectAtNextJump asks of each object for the next jump, by its index: 1 to set its flag 0x400 (disabled), 2 to clear it; environment_update makes the changes and clears them, and environment_effects_clear drops them
00536d58	data	debug_message		The line a debug message writes for the screen, DEBUG: and the text as PrintDebugMessage writes it, which nothing in the retail build draws
005373dc	data	debug_message_until	int	frame_start plus 500 as a debug message is written (debug_message): until when it was meant to show
0052abd0	data	debug_message_shown	short	Set as a debug message is written (debug_message), which nothing in the retail build reads
0044dd90	function	news_enter	void (void)	NEWS REPORTS opened, the ITAC's section 1: lists the items after the missions flown (news_list_build), reads inter\itac\newsrep.spr into news_pictures, chooses the latest, steps the list on as far as it goes (news_list_next), and sets the body's box: pane 1, its arrows at 0x004EB408, 258 by 210 at (34, 91), at the top of its text
0044de50	function	news_leave	void (void)	NEWS REPORTS left: frees news_pictures, where news_open, and asks for a rebuild
0044de90	function	itac_section_rebuild	void (void)	The third handler of NEWS REPORTS, VIDEO REPORTS and either side's fighters and ships, as the section is loaded: asks for a rebuild (itac_rebuild) and clears the panes (itac_panes_reset)
0044dea0	function	news_update	void (void)	NEWS REPORTS each pass: builds where itac_rebuild asks, wiping all three panes in; a press on another listed item chooses it and builds again, the list's pane left, holding the ITAC (itac_pause); the list's arrows at 0x004EB3E8 step it on and back (itac_repeat); and scrolls the body (itac_scroll_text_update)
0044df90	function	news_list_next	void (void)	Steps NEWS REPORTS' list on by one, no further than to show its last item at the foot of twelve
0044dfc0	function	news_list_previous	void (void)	Steps NEWS REPORTS' list back by one, to its first at most
0044dfe0	function	news_draw	void (float fade)	NEWS REPORTS drawn, while news_open: the chosen item's shape of news_pictures at (302, 100) with the palette of block 0, 13 or 26 by its place in the list (below 11, below 20, past) at fade; while no fade runs and no choice holds the ITAC, the body written into its pane again; then the panes (itac_panes_draw)
0044e0a0	function	news_build	void __fastcall (char wipe)	NEWS REPORTS' panes built for the item chosen, after the text sound: its title in capitals (CharUpperBuffA) at (2, 2) in pane 0, in (58, 209, 255), wiping in at (34, 77), 255 by 20; the body (news_text_draw), wiping in at (34, 101), 258 by 210; the list (news_list_draw); and where wipe, the list's pane wiping in at (470, 101), 150 by 256
0044e260	function	news_text_draw	void (void)	The chosen item's paragraphs into itac_text, \n\n between each two, written into the body's pane in (255, 146, 58) (itac_scroll_text_draw)
0044e370	function	news_list_draw	void (void)	NEWS REPORTS' list from news_list_first into pane 2: each title broken into lines of 134 at most, 11 apart, from x 10, a blank line between two, at most twelve, the chosen in (58, 209, 255) and the rest in (255, 146, 58); each a hotspot at x 474, 3 below its text, 140 wide
0044e490	function	news_list_build	void (void)	Links onto news_list each of news_items whose mission is below mission_number, in order
004eb0e8	data	news_items	byte[768]	NEWS REPORTS' 24 items of 0x20 bytes: the links news_list threads them on, the string of the title at +0x0C, up to five paragraphs' strings from +0x0E ended by -1, the picture's shape at +0x18, and at +0x1C the mission after which it is listed
004eb3e8	data	news_list_arrows	short[8]	NEWS REPORTS' list's two arrows, each x, y, width and height
004eb408	data	news_text_arrows	short[8]	NEWS REPORTS' body's two arrows, each x, y, width and height
004eb418	data	news_pictures_name	char[23]	inter\itac\newsrep.spr, NEWS REPORTS' pictures
00524d78	data	news_selected	int	The NEWS REPORTS item chosen, by its place in news_list; -1 for none
00524d80	data	news_hotspots	short[48]	NEWS REPORTS' listed items' hotspots, each x, y, width and height
00524e40	data	news_list	void *	The news items listed, threaded on their own links (news_list_build)
00524e44	data	news_hotspot_count	int	How many of news_hotspots the list has laid out
00524e48	data	news_box	byte[36]	NEWS REPORTS' body's scrolling box
00524e6c	data	news_pictures	void *	inter\itac\newsrep.spr, while NEWS REPORTS is open
00524e70	data	news_list_first	int	The place of the first item NEWS REPORTS' list shows
00524e74	data	news_open	byte	Set while NEWS REPORTS is open, its pictures read
00450540	function	video_reports_enter	void (void)	VIDEO REPORTS opened, the ITAC's section 2: chooses the first report, starts the list from its first, sets the body's box (pane 0, its arrows at video_reports_text_arrows, at (34, 103), 258 by 156, text drawn by video_reports_text_draw), lists the reports whose mission is below mission_number (dynamiclist_append onto video_reports_list), and reads inter\itac\vidrep.spr into video_reports_pictures
00450600	function	video_reports_leave	void (void)	VIDEO REPORTS left: frees video_reports_pictures, where video_reports_open
00450630	function	video_reports_update	void (void)	VIDEO REPORTS each pass: builds where itac_rebuild asks, wiping all three panes in; a press on another listed report chooses it and builds again, holding the ITAC (itac_pause); the list's arrows step it back to 0 at most, or on to its count less those shown less one, which is -1 where all show (itac_repeat); a press on the play button plays the chosen report (video_reports_play); then the body scrolls (itac_scroll_text_update)
00450760	function	video_reports_draw	void (float fade)	VIDEO REPORTS drawn, while video_reports_open: the film strip, shape 0x23 at (297, 97), and the chosen report's still drawn at the top left of a buffer 116 by 91 that is never cleared, with block 0x1A's palette (block 0's for shapes 25 and below) at fade; rows 64 to 89 of the buffer copied to (317, 96), all of it to (317, 130), and rows 0 to 25 to (317, 228); then the panes (itac_panes_draw). Its memory names videoreports.cpp
004508d0	function	video_reports_build	void __fastcall (char wipe)	VIDEO REPORTS' panes built for the report chosen, after the text sound: its title in capitals (CharUpperBuffA) at (2, 2) in pane 2, in (58, 209, 255), wiping in at (34, 77), 258 by 20; the body (video_reports_text_draw), wiping in at (34, 101), 258 by 165; the list (video_reports_list_draw); and where wipe, the list's pane wiping in at (470, 104), 150 by 246
00450a90	function	video_reports_text_draw	void (void)	The chosen report's paragraphs, two at most and ended early by 9, into itac_text with \n\n between them, written into the body's pane in (255, 146, 58) (itac_scroll_text_draw); reads video_reports_items at video_reports_selected rather than the list
00450ba0	function	video_reports_list_draw	void (void)	VIDEO REPORTS' list from video_reports_list_first into pane 1: each title broken into lines of 134 at most, 11 apart, from (10, 1), a blank line between two, at most eleven, the one at video_reports_selected less video_reports_list_first in (58, 209, 255) and the rest in (255, 146, 58); each a hotspot at x 474, level with its text, 140 wide
00450cc0	function	video_reports_play	void (void)	VIDEO REPORTS' play button: waits for the left button to come up, pumping the messages (message_pump), then asks the ITAC to play the chosen report (itac_video_request)
004ee5b0	data	video_reports_items	byte[456]	VIDEO REPORTS' six reports of 0x4C bytes: the links video_reports_list threads them on, the string of the title at +0x0C, two paragraphs' strings from +0x0E ended early by 9, the still's shape at +0x12, at +0x14 the mission after which it is listed, the movie's name at +0x18, and at +0x4A the part of the campaign it comes from, 1 the Reliant's and 2 the Yamato's, whose disc the ITAC opens to play it
004ee778	data	video_reports_text_arrows	short[8]	VIDEO REPORTS' body's two arrows, each x, y, width and height
004ee788	data	video_reports_play_button	short[4]	VIDEO REPORTS' play button: x, y, width and height
004ee790	data	video_reports_list_arrows	short[8]	VIDEO REPORTS' list's two arrows, each x, y, width and height
004ee7a0	data	video_reports_pictures_name	char[22]	inter\itac\vidrep.spr, VIDEO REPORTS' stills
00525108	data	video_reports_open	byte	Set while VIDEO REPORTS is open, its stills read
0052510c	data	video_reports_list	void *	The video reports listed, threaded on their own links (video_reports_enter)
00525110	data	video_reports_hotspots	short[44]	VIDEO REPORTS' listed reports' hotspots, each x, y, width and height
005251b0	data	video_reports_box	byte[36]	VIDEO REPORTS' body's scrolling box
005251d4	data	video_reports_selected	int	The VIDEO REPORTS report chosen, by its place in video_reports_list
005251d8	data	video_reports_hotspot_count	int	How many of video_reports_hotspots the list has laid out
005251e0	data	video_reports_list_first	int	The place of the first report VIDEO REPORTS' list shows; -1 once its arrow steps it on with every report shown
005251e4	data	video_reports_pictures	void *	inter\itac\vidrep.spr, while VIDEO REPORTS is open
00425910	function	fighters_enter	void (void)	The fighters of either side opened, the ITAC's section 3: the first chosen, the bars of both sides' fighters worked out (loadout_ship_bars_init), the Alliance's listed (fighters_list_build), and inter\itac\fighters.spr read into fighters_pictures
00425960	function	fighters_leave	void (void)	The fighters left: frees fighters_pictures, where fighters_open
00425980	function	fighters_update	void (void)	The fighters each pass: builds where itac_rebuild asks; clears itac_more; a press on the other side's button at fighters_side_buttons plays sound 8, lists that side and builds again; a press on another listed fighter chooses it and builds again, holding the ITAC (itac_pause)
00425a70	function	fighters_draw	void (float fade)	The fighters drawn, while fighters_open: the chosen fighter's picture of fighters_pictures at (91, 65) with the palette of the last block before its shape (0, 5, 10, 15, 17, 22 or 27) at fade, where it has one; the side's emblem (itac_side_emblems) with itacgfx.spr's block 23 at fade; then the panes (itac_panes_draw)
00425b70	function	fighters_build	void __fastcall (char wipe)	The fighters' panes built for the fighter chosen, after the text sound: its name and armament (fighters_armament_draw); its figures in pane 1 at (33, 252), 200 by 138: Type, Clearance on the Alliance's side, and its bars, labels in (255, 189, 130) at x 2 and values right-aligned at x 199, 15 apart; the list (fighters_list_draw); and where wipe, the list's pane wiping in at (474, 146), 146 by 218
00426030	function	fighters_armament_draw	void (void)	The chosen fighter's name in capitals (CharUpperBuffA) in pane 0 at (32, 80), and in pane 2 at (253, 252) its afterburner fuel in secs, ARMAMENT with a gun a row, a count before each that has one, Crew, and its special abilities joined by commas in a paragraph below
00426490	function	fighters_list_draw	void (void)	The fighters' list from fighters_list_first into pane 3: each name broken into lines of 126 at most, 11 apart, from (10, 2), 6 below the last, the chosen in (58, 209, 255) and the rest in (255, 146, 58); each a hotspot at x 474, level with its text, 140 wide and 4 taller than its lines
004265b0	function	fighters_list_build	void __fastcall (short side)	Links onto fighters_list every fighter of side: loadout_alliance_ships for the Alliance, loadout_coalition_ships for the Coalition
004e5460	data	fighters_side_buttons	short[8]	The fighters' two buttons that choose the side, the Alliance's at x 551 and the Coalition's at x 478, each x, y, width and height
004e5a04	data	fighters_pictures_name	char[24]	inter\itac\fighters.spr, the fighters' pictures
0051d388	data	fighters_pictures	void *	inter\itac\fighters.spr, while the fighters are open
0051d394	data	fighters_list_first	int	The place of the first fighter the list shows, always 0
0051d398	data	fighters_selected	int	The fighter chosen, by its place in fighters_list
0051d3c0	data	fighters_hotspots	short[48]	The fighters' listed hotspots, each x, y, width and height
0051d428	data	fighters_hotspot_count	int	How many of fighters_hotspots the list has laid out
0051d434	data	fighters_list	void *	The side's fighters, threaded on their own links (fighters_list_build)
0051d448	data	fighters_open	byte	Set while the fighters are open, their pictures read
004e96c4	data	itac_side_emblems	short[2]	The shapes of itacgfx.spr the sided sections draw for the Alliance and the Coalition over their buttons
004e96c8	data	itac_button_sides	short[2]	The side each of a sided section's two buttons shows: 0 the Alliance, 1 the Coalition
004e96cc	data	itac_side_emblem_x	short[2]	Where each side's emblem stands across: 551 and 478
004e96d0	data	itac_side_emblem_y	short[2]	Where each side's emblem stands down: 59
00423870	function	ships_enter	void (void)	The capital ships of either side opened, the ITAC's section 4: the first chosen, the list from its first, itac_text_top 0, the description's box (ships_box: pane 2, arrows at ships_text_arrows, at (255, 88), 207 by 94, at scroll 0, text drawn by ships_text_draw), inter\itac\capships.spr read into ships_pictures, and the Alliance's listed (ships_list_build)
00423910	function	ships_leave	void (void)	The capital ships left: frees ships_pictures, where ships_open
00423930	function	ships_update	void (void)	The capital ships each pass: builds where itac_rebuild asks; a press on the other side's button at ships_side_buttons plays sound 8, lists that side from its first with the first chosen and the description at scroll 0, and builds again; a press on another listed ship chooses it, its description at scroll 0, and builds again, holding the ITAC (itac_pause); on either side the list's arrows at ships_list_arrows step it on, no further than to leave 13, and back (itac_repeat); then the description scrolls (itac_scroll_text_update)
00423ac0	function	ships_draw	void (float fade)	The capital ships drawn, while ships_open: the chosen ship's picture of ships_pictures at (57, 234) with the palette of the last block before its shape, every third from 0 to 54, at fade, where it has one; a shape that is a palette's block or past 56 would take the bits of fade as its palette's block; the side's emblem; then the panes (itac_panes_draw)
00423cb0	function	ships_build	void __fastcall (char wipe)	The capital ships' panes built for the ship chosen, after the text sound: the description (ships_text_draw); panes 1 and 2 wiping in at (255, 81), 215 by 24, and (255, 103), 207 by 88; in pane 0 at (33, 80), 200 by 138, the name in capitals (CharUpperBuffA) at (2, 2), then Commissioned, Type, Displacement, Propulsion, Spacecraft, Armament and Crew from y 24, 15 apart, values right-aligned at x 199; the list (ships_list_draw); and where wipe, the list's pane wiping in at (474, 140), 146 by 220
00424130	function	ships_text_draw	void (void)	PROFILE in pane 1 at (2, 2), and the chosen ship's description into its box, the Reliant's (string 0x578) and the Yamato's (0x5A8) with strings 0x78D and 0x78A after them in itac_text (itac_scroll_text_draw)
004242e0	function	ships_list_draw	void (void)	The capital ships' list from ships_list_first into pane 3: each name broken into lines of 126 at most, 11 apart, from (10, 2), 6 below the last, until one ends past 210, the chosen in (58, 209, 255) and the rest in (255, 146, 58); each a hotspot at x 474, 140 wide and 4 taller than its lines
00424410	function	ships_list_build	void __fastcall (short side)	Links onto ships_list every capital ship of side: ships_alliance for the Alliance, ships_coalition for the Coalition
004e42c0	data	ships_alliance	byte[672]	The Alliance's 21 capital ships of 0x20 bytes: the links ships_list threads them on, then the strings of the name, when it was commissioned, the type, displacement, propulsion, spacecraft and armament, the crew, the description's string and the picture's shape
004e4560	data	ships_coalition	byte[864]	The Coalition's 27 capital ships, laid out as ships_alliance's
004e48c0	data	ships_list_arrows	short[8]	The capital ships' list's two arrows, each x, y, width and height
004e48d0	data	ships_text_arrows	short[8]	The capital ships' description's two arrows, each x, y, width and height; the second overlaps the first
004e48e0	data	ships_side_buttons	short[8]	The capital ships' two buttons that choose the side, the Alliance's at x 551 and the Coalition's at x 478, each x, y, width and height
004e48f0	data	ships_pictures_name	char[24]	inter\itac\capships.spr, the capital ships' pictures
0051d238	data	ships_list_first	int	The place of the first capital ship the list shows
0051d23c	data	ships_selected	int	The capital ship chosen, by its place in ships_list
0051d240	data	ships_box	byte[36]	The capital ships' description's scrolling box
0051d264	data	ships_pictures	void *	inter\itac\capships.spr, while the capital ships are open
0051d268	data	ships_hotspots	short[52]	The capital ships' listed hotspots, each x, y, width and height
0051d2d0	data	ships_hotspot_count	int	How many of ships_hotspots the list has laid out
0051d2d4	data	ships_list	void *	The side's capital ships listed, threaded on their own links (ships_list_build)
0051d2d8	data	ships_open	byte	Set while the capital ships are open, their pictures read
0044faa0	function	squadrons_enter	void (void)	The squadrons of either side opened, the ITAC's section 5: the first chosen, the list from its first, the history's box (squadrons_box: pane 1, arrows at squadrons_text_arrows, at (235, 82), 229 by 116, text drawn by squadrons_text_draw), the Alliance's listed (squadrons_list_build), and inter\itac\squads.spr read into squadrons_pictures
0044fb40	function	squadrons_leave	void (void)	The squadrons left: frees squadrons_pictures, where squadrons_open
0044fb60	function	squadrons_loaded	void (void)	The squadrons loaded: the Alliance's side, a rebuild asked for, and the panes cleared (itac_panes_reset)
0044fb80	function	squadrons_update	void (void)	The squadrons each pass: builds where itac_rebuild asks; a press on another listed squadron chooses it, its history at scroll 0, and builds again, holding the ITAC (itac_pause); on the Alliance's side the list's arrows at squadrons_list_arrows step it on, no further than to leave 13, and back (itac_repeat); a press on the other side's button plays sound 8, lists that side and builds again; then the history scrolls (itac_scroll_text_update)
0044fd10	function	squadrons_draw	void (float fade)	The squadrons drawn, while squadrons_open: the picture of the record selected places past the list's first in memory, with the palette its record names, at (80, 263) at fade, which past a squadron the list leaves out is one before the chosen; the side's emblem; then the panes (itac_panes_draw)
0044fde0	function	squadrons_build	void __fastcall (char wipe)	The squadrons' panes built for the squadron chosen, after the text sound: the history (squadrons_text_draw); in pane 0 at (32, 79), 185 by 140, the name in capitals broken into lines of 181, then Class, Leader, Base and Nation 28 apart from a blank line below it, values right-aligned at x 177; the list (squadrons_list_draw); panes 1 and 2 wiping in; and where wipe, the list's pane wiping in at (472, 136), 147 by 223
00450180	function	squadrons_text_draw	void (void)	PROFILE in pane 2 at (235, 80), and the chosen squadron's history into its box, after mission 6 for the 705 Cobras with the inquiry (string 0x218) after it (itac_scroll_text_draw)
00450310	function	squadrons_list_draw	void (float fade)	The squadrons' list from squadrons_list_first into pane 3: each name broken into lines of 126 at most, 11 apart, from (10, 2), 6 below the last, until one ends past 220, the chosen in (58, 209, 255) and the rest in (255, 146, 58) at fade; each a hotspot at x 472, 147 wide and 4 taller than its lines
00450440	function	squadrons_list_build	void __fastcall (short side)	Links onto squadrons_list the Coalition's squadrons, or the Alliance's but the 45th Volunteers from mission 13, the 45th Flying Tigers before it and the 51st Volunteers after mission 9
004ebce0	data	squadrons_list_arrows	short[8]	The squadrons' list's two arrows, each x, y, width and height
004ebcf0	data	squadrons_text_arrows	short[8]	The squadrons' history's two arrows, each x, y, width and height
004ebd00	data	squadrons_side_buttons	short[8]	The squadrons' two buttons that choose the side, each x, y, width and height
004ebd10	data	squadrons_alliance	byte[532]	The Alliance's 19 squadrons of 0x1C bytes: the links squadrons_list threads them on, then the strings of the name, class, leader, base, nation and history, the picture's shape and its palette's block
004ebf28	data	squadrons_coalition	byte[224]	The Coalition's 8 squadrons, laid out as squadrons_alliance's
004ec008	data	squadrons_pictures_name	char[22]	inter\itac\squads.spr, the squadrons' pictures
00525028	data	squadrons_list_first	int	The place of the first squadron the list shows
0052502c	data	squadrons_pictures	void *	inter\itac\squads.spr, while the squadrons are open
00525030	data	squadrons_hotspot_count	int	How many of squadrons_hotspots the list has laid out
00525038	data	squadrons_box	byte[36]	The squadrons' history's scrolling box
0052505c	data	squadrons_list	void *	The side's squadrons listed, threaded on their own links (squadrons_list_build)
00525060	data	squadrons_hotspots	short[76]	The squadrons' listed hotspots, each x, y, width and height
00525100	data	squadrons_selected	int	The squadron chosen, by its place in squadrons_list
00525104	data	squadrons_open	byte	Set while the squadrons are open, their pictures read
0044e4c0	function	personnel_enter	void (void)	The personnel of either side opened, the ITAC's section 6: the first chosen, the Alliance's listed (personnel_list_build), and inter\itac\persons.spr read into personnel_pictures; personnel_list_first stays where it was
0044e500	function	personnel_leave	void (void)	The personnel left: frees personnel_pictures, where personnel_open
0044e520	function	personnel_loaded	void (void)	The personnel loaded: the profile's box (personnel_box: pane 1, arrows at personnel_text_arrows, at (35, 258), 405 by 60, text drawn by personnel_text_draw), a rebuild asked for, and the panes cleared (itac_panes_reset)
0044e590	function	personnel_update	void (void)	The personnel each pass: builds where itac_rebuild asks; a press on the other side's button plays sound 8, lists that side from its first and builds again; a press on another listed person chooses them and builds again, holding the ITAC (itac_pause); on the Alliance's side the list's arrows step it on, no further than to leave 13, and back (itac_repeat); then the profile scrolls (itac_scroll_text_update)
0044e720	function	personnel_draw	void (float fade)	The personnel drawn, while personnel_open: the chosen person's portrait at (296, 76) with the palette of the last block before its shape (0, 9, 18, 24, 33 or 35; past 41 the bits of fade) at fade; the side's emblem; then the panes (itac_panes_draw)
0044e830	function	personnel_list_draw	void (void)	The personnel's list from personnel_list_first into pane 2: each name broken into lines of 126 at most, 11 apart, from (10, 2), 6 below the last, until one ends past 218, the chosen in (58, 209, 255); each a hotspot at x 474, 140 wide and 4 taller than its lines
0044e960	function	personnel_row_draw	int __fastcall (void *pane, int x, int y, char *label, char *value)	Writes label at (x, y) in (255, 189, 130), where there is one, and value right-aligned at x 224 in (255, 146, 58); the y of the next row, 26 below
0044e9f0	function	personnel_list_build	void __fastcall (int side)	Links onto personnel_list the side's personnel in their table's order, the first and then each from the last back inserted after it
0044ea50	function	personnel_build	void __fastcall (char wipe)	The personnel's panes built for the person chosen, after the text sound: in pane 0 at (34, 77), 225 by 144, the name in capitals (CharUpperBuffA) and the rows of Age and Nationality, and of Ship and Callsign where the person has them (personnel_row_draw); the profile (personnel_text_draw); panes 1 and 3 wiping in; the list (personnel_list_draw); and where wipe, the list's pane wiping in at (474, 138), 146 by 218
0044ed00	function	personnel_text_draw	void (void)	PROFILE in pane 3 at (35, 244), and the chosen person's Military History, Training and Background into the box, each heading on a line of its own above its text, a blank line between two (itac_scroll_text_draw)
004eb430	data	personnel_alliance	byte[960]	The Alliance's 30 personnel of 0x20 bytes: the links personnel_list threads them on, then the strings of the name, nationality, age, ship and call sign (0 for none), military history, training and background, a halfword never read, and the portrait's shape
004eb7f0	data	personnel_coalition	byte[192]	The Coalition's 6 personnel, laid out as personnel_alliance's
004eb8b0	data	personnel_side_buttons	short[8]	The personnel's two buttons that choose the side, each x, y, width and height
004eb8c0	data	personnel_text_arrows	short[8]	The personnel's profile's two arrows, each x, y, width and height
004eb8d0	data	personnel_list_arrows	short[8]	The personnel's list's two arrows, each x, y, width and height
004eb8e0	data	personnel_pictures_name	char[23]	inter\itac\persons.spr, the personnel's portraits
00524e78	data	personnel_hotspot_count	int	How many of personnel_hotspots the list has laid out
00524e7c	data	personnel_pictures	void *	inter\itac\persons.spr, while the personnel are open
00524e80	data	personnel_hotspots	short[120]	The personnel's listed hotspots, each x, y, width and height
00524fa0	data	personnel_box	byte[36]	The personnel's profile's scrolling box
00524fc4	data	personnel_list_first	int	The place of the first person the list shows, which only choosing the side resets
00524fc8	data	personnel_selected	int	The person chosen, by their place in personnel_list
00524fcc	data	personnel_list	void *	The side's personnel, threaded on their own links (personnel_list_build)
00524fd0	data	personnel_open	byte	Set while the personnel are open, their portraits read
00441100	function	killboard_enter	void (void)	The KILLBOARD opened, the ITAC's section 7: the player's record (killboard_player) with the call sign, the kills of the campaign (skull_count) and portrait 1 for a female pilot or 2, the board from its first, the pilots' kills (killboard_kills), the board listed (killboard_list_build), and inter\itac\kills.spr read into killboard_pictures
00441190	function	killboard_leave	void (void)	The KILLBOARD left, where killboard_open: unlinks the board; never frees killboard_pictures
004411c0	function	killboard_loaded	void (void)	The KILLBOARD loaded: sound 5, a frame drawn and kept in itac_backdrop for the panes, a rebuild asked for, the panes cleared, and the board built, wiping in (killboard_build)
00441280	function	killboard_update	void (void)	The KILLBOARD each pass: clears itac_more; its arrows at killboard_arrows step the board on, as far as its last five, and back, building it again (itac_repeat)
00441300	function	killboard_draw	void (float fade)	The KILLBOARD drawn, while killboard_open: its pane (itac_panes_draw)
00441320	function	killboard_list_build	void (void)	Links onto killboard_list the pilots still on the board at mission_number, then the player, and sorts them by their kills, most first, those with as many in their order; counts them in killboard_count
00441540	function	killboard_build	void __fastcall (char wipe)	The board in pane 0 at (30, 72), 593 by 295: PILOTS, SHIP and TOTAL KILLS in (58, 209, 255), then five rows from killboard_first, 55 apart, each with the name, the squadron or the player's call sign and squadron, the 45th Flying Tigers from mission 14, the ship and the kills, the place in itacbig.fnt, and the portrait with block 0's palette for the 45th's and block 6's for the rest; where wipe, the pane wiping in
004e9a08	data	killboard_pilots	byte[2204]	The KILLBOARD's 19 pilots of 0x74 bytes: the links killboard_list threads them on, the strings of the name and the squadron, room for the player's call sign, the string of the ship, the kills to start with, the kills, the mean and the spread of a mission's draw, and the portrait's shape
004ea2a8	data	killboard_arrows	short[8]	The KILLBOARD's two arrows, each x, y, width and height
004ea2b8	data	killboard_pictures_name	char[21]	inter\itac\kills.spr, the KILLBOARD's portraits
005231d0	data	killboard_count	int	How many entries the KILLBOARD lists, the player's among them
00523698	data	killboard_player	byte[116]	The player's record on the KILLBOARD, laid out as killboard_pilots': no name or squadron string, the call sign at +0x10, the kills of the campaign, and the portrait
0052370c	data	killboard_pictures	void *	inter\itac\kills.spr, from the KILLBOARD's opening on
00523710	data	killboard_list	void *	The KILLBOARD's entries, best first (killboard_list_build)
00523714	data	killboard_first	int	The place of the first entry the KILLBOARD shows
00523718	data	killboard_open	byte	Set while the KILLBOARD is open
00440ed0	function	tooltip_box_draw	void __fastcall (void *pane, int x0, int y0, int x1, int y1, char filled, byte colour)	A box from (x0, y0) to (x1, y1) in colour: filled, the lines from y0 to y1 less one, or its four edges
004e9388	data	itac_tooltips	byte[144]	The ITAC's nine tooltips of 0x10 bytes, one for each button: its rectangle, whether it shows, the tick it is due at and its string, from View Debriefings to Exit ITAC; itac_tooltips_add reads a tenth past them
00520310	data	tooltip_font	void *	newfont.fnt, the tooltips' font (tooltips_init)
00520368	data	tooltips	void *[30]	The tooltips added (tooltip_add), at most 30
005202f8	data	tooltip_last_shown	int	The game tick a tooltip last showed (tooltip_draw)
005203e0	data	tooltips_language	int	Set where the tooltips' strings are the game's (language_string) rather than the ITAC's (tooltips_init)
005203ec	data	tooltip_current	int	The tooltip the pointer rests on; -1 for none
005207d8	data	tooltip_x	int	Where the tooltip shows across, which follows the pointer until it is due
005207dc	data	tooltip_y	int	Where the tooltip shows down: 38 below the pointer, or 19 above it where that would pass 450
00523098	data	tooltip_remap	byte[256]	The colours the tooltips' font is drawn in: each its own, but 0 and 0xFF as 2, 0x51 as 100 and 0x69 as 96 of itacgfx.spr's block 29
005231b4	data	tooltip_count	int	How many tooltips tooltip_add has added
0040ba40	function	dark_reign_shoot_nearest	bool __fastcall (int slot, OrderEntry *entry)	Dark Reign shoot's walk: a ship the Dark Reign can aim at that is neither fully invulnerable nor cloaked, nearer to it than the nearest so far by where both will be next, becomes the nearest; never ends the walk
0040cfb0	function	ion_cannons_init	void (void)	Requires the ion cannons' textures, laser2, ionc, laser3 and warpin3, as mission_load loads a mission, and lets Moose warn the player again
0040e7a0	function	ion_cannon_record_alloc	int __fastcall (int slot)	The ion cannon's record, always the first: three rays and three lights for the Boridin, else four rays and five lights, each light an Ioncannon Light, white, intensity 9 and range 2000; returns its index, 0
0040e8a0	function	ion_cannon_record_free	void (void)	Lets the ion cannon's record's lights, rays, rings, beam, glow and laser go
0040e970	function	ion_cannon_laser_aim	void __fastcall (void *record, ModelNode *focus, int target, float charge)	Turns the ion cannon's targeting laser toward its target, red as bright as the charge, reaching out to the target over the first 0.3 of the charge, and adds it to the scene
005185c8	data	ion_cannon_record		The ion cannon's one record, 0x60 bytes: the beam, the glow, the laser, five rings, four rays and their count, five lights and their count, where the beam leaves in the focus's frame, the turn and the tick it began
005185bc	data	ion_cannon_last_light	int	The last of the ion cannon's lights to come on as it powers up; -1 for none
005185c4	data	ion_cannon_warned_until	int	The tick before which Moose doesn't warn the player again that an ion cannon charges at the player's ship
00518628	data	ion_cannon_laser_texture	void *	The ion cannon's targeting laser's texture, laser2
005185b8	data	ion_cannon_glow_texture	void *	The ion cannon's barrel glow's texture, ionc
00518630	data	ion_cannon_beam_texture	void *	The texture of the ion cannon's beam's first strand, laser3
00518634	data	ion_cannon_ring_texture	void *	The ion cannon's rings' texture, warpin3
004e1c04	data	ion_cannon_step_ticks	int[8]	How many ticks each step of Dark reign shoot (110) lasts: 0, 0, 300, 300, 150, 200, 100, 0
004e1c24	data	ion_cannon_searching	int	The ticks the ion cannon has searched for its lock; it gives up past 2500 before its glow step
004e1c28	data	ion_cannon_step_copy	int	The step of the ion cannon's last update, which nothing reads
0051862c	data	ion_cannon_lost_target	int	The ship whose lock the ion cannon last lost to its reach or its nearness, which nothing reads
00518638	data	ion_cannon_lost_until	int	The tick 200 or 50 after the ion cannon last lost its lock to reach or nearness, which nothing reads
00457630	function	editor_link_open	int (void)	Makes the editor link: the named block FileMappingObject (editor_link_create), a view of it (editor_link_map), and both message counts zeroed and flushed; a view that can't be mapped stops the game (fatal_error). Never lets go of the view. Returns the block
00457670	function	editor_link_check	int __fastcall (void *view)	From mission_script_start only: opens the link on first use, maps a view of its own where given none, as it always is, and never lets it go; reads the editor's messages (editor_link_read) and takes the editor as there, or counts a miss (editor_link_misses) and on the 513th takes it as gone (editor_absent); while there, at a vm_clock multiple of 5 with nothing held, sends tag 0x1B with vm_first_finished
00457730	function	editor_link_read		Acts on each message waiting from the editor, by its tag (0x00 to 0x17; above, fatal_error), counting the editor's count down to 0, then flushes; reads nothing while the block's byte at +4 is 0. Returns whether it read any
00457a20	function	editor_link_send		Sends a message to the editor (editor_link_post into the game's outbox at +0x40108, its payloads at +0x40208), mapping a view for it where it holds none; does nothing with no link
00457a80	function	editor_link_post		Posts a message into an outbox: an 8-byte entry (tag, size, offset) after the last waiting, its payload after the last payload; with its sixth argument set, a tag already waiting is left out, which the game's own sends never set. An empty outbox sets the block's byte at +4. Flushes after the count, the entry and the payload
00457b90	function	editor_link_create	int (void)	CreateFileMappingA(INVALID_HANDLE_VALUE, NULL, PAGE_READWRITE, 0, 0xD4A08, FileMappingObject), which opens the editor's block where the editor made it first
00457bb0	function	editor_link_map	void * __fastcall (int block)	MapViewOfFile(block, FILE_MAP_ALL_ACCESS, 0, 0, 0)
00457be0	function	editor_link_flush	void __fastcall (void *at, int size)	FlushViewOfFile
004520a0	function	editor_ships_place		The editor's tag 0x00: each mission ship's runtime_position, runtime_yaw, runtime_pitch and runtime_roll from the ships the editor keeps at +0x80208 in the block, 0x4C bytes each: the place from a record's +0x08, the angles from its halfwords at +0x20, +0x2C and +0x3C
0045a6d0	function	editor_ship_move		The editor's tag 0x01: places the object of the mission ship whose object_id it names at the place it gives (object_place)
0045a730	function	editor_table_counts		The editor's tag 0x02: sets the counts of the mission's tables from the 50 halfwords it sends, one for each entry of editor_tables that has a count's address, keeping vm_timer_count as it was
0045a770	function	editor_table_copy		Copies a message's payload over a table of the loaded mission, the table's count times its record's size: the editor's tags 0x03 to 0x05 and 0x07 to 0x0E
0045ad80	function	editor_ships_copy		The editor's tag 0x06: each mission ship's object_id, name with the halfword after it, flight_group, kind, launch_from to launch_gate, formation_point with the halfword after it, marker_curve with the two bytes after it, and marker_at from the ships table it sends
0045a800	function	editor_ship_remove		The editor's tag 0x11: retires the object of the mission ship it sends (ship_index, object_retire)
0045a820	function	editor_ship_remake		The editor's tag 0x12: retires the object of the mission ship it sends and makes it again from that record (mission_ship_create)
0045a850	function	editor_view_ship		The editor's tag 0x14: where the mission ship it names by index has an object, places the player's ship four of the object's radii back from the ship's runtime place along the world's Z axis, looking at it
0045a900	function	editor_run_control		The editor's tag 0x15, by its first u32: 0 sets editor_paused from the second; 1, 2 and 3 release the script (vm_hold to -1) and set vm_step_mode to that value, 1 only while held; 4 runs the part the second names by its index (part_run)
004575c0	function	vm_starts_statement	bool __fastcall (int opcode)	Whether an opcode starts a statement, which a step stops before: 0x16 to 0x1A, 0x21 to 0x25, 0x37 to 0x3A, 0x4A, 0x4D and 0x4E
004f0f3c	data	editor_link_name	char[18]	FileMappingObject, the name of the block the editor link shares
0052a1dc	data	editor_link_block	int	The editor link's block, which the first editor_link_check makes; 0 before
0052a1d4	data	editor_link_misses	ushort	Checks in a row that found no message from the editor; on the 513th the editor is taken as gone
004f634c	data	editor_absent	bool	Set while no editor is linked: the game sends nothing, and vm_run neither stops at breakpoints nor steps. WinMain and mission_script_start set it; a check that reads a message clears it, and the 513th miss in a row sets it again. While it is clear, a hold makes mission_frame leave out its work and timer_callback pass over the script clock, and window_suspend leaves the window as it is
0052a1d8	data	editor_picked_ship	int	The mission ship the editor picks (tag 0x16), as a pointer into mission_ships; nothing reads it
005373f8	data	vm_hold	char	The editor's hold on the script: -1 released, 0 none, 1 held at a breakpoint or a step; while held, vm_clock_tick leaves the clock alone and the timer passes over the script clock's routine
00537582	data	vm_step_mode	char	What the editor's last release asked for (editor_run_control): -1 none, 1 run on, 2 stop before the next statement, 3 step over
00537581	data	editor_paused	bool	Set by the editor's tag 0x15, command 0: mission_frame leaves out its work and the timer runs none of its routines
00537414	data	vm_step_returned	bool	Set as a return happens (vm_return), which ends a step over at the next statement
005270e4	data	editor_unused	char[32]	The 32 bytes the editor's tag 0x17 writes, which nothing reads
0045a7b0	function	editor_timer_parts		The editor's tag 0x10: renumbers each script timer's part (index_renumber, mode 0) as parts are added or removed: the payload's first word is the first part that changed, and its halfword at +4 how many were added, or removed where negative
00451440	function	index_renumber		Renumbers an index kept 1, 2 or 4 bytes wide, for records added or removed at a place: an index before the place stays; where records are removed, the index of the place itself becomes none (mode 0, index_set_none) or the change (mode 1); the others move by the change (index_shift), except in mode 1; mode 3 moves a record instead (index_move)
004514b0	function	index_move		Renumbers an index for a record moved from one place to another: the record's own index becomes the new place, and those between move one toward the old (index_shift)
00451510	function	index_set_none		Sets an index 1, 2 or 4 bytes wide to none, all ones
00451540	function	index_set		Sets an index 1, 2 or 4 bytes wide to a value; 4 bytes wide, only its low halfword
00451570	function	index_shift		Moves an index 1, 2 or 4 bytes wide on by a change, unless it is none; 4 bytes wide, only its low halfword
004513f0	function	reference_renumber		Unverified: renumbers a reference whose high halfword is the one given, by its low halfword, or with its last argument set its low 12 bits (index_renumber)
00451390	function	align4	uint __fastcall (uint size)	Rounds a size up to a multiple of 4
00457b70	function	script_flags_size	uint (void)	The script flags' size as the editor's tag 0x09 copies them: a byte for each of the script's bytes, rounded up to a multiple of 4 (align4)
00457bd0	function	editor_link_unmap	void __fastcall (void *view)	UnmapViewOfFile, for a view editor_link_send mapped for itself
004579bc	data	editor_link_cases	void *[24]	editor_link_read's jump table: where it handles each tag from the editor, 0x00 to 0x17
0045a95c	data	run_control_cases	void *[5]	editor_run_control's jump table, by its command, 0 to 4
004575e4	data	vm_starts_statement_cases	void *[2]	vm_starts_statement's two answers: true, then false
004575ec	data	vm_starts_statement_index	byte[57]	For each opcode from 0x16 to 0x4E, which of vm_starts_statement_cases answers it
004ee970	data	editor_tables	uint[200]	The tables the editor's tag 0x02 sets the counts of, 16 bytes each: the table's address, its record's size and its capacity (halfwords), its count's address, and a word that is 1 in each entry used (Unknown). Only the ships, the flight groups, the objects, the triggers and the parts have a count's address; a sixth entry names 0x00525700, with records of 0x34 bytes and no count
004a6f80	function	timer_callback	void __stdcall (uint id, uint message, uint user, uint unused1, uint unused2)	The multimedia timers' callback for each timer timer_start starts: runs the timer's routine and counts it, under the timer's lock in mode 0; none while window_suspended or editor_paused is set, nor the script clock's (vm_clock_timer) while vm_hold is above 0 with an editor linked
0052a1e4	data	vm_clock_timer	void *	The timer vm_clock_start starts for vm_clock_tick, which timer_callback passes over while the editor holds the script
